solid OpenSCAD_Model
  facet normal 0 0 1
    outer loop
      vertex 79 21 41
      vertex 77.35 14 41
      vertex 79 5 41
    endloop
  endfacet
  facet normal 0 0 1
    outer loop
      vertex 79 21 41
      vertex 77.3459 14.0833 41
      vertex 77.35 14 41
    endloop
  endfacet
  facet normal 0 0 1
    outer loop
      vertex 79 21 41
      vertex 77.3337 14.1658 41
      vertex 77.3459 14.0833 41
    endloop
  endfacet
  facet normal 0 0 1
    outer loop
      vertex 79 21 41
      vertex 77.3134 14.2467 41
      vertex 77.3337 14.1658 41
    endloop
  endfacet
  facet normal 0 0 1
    outer loop
      vertex 79 21 41
      vertex 77.2853 14.3253 41
      vertex 77.3134 14.2467 41
    endloop
  endfacet
  facet normal 0 0 1
    outer loop
      vertex 79 21 41
      vertex 77.2496 14.4007 41
      vertex 77.2853 14.3253 41
    endloop
  endfacet
  facet normal 0 0 1
    outer loop
      vertex 79 21 41
      vertex 77.2067 14.4722 41
      vertex 77.2496 14.4007 41
    endloop
  endfacet
  facet normal 0 0 1
    outer loop
      vertex 79 21 41
      vertex 77.1571 14.5392 41
      vertex 77.2067 14.4722 41
    endloop
  endfacet
  facet normal 0 0 1
    outer loop
      vertex 79 21 41
      vertex 77.101 14.601 41
      vertex 77.1571 14.5392 41
    endloop
  endfacet
  facet normal 0 0 1
    outer loop
      vertex 79 21 41
      vertex 77.0392 14.6571 41
      vertex 77.101 14.601 41
    endloop
  endfacet
  facet normal 0 0 1
    outer loop
      vertex 79 21 41
      vertex 76.9722 14.7067 41
      vertex 77.0392 14.6571 41
    endloop
  endfacet
  facet normal 0 0 1
    outer loop
      vertex 79 21 41
      vertex 76.9007 14.7496 41
      vertex 76.9722 14.7067 41
    endloop
  endfacet
  facet normal 0 0 1
    outer loop
      vertex 79 21 41
      vertex 76.8253 14.7853 41
      vertex 76.9007 14.7496 41
    endloop
  endfacet
  facet normal 0 0 1
    outer loop
      vertex 79 21 41
      vertex 76.7467 14.8134 41
      vertex 76.8253 14.7853 41
    endloop
  endfacet
  facet normal 0 0 1
    outer loop
      vertex 79 21 41
      vertex 76.6658 14.8337 41
      vertex 76.7467 14.8134 41
    endloop
  endfacet
  facet normal -0 0 1
    outer loop
      vertex 74 19 41
      vertex 76.6658 14.8337 41
      vertex 79 21 41
    endloop
  endfacet
  facet normal 0 0 1
    outer loop
      vertex 76.6658 14.8337 41
      vertex 74 19 41
      vertex 76.5833 14.8459 41
    endloop
  endfacet
  facet normal 0 0 1
    outer loop
      vertex 76.5833 14.8459 41
      vertex 74 19 41
      vertex 76.5 14.85 41
    endloop
  endfacet
  facet normal 0 0 1
    outer loop
      vertex 76.5 14.85 41
      vertex 74 19 41
      vertex 76.4167 14.8459 41
    endloop
  endfacet
  facet normal 0 0 1
    outer loop
      vertex 76.4167 14.8459 41
      vertex 74 19 41
      vertex 76.3342 14.8337 41
    endloop
  endfacet
  facet normal 0 0 1
    outer loop
      vertex 76.3342 14.8337 41
      vertex 74 19 41
      vertex 76.2533 14.8134 41
    endloop
  endfacet
  facet normal 0 0 1
    outer loop
      vertex 76.2533 14.8134 41
      vertex 74 19 41
      vertex 76.1747 14.7853 41
    endloop
  endfacet
  facet normal 0 0 1
    outer loop
      vertex 76.1747 14.7853 41
      vertex 74 19 41
      vertex 76.0993 14.7496 41
    endloop
  endfacet
  facet normal 0 0 1
    outer loop
      vertex 76.0993 14.7496 41
      vertex 74 19 41
      vertex 76.0278 14.7067 41
    endloop
  endfacet
  facet normal 0 0 1
    outer loop
      vertex 76.0278 14.7067 41
      vertex 74 19 41
      vertex 75.9608 14.6571 41
    endloop
  endfacet
  facet normal 0 0 1
    outer loop
      vertex 75.9608 14.6571 41
      vertex 74 19 41
      vertex 75.899 14.601 41
    endloop
  endfacet
  facet normal 0 0 1
    outer loop
      vertex 75.899 14.601 41
      vertex 74 19 41
      vertex 75.8429 14.5392 41
    endloop
  endfacet
  facet normal 0 0 1
    outer loop
      vertex 75.8429 14.5392 41
      vertex 74 19 41
      vertex 75.7933 14.4722 41
    endloop
  endfacet
  facet normal 0 0 1
    outer loop
      vertex 75.6541 14.0833 41
      vertex 74 19 41
      vertex 75.65 14 41
    endloop
  endfacet
  facet normal 0 0 1
    outer loop
      vertex 75.6663 14.1658 41
      vertex 74 19 41
      vertex 75.6541 14.0833 41
    endloop
  endfacet
  facet normal 0 0 1
    outer loop
      vertex 75.6866 14.2467 41
      vertex 74 19 41
      vertex 75.6663 14.1658 41
    endloop
  endfacet
  facet normal 0 0 1
    outer loop
      vertex 75.7147 14.3253 41
      vertex 74 19 41
      vertex 75.6866 14.2467 41
    endloop
  endfacet
  facet normal 0 0 1
    outer loop
      vertex 75.7504 14.4007 41
      vertex 74 19 41
      vertex 75.7147 14.3253 41
    endloop
  endfacet
  facet normal 0 0 1
    outer loop
      vertex 75.7933 14.4722 41
      vertex 74 19 41
      vertex 75.7504 14.4007 41
    endloop
  endfacet
  facet normal 0 0 1
    outer loop
      vertex 79 21 41
      vertex 21 19 41
      vertex 74 19 41
    endloop
  endfacet
  facet normal 0 0 1
    outer loop
      vertex 21 19 41
      vertex 20.2 17.3 41
      vertex 21 15.7 41
    endloop
  endfacet
  facet normal 0 0 1
    outer loop
      vertex 21 19 41
      vertex 15.8 17.3 41
      vertex 20.2 17.3 41
    endloop
  endfacet
  facet normal -0 0 1
    outer loop
      vertex 15 21 41
      vertex 21 19 41
      vertex 79 21 41
    endloop
  endfacet
  facet normal 0 0 1
    outer loop
      vertex 15 21 41
      vertex 15.8 17.3 41
      vertex 21 19 41
    endloop
  endfacet
  facet normal 0 0 1
    outer loop
      vertex 15 15.7 41
      vertex 15.8 17.3 41
      vertex 15 21 41
    endloop
  endfacet
  facet normal 0 0 1
    outer loop
      vertex 15.8 17.3 41
      vertex 15 15.7 41
      vertex 15.8 15.7 41
    endloop
  endfacet
  facet normal -0 0 1
    outer loop
      vertex 77.3459 13.9167 41
      vertex 79 5 41
      vertex 77.35 14 41
    endloop
  endfacet
  facet normal -0 0 1
    outer loop
      vertex 77.3337 13.8342 41
      vertex 79 5 41
      vertex 77.3459 13.9167 41
    endloop
  endfacet
  facet normal -0 0 1
    outer loop
      vertex 77.3134 13.7533 41
      vertex 79 5 41
      vertex 77.3337 13.8342 41
    endloop
  endfacet
  facet normal -0 0 1
    outer loop
      vertex 77.2853 13.6747 41
      vertex 79 5 41
      vertex 77.3134 13.7533 41
    endloop
  endfacet
  facet normal -0 0 1
    outer loop
      vertex 77.2496 13.5993 41
      vertex 79 5 41
      vertex 77.2853 13.6747 41
    endloop
  endfacet
  facet normal -0 0 1
    outer loop
      vertex 77.2067 13.5278 41
      vertex 79 5 41
      vertex 77.2496 13.5993 41
    endloop
  endfacet
  facet normal -0 0 1
    outer loop
      vertex 77.1571 13.4608 41
      vertex 79 5 41
      vertex 77.2067 13.5278 41
    endloop
  endfacet
  facet normal -0 0 1
    outer loop
      vertex 77.101 13.399 41
      vertex 79 5 41
      vertex 77.1571 13.4608 41
    endloop
  endfacet
  facet normal -0 0 1
    outer loop
      vertex 77.0392 13.3429 41
      vertex 79 5 41
      vertex 77.101 13.399 41
    endloop
  endfacet
  facet normal -0 0 1
    outer loop
      vertex 76.9722 13.2933 41
      vertex 79 5 41
      vertex 77.0392 13.3429 41
    endloop
  endfacet
  facet normal -0 0 1
    outer loop
      vertex 76.9007 13.2504 41
      vertex 79 5 41
      vertex 76.9722 13.2933 41
    endloop
  endfacet
  facet normal -0 0 1
    outer loop
      vertex 76.8253 13.2147 41
      vertex 79 5 41
      vertex 76.9007 13.2504 41
    endloop
  endfacet
  facet normal -0 0 1
    outer loop
      vertex 76.7467 13.1866 41
      vertex 79 5 41
      vertex 76.8253 13.2147 41
    endloop
  endfacet
  facet normal -0 0 1
    outer loop
      vertex 76.6658 13.1663 41
      vertex 79 5 41
      vertex 76.7467 13.1866 41
    endloop
  endfacet
  facet normal -0 0 1
    outer loop
      vertex 76.5833 13.1541 41
      vertex 79 5 41
      vertex 76.6658 13.1663 41
    endloop
  endfacet
  facet normal -0 0 1
    outer loop
      vertex 76.5 13.15 41
      vertex 79 5 41
      vertex 76.5833 13.1541 41
    endloop
  endfacet
  facet normal 0 0 1
    outer loop
      vertex 74 5 41
      vertex 76.5 13.15 41
      vertex 76.4167 13.1541 41
    endloop
  endfacet
  facet normal 0 0 1
    outer loop
      vertex 74 5 41
      vertex 76.4167 13.1541 41
      vertex 76.3342 13.1663 41
    endloop
  endfacet
  facet normal 0 0 1
    outer loop
      vertex 74 5 41
      vertex 76.3342 13.1663 41
      vertex 76.2533 13.1866 41
    endloop
  endfacet
  facet normal 0 0 1
    outer loop
      vertex 74 5 41
      vertex 76.2533 13.1866 41
      vertex 76.1747 13.2147 41
    endloop
  endfacet
  facet normal 0 0 1
    outer loop
      vertex 74 5 41
      vertex 76.1747 13.2147 41
      vertex 76.0993 13.2504 41
    endloop
  endfacet
  facet normal 0 0 1
    outer loop
      vertex 74 5 41
      vertex 76.0993 13.2504 41
      vertex 76.0278 13.2933 41
    endloop
  endfacet
  facet normal 0 0 1
    outer loop
      vertex 74 5 41
      vertex 76.0278 13.2933 41
      vertex 75.9608 13.3429 41
    endloop
  endfacet
  facet normal 0 0 1
    outer loop
      vertex 74 5 41
      vertex 75.9608 13.3429 41
      vertex 75.899 13.399 41
    endloop
  endfacet
  facet normal 0 0 1
    outer loop
      vertex 74 5 41
      vertex 75.899 13.399 41
      vertex 75.8429 13.4608 41
    endloop
  endfacet
  facet normal 0 0 1
    outer loop
      vertex 74 5 41
      vertex 75.8429 13.4608 41
      vertex 75.7933 13.5278 41
    endloop
  endfacet
  facet normal 0 0 1
    outer loop
      vertex 74 5 41
      vertex 75.7933 13.5278 41
      vertex 75.7504 13.5993 41
    endloop
  endfacet
  facet normal 0 0 1
    outer loop
      vertex 74 5 41
      vertex 75.7504 13.5993 41
      vertex 75.7147 13.6747 41
    endloop
  endfacet
  facet normal 0 0 1
    outer loop
      vertex 74 19 41
      vertex 75.6541 13.9167 41
      vertex 75.65 14 41
    endloop
  endfacet
  facet normal 0 0 1
    outer loop
      vertex 74 5 41
      vertex 75.6541 13.9167 41
      vertex 74 19 41
    endloop
  endfacet
  facet normal 0 0 1
    outer loop
      vertex 75.6541 13.9167 41
      vertex 74 5 41
      vertex 75.6663 13.8342 41
    endloop
  endfacet
  facet normal 0 0 1
    outer loop
      vertex 76.5 13.15 41
      vertex 74 5 41
      vertex 79 5 41
    endloop
  endfacet
  facet normal 0 0 1
    outer loop
      vertex 75.6866 13.7533 41
      vertex 74 5 41
      vertex 75.7147 13.6747 41
    endloop
  endfacet
  facet normal 0 0 1
    outer loop
      vertex 75.6663 13.8342 41
      vertex 74 5 41
      vertex 75.6866 13.7533 41
    endloop
  endfacet
  facet normal 0 0 1
    outer loop
      vertex 21 15.7 41
      vertex 20.2 17.3 41
      vertex 20.2 15.7 41
    endloop
  endfacet
  facet normal 0 0 1
    outer loop
      vertex 15.8 -15.7 41
      vertex 15 -15.7 41
      vertex 15.8 -17.3 41
    endloop
  endfacet
  facet normal 0 0 1
    outer loop
      vertex 20.2 -17.3 41
      vertex 21 -15.7 41
      vertex 20.2 -15.7 41
    endloop
  endfacet
  facet normal 0 0 1
    outer loop
      vertex 79 -5 41
      vertex 77.35 -14 41
      vertex 79 -21 41
    endloop
  endfacet
  facet normal 0 0 1
    outer loop
      vertex 79 -5 41
      vertex 77.3459 -13.9167 41
      vertex 77.35 -14 41
    endloop
  endfacet
  facet normal 0 0 1
    outer loop
      vertex 79 -5 41
      vertex 77.3337 -13.8342 41
      vertex 77.3459 -13.9167 41
    endloop
  endfacet
  facet normal 0 0 1
    outer loop
      vertex 79 -5 41
      vertex 77.3134 -13.7533 41
      vertex 77.3337 -13.8342 41
    endloop
  endfacet
  facet normal 0 0 1
    outer loop
      vertex 79 -5 41
      vertex 77.2853 -13.6747 41
      vertex 77.3134 -13.7533 41
    endloop
  endfacet
  facet normal 0 0 1
    outer loop
      vertex 79 -5 41
      vertex 77.2496 -13.5993 41
      vertex 77.2853 -13.6747 41
    endloop
  endfacet
  facet normal 0 0 1
    outer loop
      vertex 79 -5 41
      vertex 77.2067 -13.5278 41
      vertex 77.2496 -13.5993 41
    endloop
  endfacet
  facet normal 0 0 1
    outer loop
      vertex 79 -5 41
      vertex 77.1571 -13.4608 41
      vertex 77.2067 -13.5278 41
    endloop
  endfacet
  facet normal 0 0 1
    outer loop
      vertex 79 -5 41
      vertex 77.101 -13.399 41
      vertex 77.1571 -13.4608 41
    endloop
  endfacet
  facet normal 0 0 1
    outer loop
      vertex 79 -5 41
      vertex 77.0392 -13.3429 41
      vertex 77.101 -13.399 41
    endloop
  endfacet
  facet normal 0 0 1
    outer loop
      vertex 79 -5 41
      vertex 76.9722 -13.2933 41
      vertex 77.0392 -13.3429 41
    endloop
  endfacet
  facet normal 0 0 1
    outer loop
      vertex 79 -5 41
      vertex 76.9007 -13.2504 41
      vertex 76.9722 -13.2933 41
    endloop
  endfacet
  facet normal 0 0 1
    outer loop
      vertex 79 -5 41
      vertex 76.8253 -13.2147 41
      vertex 76.9007 -13.2504 41
    endloop
  endfacet
  facet normal 0 0 1
    outer loop
      vertex 79 -5 41
      vertex 76.7467 -13.1866 41
      vertex 76.8253 -13.2147 41
    endloop
  endfacet
  facet normal 0 0 1
    outer loop
      vertex 79 -5 41
      vertex 76.6658 -13.1663 41
      vertex 76.7467 -13.1866 41
    endloop
  endfacet
  facet normal 0 0 1
    outer loop
      vertex 79 -5 41
      vertex 76.5833 -13.1541 41
      vertex 76.6658 -13.1663 41
    endloop
  endfacet
  facet normal 0 0 1
    outer loop
      vertex 79 -5 41
      vertex 76.5 -13.15 41
      vertex 76.5833 -13.1541 41
    endloop
  endfacet
  facet normal -0 0 1
    outer loop
      vertex 74 -5 41
      vertex 76.5 -13.15 41
      vertex 79 -5 41
    endloop
  endfacet
  facet normal 0 0 1
    outer loop
      vertex 76.5 -13.15 41
      vertex 74 -5 41
      vertex 76.4167 -13.1541 41
    endloop
  endfacet
  facet normal 0 0 1
    outer loop
      vertex 76.4167 -13.1541 41
      vertex 74 -5 41
      vertex 76.3342 -13.1663 41
    endloop
  endfacet
  facet normal 0 0 1
    outer loop
      vertex 76.3342 -13.1663 41
      vertex 74 -5 41
      vertex 76.2533 -13.1866 41
    endloop
  endfacet
  facet normal 0 0 1
    outer loop
      vertex 76.2533 -13.1866 41
      vertex 74 -5 41
      vertex 76.1747 -13.2147 41
    endloop
  endfacet
  facet normal 0 0 1
    outer loop
      vertex 76.1747 -13.2147 41
      vertex 74 -5 41
      vertex 76.0993 -13.2504 41
    endloop
  endfacet
  facet normal 0 0 1
    outer loop
      vertex 76.0993 -13.2504 41
      vertex 74 -5 41
      vertex 76.0278 -13.2933 41
    endloop
  endfacet
  facet normal 0 0 1
    outer loop
      vertex 76.0278 -13.2933 41
      vertex 74 -5 41
      vertex 75.9608 -13.3429 41
    endloop
  endfacet
  facet normal 0 0 1
    outer loop
      vertex 75.9608 -13.3429 41
      vertex 74 -5 41
      vertex 75.899 -13.399 41
    endloop
  endfacet
  facet normal 0 0 1
    outer loop
      vertex 75.899 -13.399 41
      vertex 74 -5 41
      vertex 75.8429 -13.4608 41
    endloop
  endfacet
  facet normal 0 0 1
    outer loop
      vertex 75.8429 -13.4608 41
      vertex 74 -5 41
      vertex 75.7933 -13.5278 41
    endloop
  endfacet
  facet normal 0 0 1
    outer loop
      vertex 75.7933 -13.5278 41
      vertex 74 -5 41
      vertex 75.7504 -13.5993 41
    endloop
  endfacet
  facet normal 0 0 1
    outer loop
      vertex 74 -19 41
      vertex 75.6541 -13.9167 41
      vertex 74 -5 41
    endloop
  endfacet
  facet normal 0 0 1
    outer loop
      vertex 75.6663 -13.8342 41
      vertex 74 -5 41
      vertex 75.6541 -13.9167 41
    endloop
  endfacet
  facet normal 0 0 1
    outer loop
      vertex 75.6866 -13.7533 41
      vertex 74 -5 41
      vertex 75.6663 -13.8342 41
    endloop
  endfacet
  facet normal 0 0 1
    outer loop
      vertex 75.7147 -13.6747 41
      vertex 74 -5 41
      vertex 75.6866 -13.7533 41
    endloop
  endfacet
  facet normal 0 0 1
    outer loop
      vertex 75.7504 -13.5993 41
      vertex 74 -5 41
      vertex 75.7147 -13.6747 41
    endloop
  endfacet
  facet normal -0 0 1
    outer loop
      vertex 77.3459 -14.0833 41
      vertex 79 -21 41
      vertex 77.35 -14 41
    endloop
  endfacet
  facet normal -0 0 1
    outer loop
      vertex 77.3337 -14.1658 41
      vertex 79 -21 41
      vertex 77.3459 -14.0833 41
    endloop
  endfacet
  facet normal -0 0 1
    outer loop
      vertex 77.3134 -14.2467 41
      vertex 79 -21 41
      vertex 77.3337 -14.1658 41
    endloop
  endfacet
  facet normal -0 0 1
    outer loop
      vertex 77.2853 -14.3253 41
      vertex 79 -21 41
      vertex 77.3134 -14.2467 41
    endloop
  endfacet
  facet normal -0 0 1
    outer loop
      vertex 77.2496 -14.4007 41
      vertex 79 -21 41
      vertex 77.2853 -14.3253 41
    endloop
  endfacet
  facet normal -0 0 1
    outer loop
      vertex 77.2067 -14.4722 41
      vertex 79 -21 41
      vertex 77.2496 -14.4007 41
    endloop
  endfacet
  facet normal -0 0 1
    outer loop
      vertex 77.1571 -14.5392 41
      vertex 79 -21 41
      vertex 77.2067 -14.4722 41
    endloop
  endfacet
  facet normal -0 0 1
    outer loop
      vertex 77.101 -14.601 41
      vertex 79 -21 41
      vertex 77.1571 -14.5392 41
    endloop
  endfacet
  facet normal -0 0 1
    outer loop
      vertex 77.0392 -14.6571 41
      vertex 79 -21 41
      vertex 77.101 -14.601 41
    endloop
  endfacet
  facet normal -0 0 1
    outer loop
      vertex 76.9722 -14.7067 41
      vertex 79 -21 41
      vertex 77.0392 -14.6571 41
    endloop
  endfacet
  facet normal -0 0 1
    outer loop
      vertex 76.9007 -14.7496 41
      vertex 79 -21 41
      vertex 76.9722 -14.7067 41
    endloop
  endfacet
  facet normal -0 0 1
    outer loop
      vertex 76.8253 -14.7853 41
      vertex 79 -21 41
      vertex 76.9007 -14.7496 41
    endloop
  endfacet
  facet normal -0 0 1
    outer loop
      vertex 76.7467 -14.8134 41
      vertex 79 -21 41
      vertex 76.8253 -14.7853 41
    endloop
  endfacet
  facet normal -0 0 1
    outer loop
      vertex 76.6658 -14.8337 41
      vertex 79 -21 41
      vertex 76.7467 -14.8134 41
    endloop
  endfacet
  facet normal 0 0 1
    outer loop
      vertex 74 -19 41
      vertex 76.6658 -14.8337 41
      vertex 76.5833 -14.8459 41
    endloop
  endfacet
  facet normal 0 0 1
    outer loop
      vertex 74 -19 41
      vertex 76.5833 -14.8459 41
      vertex 76.5 -14.85 41
    endloop
  endfacet
  facet normal 0 0 1
    outer loop
      vertex 74 -19 41
      vertex 76.5 -14.85 41
      vertex 76.4167 -14.8459 41
    endloop
  endfacet
  facet normal 0 0 1
    outer loop
      vertex 74 -19 41
      vertex 76.4167 -14.8459 41
      vertex 76.3342 -14.8337 41
    endloop
  endfacet
  facet normal 0 0 1
    outer loop
      vertex 74 -19 41
      vertex 76.3342 -14.8337 41
      vertex 76.2533 -14.8134 41
    endloop
  endfacet
  facet normal 0 0 1
    outer loop
      vertex 74 -19 41
      vertex 76.2533 -14.8134 41
      vertex 76.1747 -14.7853 41
    endloop
  endfacet
  facet normal 0 0 1
    outer loop
      vertex 74 -19 41
      vertex 76.1747 -14.7853 41
      vertex 76.0993 -14.7496 41
    endloop
  endfacet
  facet normal 0 0 1
    outer loop
      vertex 74 -19 41
      vertex 76.0993 -14.7496 41
      vertex 76.0278 -14.7067 41
    endloop
  endfacet
  facet normal 0 0 1
    outer loop
      vertex 74 -19 41
      vertex 76.0278 -14.7067 41
      vertex 75.9608 -14.6571 41
    endloop
  endfacet
  facet normal 0 0 1
    outer loop
      vertex 74 -19 41
      vertex 75.9608 -14.6571 41
      vertex 75.899 -14.601 41
    endloop
  endfacet
  facet normal 0 0 1
    outer loop
      vertex 74 -19 41
      vertex 75.899 -14.601 41
      vertex 75.8429 -14.5392 41
    endloop
  endfacet
  facet normal 0 0 1
    outer loop
      vertex 74 -19 41
      vertex 75.8429 -14.5392 41
      vertex 75.7933 -14.4722 41
    endloop
  endfacet
  facet normal 0 0 1
    outer loop
      vertex 74 -19 41
      vertex 75.7933 -14.4722 41
      vertex 75.7504 -14.4007 41
    endloop
  endfacet
  facet normal 0 0 1
    outer loop
      vertex 75.6541 -13.9167 41
      vertex 74 -19 41
      vertex 75.65 -14 41
    endloop
  endfacet
  facet normal 0 0 1
    outer loop
      vertex 75.65 -14 41
      vertex 74 -19 41
      vertex 75.6541 -14.0833 41
    endloop
  endfacet
  facet normal 0 0 1
    outer loop
      vertex 75.6541 -14.0833 41
      vertex 74 -19 41
      vertex 75.6663 -14.1658 41
    endloop
  endfacet
  facet normal 0 0 1
    outer loop
      vertex 74 -19 41
      vertex 75.6866 -14.2467 41
      vertex 75.6663 -14.1658 41
    endloop
  endfacet
  facet normal 0 0 1
    outer loop
      vertex 74 -19 41
      vertex 75.7147 -14.3253 41
      vertex 75.6866 -14.2467 41
    endloop
  endfacet
  facet normal 0 0 1
    outer loop
      vertex 74 -19 41
      vertex 75.7504 -14.4007 41
      vertex 75.7147 -14.3253 41
    endloop
  endfacet
  facet normal 0 0 1
    outer loop
      vertex 76.6658 -14.8337 41
      vertex 74 -19 41
      vertex 79 -21 41
    endloop
  endfacet
  facet normal -0 0 1
    outer loop
      vertex 21 -19 41
      vertex 79 -21 41
      vertex 74 -19 41
    endloop
  endfacet
  facet normal 0 0 1
    outer loop
      vertex 21 -15.7 41
      vertex 20.2 -17.3 41
      vertex 21 -19 41
    endloop
  endfacet
  facet normal -0 0 1
    outer loop
      vertex 15.8 -17.3 41
      vertex 21 -19 41
      vertex 20.2 -17.3 41
    endloop
  endfacet
  facet normal 0 0 1
    outer loop
      vertex 21 -19 41
      vertex 15 -21 41
      vertex 79 -21 41
    endloop
  endfacet
  facet normal 0 0 1
    outer loop
      vertex 15.8 -17.3 41
      vertex 15 -21 41
      vertex 21 -19 41
    endloop
  endfacet
  facet normal 0 0 1
    outer loop
      vertex 15 -21 41
      vertex 15.8 -17.3 41
      vertex 15 -15.7 41
    endloop
  endfacet
  facet normal 0 0 -1
    outer loop
      vertex 39.25 -33.5 0
      vertex 45.95 -45 0
      vertex 39.25 -38.5 0
    endloop
  endfacet
  facet normal 0 0 -1
    outer loop
      vertex 36.45 -45 0
      vertex 39.25 -38.5 0
      vertex 45.95 -45 0
    endloop
  endfacet
  facet normal -0 0 -1
    outer loop
      vertex 37.45 -38.5 0
      vertex 36.45 -45 0
      vertex 37.45 -33.5 0
    endloop
  endfacet
  facet normal -0 0 -1
    outer loop
      vertex 39.25 -38.5 0
      vertex 36.45 -45 0
      vertex 37.45 -38.5 0
    endloop
  endfacet
  facet normal 0 0 -1
    outer loop
      vertex 69.7341 1.17694 0
      vertex 69.75 2 0
      vertex 69.8483 1.14833 0
    endloop
  endfacet
  facet normal 0 0 -1
    outer loop
      vertex 69.6176 1.19422 0
      vertex 69.75 2 0
      vertex 69.7341 1.17694 0
    endloop
  endfacet
  facet normal 0 0 -1
    outer loop
      vertex 69.5 1.2 0
      vertex 69.75 2 0
      vertex 69.6176 1.19422 0
    endloop
  endfacet
  facet normal 0 0 -1
    outer loop
      vertex 69.5 1.2 0
      vertex 69.25 2 0
      vertex 69.75 2 0
    endloop
  endfacet
  facet normal 0 0 -1
    outer loop
      vertex 68.75 4.5 0
      vertex 69.25 2 0
      vertex 68.75 2 0
    endloop
  endfacet
  facet normal 0 0 -1
    outer loop
      vertex 69.5 1.2 0
      vertex 68.75 2 0
      vertex 69.25 2 0
    endloop
  endfacet
  facet normal 0 0 -1
    outer loop
      vertex 69.5 1.2 0
      vertex 68.25 2 0
      vertex 68.75 2 0
    endloop
  endfacet
  facet normal 0 0 -1
    outer loop
      vertex 68.25 2 0
      vertex 67.75 2 0
      vertex 68.25 4.5 0
    endloop
  endfacet
  facet normal 0 0 -1
    outer loop
      vertex 69.5 1.2 0
      vertex 67.75 2 0
      vertex 68.25 2 0
    endloop
  endfacet
  facet normal 0 0 -1
    outer loop
      vertex 69.5 1.2 0
      vertex 67.25 2 0
      vertex 67.75 2 0
    endloop
  endfacet
  facet normal 0 0 -1
    outer loop
      vertex 67.25 2 0
      vertex 66.75 2 0
      vertex 67.25 4.5 0
    endloop
  endfacet
  facet normal 0 0 -1
    outer loop
      vertex 69.5 1.2 0
      vertex 66.75 2 0
      vertex 67.25 2 0
    endloop
  endfacet
  facet normal 0 0 -1
    outer loop
      vertex 69.5 1.2 0
      vertex 66.25 2 0
      vertex 66.75 2 0
    endloop
  endfacet
  facet normal 0 0 -1
    outer loop
      vertex 66.25 2 0
      vertex 65.75 2 0
      vertex 66.25 4.5 0
    endloop
  endfacet
  facet normal 0 0 -1
    outer loop
      vertex 69.5 1.2 0
      vertex 65.75 2 0
      vertex 66.25 2 0
    endloop
  endfacet
  facet normal 0 0 -1
    outer loop
      vertex 69.5 1.2 0
      vertex 65.25 2 0
      vertex 65.75 2 0
    endloop
  endfacet
  facet normal 0 0 -1
    outer loop
      vertex 64.75 4.5 0
      vertex 65.25 2 0
      vertex 64.75 2 0
    endloop
  endfacet
  facet normal 0 0 -1
    outer loop
      vertex 69.5 1.2 0
      vertex 64.75 2 0
      vertex 65.25 2 0
    endloop
  endfacet
  facet normal 0 0 -1
    outer loop
      vertex 69.5 1.2 0
      vertex 64.25 2 0
      vertex 64.75 2 0
    endloop
  endfacet
  facet normal 0 0 -1
    outer loop
      vertex 64.25 2 0
      vertex 63.75 2 0
      vertex 64.25 4.5 0
    endloop
  endfacet
  facet normal 0 0 -1
    outer loop
      vertex 69.5 1.2 0
      vertex 63.75 2 0
      vertex 64.25 2 0
    endloop
  endfacet
  facet normal 0 0 -1
    outer loop
      vertex 69.5 1.2 0
      vertex 63.25 2 0
      vertex 63.75 2 0
    endloop
  endfacet
  facet normal 0 0 -1
    outer loop
      vertex 63.25 2 0
      vertex 62.75 2 0
      vertex 63.25 4.5 0
    endloop
  endfacet
  facet normal 0 0 -1
    outer loop
      vertex 57.5 1.2 0
      vertex 63.25 2 0
      vertex 69.5 1.2 0
    endloop
  endfacet
  facet normal -0 0 -1
    outer loop
      vertex 63.25 2 0
      vertex 57.5 1.2 0
      vertex 62.75 2 0
    endloop
  endfacet
  facet normal 0 0 -1
    outer loop
      vertex 62.25 2 0
      vertex 61.75 2 0
      vertex 62.25 4.5 0
    endloop
  endfacet
  facet normal -0 0 -1
    outer loop
      vertex 62.75 2 0
      vertex 57.5 1.2 0
      vertex 62.25 2 0
    endloop
  endfacet
  facet normal -0 0 -1
    outer loop
      vertex 62.25 2 0
      vertex 57.5 1.2 0
      vertex 61.75 2 0
    endloop
  endfacet
  facet normal 0 0 -1
    outer loop
      vertex 60.75 4.5 0
      vertex 61.25 2 0
      vertex 60.75 2 0
    endloop
  endfacet
  facet normal -0 0 -1
    outer loop
      vertex 61.75 2 0
      vertex 57.5 1.2 0
      vertex 61.25 2 0
    endloop
  endfacet
  facet normal -0 0 -1
    outer loop
      vertex 61.25 2 0
      vertex 57.5 1.2 0
      vertex 60.75 2 0
    endloop
  endfacet
  facet normal 0 0 -1
    outer loop
      vertex 60.25 2 0
      vertex 59.75 2 0
      vertex 60.25 4.5 0
    endloop
  endfacet
  facet normal -0 0 -1
    outer loop
      vertex 60.75 2 0
      vertex 57.5 1.2 0
      vertex 60.25 2 0
    endloop
  endfacet
  facet normal -0 0 -1
    outer loop
      vertex 60.25 2 0
      vertex 57.5 1.2 0
      vertex 59.75 2 0
    endloop
  endfacet
  facet normal 0 0 -1
    outer loop
      vertex 59.25 2 0
      vertex 58.75 2 0
      vertex 59.25 4.5 0
    endloop
  endfacet
  facet normal -0 0 -1
    outer loop
      vertex 59.75 2 0
      vertex 57.5 1.2 0
      vertex 59.25 2 0
    endloop
  endfacet
  facet normal -0 0 -1
    outer loop
      vertex 59.25 2 0
      vertex 57.5 1.2 0
      vertex 58.75 2 0
    endloop
  endfacet
  facet normal 0 0 -1
    outer loop
      vertex 58.25 2 0
      vertex 57.75 2 0
      vertex 58.25 4.5 0
    endloop
  endfacet
  facet normal -0 0 -1
    outer loop
      vertex 58.75 2 0
      vertex 57.5 1.2 0
      vertex 58.25 2 0
    endloop
  endfacet
  facet normal -0 0 -1
    outer loop
      vertex 58.25 2 0
      vertex 57.5 1.2 0
      vertex 57.75 2 0
    endloop
  endfacet
  facet normal 0 0 -1
    outer loop
      vertex 57.25 2 0
      vertex 57.5 1.2 0
      vertex 57.3824 1.19422 0
    endloop
  endfacet
  facet normal 0 0 -1
    outer loop
      vertex 57.25 2 0
      vertex 57.3824 1.19422 0
      vertex 57.2659 1.17694 0
    endloop
  endfacet
  facet normal 0 0 -1
    outer loop
      vertex 57.5 1.2 0
      vertex 57.25 2 0
      vertex 57.75 2 0
    endloop
  endfacet
  facet normal 0 0 -1
    outer loop
      vertex 57.0408 1.10865 0
      vertex 57.25 2 0
      vertex 57.1517 1.14833 0
    endloop
  endfacet
  facet normal 0 0 -1
    outer loop
      vertex 57.1517 1.14833 0
      vertex 57.25 2 0
      vertex 57.2659 1.17694 0
    endloop
  endfacet
  facet normal 0 0 -1
    outer loop
      vertex 79 -21 0
      vertex 70.7 0 0
      vertex 79 21 0
    endloop
  endfacet
  facet normal 0 0 -1
    outer loop
      vertex 79 -21 0
      vertex 70.6942 -0.11762 0
      vertex 70.7 0 0
    endloop
  endfacet
  facet normal 0 0 -1
    outer loop
      vertex 79 -21 0
      vertex 70.6769 -0.234108 0
      vertex 70.6942 -0.11762 0
    endloop
  endfacet
  facet normal 0 0 -1
    outer loop
      vertex 79 -21 0
      vertex 70.6483 -0.348341 0
      vertex 70.6769 -0.234108 0
    endloop
  endfacet
  facet normal 0 0 -1
    outer loop
      vertex 79 -21 0
      vertex 70.6087 -0.45922 0
      vertex 70.6483 -0.348341 0
    endloop
  endfacet
  facet normal 0 0 -1
    outer loop
      vertex 79 -21 0
      vertex 70.5583 -0.565676 0
      vertex 70.6087 -0.45922 0
    endloop
  endfacet
  facet normal 0 0 -1
    outer loop
      vertex 79 -21 0
      vertex 70.4978 -0.666684 0
      vertex 70.5583 -0.565676 0
    endloop
  endfacet
  facet normal 0 0 -1
    outer loop
      vertex 79 -21 0
      vertex 70.4276 -0.761271 0
      vertex 70.4978 -0.666684 0
    endloop
  endfacet
  facet normal 0 0 -1
    outer loop
      vertex 79 -21 0
      vertex 70.3485 -0.848528 0
      vertex 70.4276 -0.761271 0
    endloop
  endfacet
  facet normal 0 0 -1
    outer loop
      vertex 79 -21 0
      vertex 70.2613 -0.927612 0
      vertex 70.3485 -0.848528 0
    endloop
  endfacet
  facet normal 0 0 -1
    outer loop
      vertex 79 -21 0
      vertex 70.1667 -0.997763 0
      vertex 70.2613 -0.927612 0
    endloop
  endfacet
  facet normal 0 0 -1
    outer loop
      vertex 79 -21 0
      vertex 70.0657 -1.0583 0
      vertex 70.1667 -0.997763 0
    endloop
  endfacet
  facet normal 0 0 -1
    outer loop
      vertex 79 -21 0
      vertex 69.9592 -1.10865 0
      vertex 70.0657 -1.0583 0
    endloop
  endfacet
  facet normal 0 0 -1
    outer loop
      vertex 79 -21 0
      vertex 69.8483 -1.14833 0
      vertex 69.9592 -1.10865 0
    endloop
  endfacet
  facet normal 0 0 -1
    outer loop
      vertex 79 -21 0
      vertex 69.7341 -1.17694 0
      vertex 69.8483 -1.14833 0
    endloop
  endfacet
  facet normal 0 0 -1
    outer loop
      vertex 79 -21 0
      vertex 69.6176 -1.19422 0
      vertex 69.7341 -1.17694 0
    endloop
  endfacet
  facet normal 0 0 -1
    outer loop
      vertex 79 -21 0
      vertex 69.5 -1.2 0
      vertex 69.6176 -1.19422 0
    endloop
  endfacet
  facet normal 0 0 -1
    outer loop
      vertex 79 -21 0
      vertex 57.5 -1.2 0
      vertex 69.5 -1.2 0
    endloop
  endfacet
  facet normal 0 0 -1
    outer loop
      vertex 45.95 -21 0
      vertex 57.5 -1.2 0
      vertex 79 -21 0
    endloop
  endfacet
  facet normal -0 0 -1
    outer loop
      vertex 57.5 -1.2 0
      vertex 45.95 -21 0
      vertex 57.3824 -1.19422 0
    endloop
  endfacet
  facet normal -0 0 -1
    outer loop
      vertex 57.3824 -1.19422 0
      vertex 45.95 -21 0
      vertex 57.2659 -1.17694 0
    endloop
  endfacet
  facet normal -0 0 -1
    outer loop
      vertex 57.2659 -1.17694 0
      vertex 45.95 -21 0
      vertex 57.1517 -1.14833 0
    endloop
  endfacet
  facet normal -0 0 -1
    outer loop
      vertex 57.1517 -1.14833 0
      vertex 45.95 -21 0
      vertex 57.0408 -1.10865 0
    endloop
  endfacet
  facet normal -0 0 -1
    outer loop
      vertex 57.0408 -1.10865 0
      vertex 45.95 -21 0
      vertex 56.9343 -1.0583 0
    endloop
  endfacet
  facet normal -0 0 -1
    outer loop
      vertex 56.9343 -1.0583 0
      vertex 45.95 -21 0
      vertex 56.8333 -0.997763 0
    endloop
  endfacet
  facet normal -0 0 -1
    outer loop
      vertex 56.3231 -0.234108 0
      vertex 36.45 -21 0
      vertex 56.3058 -0.11762 0
    endloop
  endfacet
  facet normal -0 0 -1
    outer loop
      vertex 56.3517 -0.348341 0
      vertex 36.45 -21 0
      vertex 56.3231 -0.234108 0
    endloop
  endfacet
  facet normal 0 0 -1
    outer loop
      vertex 36.45 -21 0
      vertex 56.3517 -0.348341 0
      vertex 45.95 -21 0
    endloop
  endfacet
  facet normal -0 0 -1
    outer loop
      vertex 56.3913 -0.45922 0
      vertex 45.95 -21 0
      vertex 56.3517 -0.348341 0
    endloop
  endfacet
  facet normal -0 0 -1
    outer loop
      vertex 56.4417 -0.565676 0
      vertex 45.95 -21 0
      vertex 56.3913 -0.45922 0
    endloop
  endfacet
  facet normal -0 0 -1
    outer loop
      vertex 56.5022 -0.666684 0
      vertex 45.95 -21 0
      vertex 56.4417 -0.565676 0
    endloop
  endfacet
  facet normal -0 0 -1
    outer loop
      vertex 56.5724 -0.761271 0
      vertex 45.95 -21 0
      vertex 56.5022 -0.666684 0
    endloop
  endfacet
  facet normal -0 0 -1
    outer loop
      vertex 56.6515 -0.848528 0
      vertex 45.95 -21 0
      vertex 56.5724 -0.761271 0
    endloop
  endfacet
  facet normal -0 0 -1
    outer loop
      vertex 56.7387 -0.927612 0
      vertex 45.95 -21 0
      vertex 56.6515 -0.848528 0
    endloop
  endfacet
  facet normal -0 0 -1
    outer loop
      vertex 56.8333 -0.997763 0
      vertex 45.95 -21 0
      vertex 56.7387 -0.927612 0
    endloop
  endfacet
  facet normal 0 0 -1
    outer loop
      vertex 70.6942 0.11762 0
      vertex 79 21 0
      vertex 70.7 0 0
    endloop
  endfacet
  facet normal 0 0 -1
    outer loop
      vertex 70.6769 0.234108 0
      vertex 79 21 0
      vertex 70.6942 0.11762 0
    endloop
  endfacet
  facet normal 0 0 -1
    outer loop
      vertex 70.6483 0.348341 0
      vertex 79 21 0
      vertex 70.6769 0.234108 0
    endloop
  endfacet
  facet normal 0 0 -1
    outer loop
      vertex 69.75 7 0
      vertex 70.6483 0.348341 0
      vertex 70.6087 0.45922 0
    endloop
  endfacet
  facet normal 0 0 -1
    outer loop
      vertex 69.75 7 0
      vertex 70.6087 0.45922 0
      vertex 70.5583 0.565676 0
    endloop
  endfacet
  facet normal 0 0 -1
    outer loop
      vertex 69.75 7 0
      vertex 70.5583 0.565676 0
      vertex 70.4978 0.666684 0
    endloop
  endfacet
  facet normal 0 0 -1
    outer loop
      vertex 69.75 2 0
      vertex 70.4978 0.666684 0
      vertex 70.4276 0.761271 0
    endloop
  endfacet
  facet normal 0 0 -1
    outer loop
      vertex 69.75 2 0
      vertex 70.4276 0.761271 0
      vertex 70.3485 0.848528 0
    endloop
  endfacet
  facet normal 0 0 -1
    outer loop
      vertex 69.75 2 0
      vertex 70.3485 0.848528 0
      vertex 70.2613 0.927612 0
    endloop
  endfacet
  facet normal 0 0 -1
    outer loop
      vertex 69.75 2 0
      vertex 70.2613 0.927612 0
      vertex 70.1667 0.997763 0
    endloop
  endfacet
  facet normal 0 0 -1
    outer loop
      vertex 69.75 2 0
      vertex 70.1667 0.997763 0
      vertex 70.0657 1.0583 0
    endloop
  endfacet
  facet normal 0 0 -1
    outer loop
      vertex 69.75 2 0
      vertex 70.0657 1.0583 0
      vertex 69.9592 1.10865 0
    endloop
  endfacet
  facet normal 0 0 -1
    outer loop
      vertex 69.75 2 0
      vertex 69.9592 1.10865 0
      vertex 69.8483 1.14833 0
    endloop
  endfacet
  facet normal 0 0 -1
    outer loop
      vertex 70.4978 0.666684 0
      vertex 69.75 2 0
      vertex 69.75 7 0
    endloop
  endfacet
  facet normal 0 0 -1
    outer loop
      vertex 70.6483 0.348341 0
      vertex 69.75 7 0
      vertex 79 21 0
    endloop
  endfacet
  facet normal 0 0 -1
    outer loop
      vertex 69.25 7 0
      vertex 79 21 0
      vertex 69.75 7 0
    endloop
  endfacet
  facet normal 0 0 -1
    outer loop
      vertex 69.25 2 0
      vertex 68.75 4.5 0
      vertex 69.25 7 0
    endloop
  endfacet
  facet normal 0 0 -1
    outer loop
      vertex 68.25 4.5 0
      vertex 69.25 7 0
      vertex 68.75 4.5 0
    endloop
  endfacet
  facet normal 0 0 -1
    outer loop
      vertex 67.75 4.5 0
      vertex 68.25 4.5 0
      vertex 67.75 2 0
    endloop
  endfacet
  facet normal 0 0 -1
    outer loop
      vertex 67.75 4.5 0
      vertex 69.25 7 0
      vertex 68.25 4.5 0
    endloop
  endfacet
  facet normal 0 0 -1
    outer loop
      vertex 67.25 4.5 0
      vertex 69.25 7 0
      vertex 67.75 4.5 0
    endloop
  endfacet
  facet normal 0 0 -1
    outer loop
      vertex 65.75 7 0
      vertex 69.25 7 0
      vertex 67.25 4.5 0
    endloop
  endfacet
  facet normal 0 0 -1
    outer loop
      vertex 66.75 4.5 0
      vertex 67.25 4.5 0
      vertex 66.75 2 0
    endloop
  endfacet
  facet normal 0 0 -1
    outer loop
      vertex 65.75 7 0
      vertex 67.25 4.5 0
      vertex 66.75 4.5 0
    endloop
  endfacet
  facet normal 0 0 -1
    outer loop
      vertex 65.75 7 0
      vertex 66.75 4.5 0
      vertex 66.25 4.5 0
    endloop
  endfacet
  facet normal 0 0 -1
    outer loop
      vertex 65.75 7 0
      vertex 66.25 4.5 0
      vertex 65.75 2 0
    endloop
  endfacet
  facet normal 0 0 -1
    outer loop
      vertex 69.25 7 0
      vertex 65.75 7 0
      vertex 79 21 0
    endloop
  endfacet
  facet normal 0 0 -1
    outer loop
      vertex 65.25 7 0
      vertex 79 21 0
      vertex 65.75 7 0
    endloop
  endfacet
  facet normal 0 0 -1
    outer loop
      vertex 65.25 2 0
      vertex 64.75 4.5 0
      vertex 65.25 7 0
    endloop
  endfacet
  facet normal 0 0 -1
    outer loop
      vertex 64.25 4.5 0
      vertex 65.25 7 0
      vertex 64.75 4.5 0
    endloop
  endfacet
  facet normal 0 0 -1
    outer loop
      vertex 63.75 4.5 0
      vertex 64.25 4.5 0
      vertex 63.75 2 0
    endloop
  endfacet
  facet normal 0 0 -1
    outer loop
      vertex 63.75 4.5 0
      vertex 65.25 7 0
      vertex 64.25 4.5 0
    endloop
  endfacet
  facet normal 0 0 -1
    outer loop
      vertex 63.25 4.5 0
      vertex 65.25 7 0
      vertex 63.75 4.5 0
    endloop
  endfacet
  facet normal 0 0 -1
    outer loop
      vertex 62.75 4.5 0
      vertex 63.25 4.5 0
      vertex 62.75 2 0
    endloop
  endfacet
  facet normal 0 0 -1
    outer loop
      vertex 61.75 7 0
      vertex 63.25 4.5 0
      vertex 62.75 4.5 0
    endloop
  endfacet
  facet normal 0 0 -1
    outer loop
      vertex 63.25 4.5 0
      vertex 61.75 7 0
      vertex 65.25 7 0
    endloop
  endfacet
  facet normal 0 0 -1
    outer loop
      vertex 61.75 7 0
      vertex 62.75 4.5 0
      vertex 62.25 4.5 0
    endloop
  endfacet
  facet normal 0 0 -1
    outer loop
      vertex 61.75 7 0
      vertex 62.25 4.5 0
      vertex 61.75 2 0
    endloop
  endfacet
  facet normal 0 0 -1
    outer loop
      vertex 65.25 7 0
      vertex 61.75 7 0
      vertex 79 21 0
    endloop
  endfacet
  facet normal 0 0 -1
    outer loop
      vertex 61.25 7 0
      vertex 79 21 0
      vertex 61.75 7 0
    endloop
  endfacet
  facet normal 0 0 -1
    outer loop
      vertex 61.25 2 0
      vertex 60.75 4.5 0
      vertex 61.25 7 0
    endloop
  endfacet
  facet normal 0 0 -1
    outer loop
      vertex 60.25 4.5 0
      vertex 61.25 7 0
      vertex 60.75 4.5 0
    endloop
  endfacet
  facet normal 0 0 -1
    outer loop
      vertex 59.75 4.5 0
      vertex 60.25 4.5 0
      vertex 59.75 2 0
    endloop
  endfacet
  facet normal 0 0 -1
    outer loop
      vertex 59.75 4.5 0
      vertex 61.25 7 0
      vertex 60.25 4.5 0
    endloop
  endfacet
  facet normal 0 0 -1
    outer loop
      vertex 59.25 4.5 0
      vertex 61.25 7 0
      vertex 59.75 4.5 0
    endloop
  endfacet
  facet normal 0 0 -1
    outer loop
      vertex 58.75 4.5 0
      vertex 59.25 4.5 0
      vertex 58.75 2 0
    endloop
  endfacet
  facet normal 0 0 -1
    outer loop
      vertex 57.75 7 0
      vertex 59.25 4.5 0
      vertex 58.75 4.5 0
    endloop
  endfacet
  facet normal 0 0 -1
    outer loop
      vertex 57.75 7 0
      vertex 58.75 4.5 0
      vertex 58.25 4.5 0
    endloop
  endfacet
  facet normal 0 0 -1
    outer loop
      vertex 57.75 7 0
      vertex 58.25 4.5 0
      vertex 57.75 2 0
    endloop
  endfacet
  facet normal 0 0 -1
    outer loop
      vertex 59.25 4.5 0
      vertex 57.75 7 0
      vertex 61.25 7 0
    endloop
  endfacet
  facet normal 0 0 -1
    outer loop
      vertex 57.75 7 0
      vertex 79 21 0
      vertex 61.25 7 0
    endloop
  endfacet
  facet normal 0 0 -1
    outer loop
      vertex 57.25 7 0
      vertex 79 21 0
      vertex 57.75 7 0
    endloop
  endfacet
  facet normal 0 0 -1
    outer loop
      vertex 56.9343 1.0583 0
      vertex 57.25 2 0
      vertex 57.0408 1.10865 0
    endloop
  endfacet
  facet normal 0 0 -1
    outer loop
      vertex 56.8333 0.997763 0
      vertex 57.25 2 0
      vertex 56.9343 1.0583 0
    endloop
  endfacet
  facet normal 0 0 -1
    outer loop
      vertex 56.7387 0.927612 0
      vertex 57.25 2 0
      vertex 56.8333 0.997763 0
    endloop
  endfacet
  facet normal 0 0 -1
    outer loop
      vertex 56.6515 0.848528 0
      vertex 57.25 2 0
      vertex 56.7387 0.927612 0
    endloop
  endfacet
  facet normal 0 0 -1
    outer loop
      vertex 56.5724 0.761271 0
      vertex 57.25 2 0
      vertex 56.6515 0.848528 0
    endloop
  endfacet
  facet normal 0 0 -1
    outer loop
      vertex 56.5022 0.666684 0
      vertex 57.25 2 0
      vertex 56.5724 0.761271 0
    endloop
  endfacet
  facet normal -0 0 -1
    outer loop
      vertex 57.25 2 0
      vertex 56.5022 0.666684 0
      vertex 57.25 7 0
    endloop
  endfacet
  facet normal 0 0 -1
    outer loop
      vertex 56.4417 0.565676 0
      vertex 57.25 7 0
      vertex 56.5022 0.666684 0
    endloop
  endfacet
  facet normal 0 0 -1
    outer loop
      vertex 56.3913 0.45922 0
      vertex 57.25 7 0
      vertex 56.4417 0.565676 0
    endloop
  endfacet
  facet normal 0 0 -1
    outer loop
      vertex 56.3517 0.348341 0
      vertex 57.25 7 0
      vertex 56.3913 0.45922 0
    endloop
  endfacet
  facet normal 0 0 -1
    outer loop
      vertex 56.3231 0.234108 0
      vertex 57.25 7 0
      vertex 56.3517 0.348341 0
    endloop
  endfacet
  facet normal 0 0 -1
    outer loop
      vertex 36.45 -21 0
      vertex 56.3231 0.234108 0
      vertex 56.3058 0.11762 0
    endloop
  endfacet
  facet normal -0 0 -1
    outer loop
      vertex 56.3058 -0.11762 0
      vertex 36.45 -21 0
      vertex 56.3 0 0
    endloop
  endfacet
  facet normal -0 0 -1
    outer loop
      vertex 56.3 0 0
      vertex 36.45 -21 0
      vertex 56.3058 0.11762 0
    endloop
  endfacet
  facet normal 0 0 -1
    outer loop
      vertex 45.95 -45 0
      vertex 39.25 -33.5 0
      vertex 45.95 -21 0
    endloop
  endfacet
  facet normal 0 0 -1
    outer loop
      vertex 36.45 -21 0
      vertex 45.95 -21 0
      vertex 39.25 -33.5 0
    endloop
  endfacet
  facet normal 0 0 -1
    outer loop
      vertex 36.45 -21 0
      vertex 39.25 -33.5 0
      vertex 37.45 -33.5 0
    endloop
  endfacet
  facet normal 0 0 -1
    outer loop
      vertex 36.45 -21 0
      vertex 37.45 -33.5 0
      vertex 36.45 -45 0
    endloop
  endfacet
  facet normal -0 0 -1
    outer loop
      vertex 56.3231 0.234108 0
      vertex 36.45 -21 0
      vertex 57.25 7 0
    endloop
  endfacet
  facet normal 0 0 -1
    outer loop
      vertex -21 21 0
      vertex 36.45 -21 0
      vertex -21 -21 0
    endloop
  endfacet
  facet normal 0 0 -1
    outer loop
      vertex 36.45 -21 0
      vertex -21 21 0
      vertex 57.25 7 0
    endloop
  endfacet
  facet normal 0 0 -1
    outer loop
      vertex 57.25 7 0
      vertex -21 21 0
      vertex 79 21 0
    endloop
  endfacet
  facet normal -1 0 0
    outer loop
      vertex 15 21 3
      vertex 15 15.7 22
      vertex 15 21 41
    endloop
  endfacet
  facet normal -1 0 0
    outer loop
      vertex 15 21 3
      vertex 15 15.6244 20.4611
      vertex 15 15.7 22
    endloop
  endfacet
  facet normal -1 0 0
    outer loop
      vertex 15 21 3
      vertex 15 15.3983 18.9371
      vertex 15 15.6244 20.4611
    endloop
  endfacet
  facet normal -1 0 0
    outer loop
      vertex 15 21 3
      vertex 15 15.024 17.4425
      vertex 15 15.3983 18.9371
    endloop
  endfacet
  facet normal -1 0 0
    outer loop
      vertex 15 21 3
      vertex 15 14.5049 15.9919
      vertex 15 15.024 17.4425
    endloop
  endfacet
  facet normal -1 0 0
    outer loop
      vertex 15 21 3
      vertex 15 13.8462 14.5991
      vertex 15 14.5049 15.9919
    endloop
  endfacet
  facet normal -1 0 0
    outer loop
      vertex 15 21 3
      vertex 15 13.0541 13.2776
      vertex 15 13.8462 14.5991
    endloop
  endfacet
  facet normal -1 0 0
    outer loop
      vertex 15 21 3
      vertex 15 12.1363 12.04
      vertex 15 13.0541 13.2776
    endloop
  endfacet
  facet normal -1 0 0
    outer loop
      vertex 15 21 3
      vertex 15 11.1016 10.8984
      vertex 15 12.1363 12.04
    endloop
  endfacet
  facet normal -1 0 0
    outer loop
      vertex 15 21 3
      vertex 15 9.95996 9.86374
      vertex 15 11.1016 10.8984
    endloop
  endfacet
  facet normal -1 0 0
    outer loop
      vertex 15 21 3
      vertex 15 8.72244 8.94594
      vertex 15 9.95996 9.86374
    endloop
  endfacet
  facet normal -1 0 0
    outer loop
      vertex 15 21 3
      vertex 15 7.40092 8.15384
      vertex 15 8.72244 8.94594
    endloop
  endfacet
  facet normal -1 0 0
    outer loop
      vertex 15 21 3
      vertex 15 6.00812 7.4951
      vertex 15 7.40092 8.15384
    endloop
  endfacet
  facet normal -1 0 0
    outer loop
      vertex 15 21 3
      vertex 15 4.55746 6.97604
      vertex 15 6.00812 7.4951
    endloop
  endfacet
  facet normal -1 0 0
    outer loop
      vertex 15 21 3
      vertex 15 3.06291 6.60168
      vertex 15 4.55746 6.97604
    endloop
  endfacet
  facet normal -1 0 0
    outer loop
      vertex 15 21 3
      vertex 15 1.53886 6.37561
      vertex 15 3.06291 6.60168
    endloop
  endfacet
  facet normal -1 0 0
    outer loop
      vertex 15 21 3
      vertex 15 0 6.3
      vertex 15 1.53886 6.37561
    endloop
  endfacet
  facet normal -1 0 0
    outer loop
      vertex 15 -21 3
      vertex 15 0 6.3
      vertex 15 21 3
    endloop
  endfacet
  facet normal -1 -0 0
    outer loop
      vertex 15 0 6.3
      vertex 15 -21 3
      vertex 15 -1.53886 6.37561
    endloop
  endfacet
  facet normal -1 -0 0
    outer loop
      vertex 15 -1.53886 6.37561
      vertex 15 -21 3
      vertex 15 -3.06291 6.60168
    endloop
  endfacet
  facet normal -1 0 0
    outer loop
      vertex 15 -21 3
      vertex 15 -4.55746 6.97604
      vertex 15 -3.06291 6.60168
    endloop
  endfacet
  facet normal -1 0 0
    outer loop
      vertex 15 -21 3
      vertex 15 -6.00812 7.4951
      vertex 15 -4.55746 6.97604
    endloop
  endfacet
  facet normal -1 0 0
    outer loop
      vertex 15 -21 3
      vertex 15 -7.40092 8.15384
      vertex 15 -6.00812 7.4951
    endloop
  endfacet
  facet normal -1 0 0
    outer loop
      vertex 15 -21 3
      vertex 15 -8.72244 8.94594
      vertex 15 -7.40092 8.15384
    endloop
  endfacet
  facet normal -1 0 0
    outer loop
      vertex 15 -21 3
      vertex 15 -9.95996 9.86374
      vertex 15 -8.72244 8.94594
    endloop
  endfacet
  facet normal -1 0 0
    outer loop
      vertex 15 -21 3
      vertex 15 -11.1016 10.8984
      vertex 15 -9.95996 9.86374
    endloop
  endfacet
  facet normal -1 0 0
    outer loop
      vertex 15 -21 3
      vertex 15 -12.1363 12.04
      vertex 15 -11.1016 10.8984
    endloop
  endfacet
  facet normal -1 0 0
    outer loop
      vertex 15 -21 3
      vertex 15 -13.0541 13.2776
      vertex 15 -12.1363 12.04
    endloop
  endfacet
  facet normal -1 0 0
    outer loop
      vertex 15 -21 3
      vertex 15 -13.8462 14.5991
      vertex 15 -13.0541 13.2776
    endloop
  endfacet
  facet normal -1 0 0
    outer loop
      vertex 15 -21 3
      vertex 15 -14.5049 15.9919
      vertex 15 -13.8462 14.5991
    endloop
  endfacet
  facet normal -1 0 0
    outer loop
      vertex 15 -21 3
      vertex 15 -15.024 17.4425
      vertex 15 -14.5049 15.9919
    endloop
  endfacet
  facet normal -1 0 0
    outer loop
      vertex 15 -21 3
      vertex 15 -15.3983 18.9371
      vertex 15 -15.024 17.4425
    endloop
  endfacet
  facet normal -1 0 0
    outer loop
      vertex 15 -21 3
      vertex 15 -15.6244 20.4611
      vertex 15 -15.3983 18.9371
    endloop
  endfacet
  facet normal -1 0 0
    outer loop
      vertex 15 -21 3
      vertex 15 -15.7 22
      vertex 15 -15.6244 20.4611
    endloop
  endfacet
  facet normal -1 0 0
    outer loop
      vertex 15 -21 41
      vertex 15 -15.7 22
      vertex 15 -21 3
    endloop
  endfacet
  facet normal -1 0 0
    outer loop
      vertex 15 -15.7 22
      vertex 15 -21 41
      vertex 15 -15.7 41
    endloop
  endfacet
  facet normal -1 -0 0
    outer loop
      vertex 15 21 41
      vertex 15 15.7 22
      vertex 15 15.7 41
    endloop
  endfacet
  facet normal 0 1 -0
    outer loop
      vertex 74 -19 3
      vertex 21 -19 41
      vertex 74 -19 41
    endloop
  endfacet
  facet normal 0 1 0
    outer loop
      vertex 21 -19 41
      vertex 74 -19 3
      vertex 21 -19 3
    endloop
  endfacet
  facet normal 0 -1 0
    outer loop
      vertex -21 -21 41
      vertex -16 -21 3
      vertex -16 -21 41
    endloop
  endfacet
  facet normal 0 -1 -0
    outer loop
      vertex -16 -21 3
      vertex -21 -21 0
      vertex 15 -21 3
    endloop
  endfacet
  facet normal 0 -1 0
    outer loop
      vertex -21 -21 0
      vertex -16 -21 3
      vertex -21 -21 41
    endloop
  endfacet
  facet normal 0 -1 0
    outer loop
      vertex 45.95 -21 35.2
      vertex 15 -21 41
      vertex 36.45 -21 35.2
    endloop
  endfacet
  facet normal 0 -1 0
    outer loop
      vertex 15 -21 3
      vertex 36.45 -21 35.2
      vertex 15 -21 41
    endloop
  endfacet
  facet normal 0 -1 0
    outer loop
      vertex 15 -21 3
      vertex 36.45 -21 0
      vertex 36.45 -21 35.2
    endloop
  endfacet
  facet normal 0 -1 0
    outer loop
      vertex 36.45 -21 0
      vertex 15 -21 3
      vertex -21 -21 0
    endloop
  endfacet
  facet normal 0 -1 0
    outer loop
      vertex 15 -21 41
      vertex 45.95 -21 35.2
      vertex 79 -21 41
    endloop
  endfacet
  facet normal 0 -1 0
    outer loop
      vertex 79 -21 0
      vertex 45.95 -21 35.2
      vertex 45.95 -21 0
    endloop
  endfacet
  facet normal 0 -1 0
    outer loop
      vertex 45.95 -21 35.2
      vertex 79 -21 0
      vertex 79 -21 41
    endloop
  endfacet
  facet normal 0 1 0
    outer loop
      vertex 79 21 41
      vertex 15 21 3
      vertex 15 21 41
    endloop
  endfacet
  facet normal 0 1 0
    outer loop
      vertex -21 21 0
      vertex 15 21 3
      vertex 79 21 0
    endloop
  endfacet
  facet normal 0 1 -0
    outer loop
      vertex 79 21 0
      vertex 15 21 3
      vertex 79 21 41
    endloop
  endfacet
  facet normal 0 1 -0
    outer loop
      vertex -16 21 3
      vertex -21 21 41
      vertex -16 21 41
    endloop
  endfacet
  facet normal 0 1 0
    outer loop
      vertex -16 21 3
      vertex -21 21 0
      vertex -21 21 41
    endloop
  endfacet
  facet normal 0 1 0
    outer loop
      vertex 15 21 3
      vertex -21 21 0
      vertex -16 21 3
    endloop
  endfacet
  facet normal 0 -1 0
    outer loop
      vertex 21 19 3
      vertex 74 19 41
      vertex 21 19 41
    endloop
  endfacet
  facet normal 0 -1 -0
    outer loop
      vertex 74 19 41
      vertex 21 19 3
      vertex 74 19 3
    endloop
  endfacet
  facet normal 1 0 0
    outer loop
      vertex 45.95 -27 23.6
      vertex 45.95 -21 35.2
      vertex 45.95 -27 32.4
    endloop
  endfacet
  facet normal 1 -0 0
    outer loop
      vertex 45.95 -45 35.2
      vertex 45.95 -27 32.4
      vertex 45.95 -21 35.2
    endloop
  endfacet
  facet normal 1 0 0
    outer loop
      vertex 45.95 -27 32.4
      vertex 45.95 -45 35.2
      vertex 45.95 -45 32.4
    endloop
  endfacet
  facet normal 1 0 0
    outer loop
      vertex 45.95 -21 35.2
      vertex 45.95 -27 23.6
      vertex 45.95 -21 0
    endloop
  endfacet
  facet normal 1 0 0
    outer loop
      vertex 45.95 -45 0
      vertex 45.95 -27 23.6
      vertex 45.95 -45 23.6
    endloop
  endfacet
  facet normal 1 0 0
    outer loop
      vertex 45.95 -27 23.6
      vertex 45.95 -45 0
      vertex 45.95 -21 0
    endloop
  endfacet
  facet normal 0 0 1
    outer loop
      vertex 45.95 -21 35.2
      vertex 39.25 -33.5 35.2
      vertex 45.95 -45 35.2
    endloop
  endfacet
  facet normal -0 0 1
    outer loop
      vertex 36.45 -21 35.2
      vertex 39.25 -33.5 35.2
      vertex 45.95 -21 35.2
    endloop
  endfacet
  facet normal 0 0 1
    outer loop
      vertex 36.45 -45 35.2
      vertex 37.45 -33.5 35.2
      vertex 36.45 -21 35.2
    endloop
  endfacet
  facet normal 0 0 1
    outer loop
      vertex 39.25 -33.5 35.2
      vertex 36.45 -21 35.2
      vertex 37.45 -33.5 35.2
    endloop
  endfacet
  facet normal -0 0 1
    outer loop
      vertex 39.25 -38.5 35.2
      vertex 45.95 -45 35.2
      vertex 39.25 -33.5 35.2
    endloop
  endfacet
  facet normal 0 0 1
    outer loop
      vertex 36.45 -45 35.2
      vertex 39.25 -38.5 35.2
      vertex 37.45 -38.5 35.2
    endloop
  endfacet
  facet normal 0 0 1
    outer loop
      vertex 39.25 -38.5 35.2
      vertex 36.45 -45 35.2
      vertex 45.95 -45 35.2
    endloop
  endfacet
  facet normal 0 0 1
    outer loop
      vertex 37.45 -33.5 35.2
      vertex 36.45 -45 35.2
      vertex 37.45 -38.5 35.2
    endloop
  endfacet
  facet normal -1 0 0
    outer loop
      vertex 36.45 -45 0
      vertex 36.45 -21 35.2
      vertex 36.45 -21 0
    endloop
  endfacet
  facet normal -1 -0 0
    outer loop
      vertex 36.45 -21 35.2
      vertex 36.45 -45 0
      vertex 36.45 -45 35.2
    endloop
  endfacet
  facet normal 0 -1 0
    outer loop
      vertex 36.45 -45 35.2
      vertex 40.05 -45 33.2
      vertex 45.95 -45 35.2
    endloop
  endfacet
  facet normal 0 -1 0
    outer loop
      vertex 36.45 -45 35.2
      vertex 40.05 -45 22.8
      vertex 40.05 -45 33.2
    endloop
  endfacet
  facet normal 0 -1 0
    outer loop
      vertex 45.95 -45 0
      vertex 40.05 -45 22.8
      vertex 36.45 -45 0
    endloop
  endfacet
  facet normal 0 -1 0
    outer loop
      vertex 36.45 -45 0
      vertex 40.05 -45 22.8
      vertex 36.45 -45 35.2
    endloop
  endfacet
  facet normal 0 -1 0
    outer loop
      vertex 43.95 -45 33.2
      vertex 45.95 -45 35.2
      vertex 40.05 -45 33.2
    endloop
  endfacet
  facet normal 0 -1 0
    outer loop
      vertex 45.95 -45 32.4
      vertex 43.95 -45 33.2
      vertex 43.95 -45 32.4
    endloop
  endfacet
  facet normal 0 -1 0
    outer loop
      vertex 43.95 -45 33.2
      vertex 45.95 -45 32.4
      vertex 45.95 -45 35.2
    endloop
  endfacet
  facet normal 0 -1 0
    outer loop
      vertex 43.95 -45 22.8
      vertex 45.95 -45 23.6
      vertex 43.95 -45 23.6
    endloop
  endfacet
  facet normal 0 -1 0
    outer loop
      vertex 40.05 -45 22.8
      vertex 45.95 -45 0
      vertex 43.95 -45 22.8
    endloop
  endfacet
  facet normal 0 -1 0
    outer loop
      vertex 43.95 -45 22.8
      vertex 45.95 -45 0
      vertex 45.95 -45 23.6
    endloop
  endfacet
  facet normal -1 0 0
    outer loop
      vertex 43.95 -45 32.4
      vertex 43.95 -27 33.2
      vertex 43.95 -27 32.4
    endloop
  endfacet
  facet normal -1 -0 0
    outer loop
      vertex 43.95 -27 33.2
      vertex 43.95 -45 32.4
      vertex 43.95 -45 33.2
    endloop
  endfacet
  facet normal -1 0 0
    outer loop
      vertex 43.95 -45 22.8
      vertex 43.95 -27 23.6
      vertex 43.95 -27 22.8
    endloop
  endfacet
  facet normal -1 -0 0
    outer loop
      vertex 43.95 -27 23.6
      vertex 43.95 -45 22.8
      vertex 43.95 -45 23.6
    endloop
  endfacet
  facet normal 0 0 -1
    outer loop
      vertex 40.05 -45 33.2
      vertex 43.95 -27 33.2
      vertex 43.95 -45 33.2
    endloop
  endfacet
  facet normal -0 0 -1
    outer loop
      vertex 43.95 -27 33.2
      vertex 40.05 -45 33.2
      vertex 40.05 -27 33.2
    endloop
  endfacet
  facet normal -0 0 1
    outer loop
      vertex 40.05 -27 22.8
      vertex 43.95 -45 22.8
      vertex 43.95 -27 22.8
    endloop
  endfacet
  facet normal 0 0 1
    outer loop
      vertex 43.95 -45 22.8
      vertex 40.05 -27 22.8
      vertex 40.05 -45 22.8
    endloop
  endfacet
  facet normal 1 -0 0
    outer loop
      vertex 40.05 -45 33.2
      vertex 40.05 -27 22.8
      vertex 40.05 -27 33.2
    endloop
  endfacet
  facet normal 1 0 0
    outer loop
      vertex 40.05 -27 22.8
      vertex 40.05 -45 33.2
      vertex 40.05 -45 22.8
    endloop
  endfacet
  facet normal 0 -1 0
    outer loop
      vertex 40.05 -27 33.2
      vertex 43.95 -27 32.4
      vertex 43.95 -27 33.2
    endloop
  endfacet
  facet normal 0 -1 0
    outer loop
      vertex 43.95 -27 32.4
      vertex 43.95 -27 23.6
      vertex 45.95 -27 32.4
    endloop
  endfacet
  facet normal 0 -1 0
    outer loop
      vertex 40.05 -27 33.2
      vertex 43.95 -27 23.6
      vertex 43.95 -27 32.4
    endloop
  endfacet
  facet normal 0 -1 0
    outer loop
      vertex 40.05 -27 22.8
      vertex 43.95 -27 23.6
      vertex 40.05 -27 33.2
    endloop
  endfacet
  facet normal 0 -1 -0
    outer loop
      vertex 43.95 -27 23.6
      vertex 40.05 -27 22.8
      vertex 43.95 -27 22.8
    endloop
  endfacet
  facet normal 0 -1 -0
    outer loop
      vertex 45.95 -27 32.4
      vertex 43.95 -27 23.6
      vertex 45.95 -27 23.6
    endloop
  endfacet
  facet normal 0 0 -1
    outer loop
      vertex 43.95 -45 32.4
      vertex 45.95 -27 32.4
      vertex 45.95 -45 32.4
    endloop
  endfacet
  facet normal -0 0 -1
    outer loop
      vertex 45.95 -27 32.4
      vertex 43.95 -45 32.4
      vertex 43.95 -27 32.4
    endloop
  endfacet
  facet normal -0 0 1
    outer loop
      vertex 43.95 -27 23.6
      vertex 45.95 -45 23.6
      vertex 45.95 -27 23.6
    endloop
  endfacet
  facet normal 0 0 1
    outer loop
      vertex 45.95 -45 23.6
      vertex 43.95 -27 23.6
      vertex 43.95 -45 23.6
    endloop
  endfacet
  facet normal -1 0 0
    outer loop
      vertex 39.25 -38.5 0
      vertex 39.25 -33.5 35.2
      vertex 39.25 -33.5 0
    endloop
  endfacet
  facet normal -1 -0 0
    outer loop
      vertex 39.25 -33.5 35.2
      vertex 39.25 -38.5 0
      vertex 39.25 -38.5 35.2
    endloop
  endfacet
  facet normal 1 -0 0
    outer loop
      vertex 37.45 -38.5 35.2
      vertex 37.45 -33.5 0
      vertex 37.45 -33.5 35.2
    endloop
  endfacet
  facet normal 1 0 0
    outer loop
      vertex 37.45 -33.5 0
      vertex 37.45 -38.5 35.2
      vertex 37.45 -38.5 0
    endloop
  endfacet
  facet normal 0 -1 0
    outer loop
      vertex 37.45 -33.5 0
      vertex 39.25 -33.5 35.2
      vertex 37.45 -33.5 35.2
    endloop
  endfacet
  facet normal 0 -1 -0
    outer loop
      vertex 39.25 -33.5 35.2
      vertex 37.45 -33.5 0
      vertex 39.25 -33.5 0
    endloop
  endfacet
  facet normal 0 1 -0
    outer loop
      vertex 39.25 -38.5 0
      vertex 37.45 -38.5 35.2
      vertex 39.25 -38.5 35.2
    endloop
  endfacet
  facet normal 0 1 0
    outer loop
      vertex 37.45 -38.5 35.2
      vertex 39.25 -38.5 0
      vertex 37.45 -38.5 0
    endloop
  endfacet
  facet normal 1 0 0
    outer loop
      vertex 79 -5 41
      vertex 79 -21 41
      vertex 79 -5 31
    endloop
  endfacet
  facet normal 1 0 0
    outer loop
      vertex 79 5 31
      vertex 79 21 41
      vertex 79 5 41
    endloop
  endfacet
  facet normal 1 0 0
    outer loop
      vertex 79 21 41
      vertex 79 5 31
      vertex 79 21 0
    endloop
  endfacet
  facet normal 1 -0 0
    outer loop
      vertex 79 -5 31
      vertex 79 21 0
      vertex 79 5 31
    endloop
  endfacet
  facet normal 1 0 0
    outer loop
      vertex 79 -21 0
      vertex 79 -5 31
      vertex 79 -21 41
    endloop
  endfacet
  facet normal 1 0 0
    outer loop
      vertex 79 -5 31
      vertex 79 -21 0
      vertex 79 21 0
    endloop
  endfacet
  facet normal 0 0 1
    outer loop
      vertex 15 21 3
      vertex 12.5158 8.27315 3
      vertex 15 -21 3
    endloop
  endfacet
  facet normal 0 0 1
    outer loop
      vertex 15 21 3
      vertex 8.27315 12.5158 3
      vertex 12.5158 8.27315 3
    endloop
  endfacet
  facet normal -0 0 1
    outer loop
      vertex -16 21 3
      vertex 8.27315 12.5158 3
      vertex 15 21 3
    endloop
  endfacet
  facet normal 0 0 1
    outer loop
      vertex 8.27315 12.5158 3
      vertex -16 21 3
      vertex -12.5158 -8.27315 3
    endloop
  endfacet
  facet normal -0 0 1
    outer loop
      vertex -8.27315 -12.5158 3
      vertex 15 -21 3
      vertex 12.5158 8.27315 3
    endloop
  endfacet
  facet normal 0 0 1
    outer loop
      vertex -8.27315 -12.5158 3
      vertex -16 -21 3
      vertex 15 -21 3
    endloop
  endfacet
  facet normal 0 0 1
    outer loop
      vertex -12.5158 -8.27315 3
      vertex -16 -21 3
      vertex -8.27315 -12.5158 3
    endloop
  endfacet
  facet normal 0 0 1
    outer loop
      vertex -16 -21 3
      vertex -12.5158 -8.27315 3
      vertex -16 21 3
    endloop
  endfacet
  facet normal 0 0 1
    outer loop
      vertex 74 19 3
      vertex 70.7 0 3
      vertex 74 -19 3
    endloop
  endfacet
  facet normal 0 0 1
    outer loop
      vertex 74 19 3
      vertex 70.6942 0.11762 3
      vertex 70.7 0 3
    endloop
  endfacet
  facet normal 0 0 1
    outer loop
      vertex 74 19 3
      vertex 70.6769 0.234108 3
      vertex 70.6942 0.11762 3
    endloop
  endfacet
  facet normal 0 0 1
    outer loop
      vertex 74 19 3
      vertex 70.6483 0.348341 3
      vertex 70.6769 0.234108 3
    endloop
  endfacet
  facet normal 0 0 1
    outer loop
      vertex 74 19 3
      vertex 70.6087 0.45922 3
      vertex 70.6483 0.348341 3
    endloop
  endfacet
  facet normal 0 0 1
    outer loop
      vertex 74 19 3
      vertex 70.5583 0.565676 3
      vertex 70.6087 0.45922 3
    endloop
  endfacet
  facet normal 0 0 1
    outer loop
      vertex 74 19 3
      vertex 70.4978 0.666684 3
      vertex 70.5583 0.565676 3
    endloop
  endfacet
  facet normal 0 0 1
    outer loop
      vertex 74 19 3
      vertex 70.4276 0.761271 3
      vertex 70.4978 0.666684 3
    endloop
  endfacet
  facet normal 0 0 1
    outer loop
      vertex 74 19 3
      vertex 70.3485 0.848528 3
      vertex 70.4276 0.761271 3
    endloop
  endfacet
  facet normal 0 0 1
    outer loop
      vertex 74 19 3
      vertex 70.2613 0.927612 3
      vertex 70.3485 0.848528 3
    endloop
  endfacet
  facet normal 0 0 1
    outer loop
      vertex 74 19 3
      vertex 70.1667 0.997763 3
      vertex 70.2613 0.927612 3
    endloop
  endfacet
  facet normal 0 0 1
    outer loop
      vertex 74 19 3
      vertex 70.0657 1.0583 3
      vertex 70.1667 0.997763 3
    endloop
  endfacet
  facet normal 0 0 1
    outer loop
      vertex 74 19 3
      vertex 69.9592 1.10865 3
      vertex 70.0657 1.0583 3
    endloop
  endfacet
  facet normal 0 0 1
    outer loop
      vertex 74 19 3
      vertex 69.8483 1.14833 3
      vertex 69.9592 1.10865 3
    endloop
  endfacet
  facet normal 0 0 1
    outer loop
      vertex 74 19 3
      vertex 69.7341 1.17694 3
      vertex 69.8483 1.14833 3
    endloop
  endfacet
  facet normal 0 0 1
    outer loop
      vertex 74 19 3
      vertex 69.6176 1.19422 3
      vertex 69.7341 1.17694 3
    endloop
  endfacet
  facet normal 0 0 1
    outer loop
      vertex 74 19 3
      vertex 69.5 1.2 3
      vertex 69.6176 1.19422 3
    endloop
  endfacet
  facet normal 0 0 1
    outer loop
      vertex 74 19 3
      vertex 57.5 1.2 3
      vertex 69.5 1.2 3
    endloop
  endfacet
  facet normal 0 0 1
    outer loop
      vertex 74 19 3
      vertex 57.3824 1.19422 3
      vertex 57.5 1.2 3
    endloop
  endfacet
  facet normal 0 0 1
    outer loop
      vertex 74 19 3
      vertex 57.2659 1.17694 3
      vertex 57.3824 1.19422 3
    endloop
  endfacet
  facet normal 0 0 1
    outer loop
      vertex 74 19 3
      vertex 57.1517 1.14833 3
      vertex 57.2659 1.17694 3
    endloop
  endfacet
  facet normal 0 0 1
    outer loop
      vertex 74 19 3
      vertex 57.0408 1.10865 3
      vertex 57.1517 1.14833 3
    endloop
  endfacet
  facet normal -0 0 1
    outer loop
      vertex 21 19 3
      vertex 57.0408 1.10865 3
      vertex 74 19 3
    endloop
  endfacet
  facet normal 0 0 1
    outer loop
      vertex 57.0408 1.10865 3
      vertex 21 19 3
      vertex 56.9343 1.0583 3
    endloop
  endfacet
  facet normal 0 0 1
    outer loop
      vertex 56.9343 1.0583 3
      vertex 21 19 3
      vertex 56.8333 0.997763 3
    endloop
  endfacet
  facet normal 0 0 1
    outer loop
      vertex 56.8333 0.997763 3
      vertex 21 19 3
      vertex 56.7387 0.927612 3
    endloop
  endfacet
  facet normal 0 0 1
    outer loop
      vertex 56.3058 0.11762 3
      vertex 21 19 3
      vertex 56.3 0 3
    endloop
  endfacet
  facet normal 0 0 1
    outer loop
      vertex 56.3231 0.234108 3
      vertex 21 19 3
      vertex 56.3058 0.11762 3
    endloop
  endfacet
  facet normal 0 0 1
    outer loop
      vertex 56.3517 0.348341 3
      vertex 21 19 3
      vertex 56.3231 0.234108 3
    endloop
  endfacet
  facet normal 0 0 1
    outer loop
      vertex 56.3913 0.45922 3
      vertex 21 19 3
      vertex 56.3517 0.348341 3
    endloop
  endfacet
  facet normal 0 0 1
    outer loop
      vertex 56.4417 0.565676 3
      vertex 21 19 3
      vertex 56.3913 0.45922 3
    endloop
  endfacet
  facet normal 0 0 1
    outer loop
      vertex 56.5022 0.666684 3
      vertex 21 19 3
      vertex 56.4417 0.565676 3
    endloop
  endfacet
  facet normal 0 0 1
    outer loop
      vertex 56.5724 0.761271 3
      vertex 21 19 3
      vertex 56.5022 0.666684 3
    endloop
  endfacet
  facet normal 0 0 1
    outer loop
      vertex 56.6515 0.848528 3
      vertex 21 19 3
      vertex 56.5724 0.761271 3
    endloop
  endfacet
  facet normal 0 0 1
    outer loop
      vertex 56.7387 0.927612 3
      vertex 21 19 3
      vertex 56.6515 0.848528 3
    endloop
  endfacet
  facet normal -0 0 1
    outer loop
      vertex 70.6942 -0.11762 3
      vertex 74 -19 3
      vertex 70.7 0 3
    endloop
  endfacet
  facet normal -0 0 1
    outer loop
      vertex 70.6769 -0.234108 3
      vertex 74 -19 3
      vertex 70.6942 -0.11762 3
    endloop
  endfacet
  facet normal -0 0 1
    outer loop
      vertex 70.6483 -0.348341 3
      vertex 74 -19 3
      vertex 70.6769 -0.234108 3
    endloop
  endfacet
  facet normal -0 0 1
    outer loop
      vertex 70.6087 -0.45922 3
      vertex 74 -19 3
      vertex 70.6483 -0.348341 3
    endloop
  endfacet
  facet normal -0 0 1
    outer loop
      vertex 70.5583 -0.565676 3
      vertex 74 -19 3
      vertex 70.6087 -0.45922 3
    endloop
  endfacet
  facet normal -0 0 1
    outer loop
      vertex 70.4978 -0.666684 3
      vertex 74 -19 3
      vertex 70.5583 -0.565676 3
    endloop
  endfacet
  facet normal -0 0 1
    outer loop
      vertex 70.4276 -0.761271 3
      vertex 74 -19 3
      vertex 70.4978 -0.666684 3
    endloop
  endfacet
  facet normal -0 0 1
    outer loop
      vertex 70.3485 -0.848528 3
      vertex 74 -19 3
      vertex 70.4276 -0.761271 3
    endloop
  endfacet
  facet normal -0 0 1
    outer loop
      vertex 70.2613 -0.927612 3
      vertex 74 -19 3
      vertex 70.3485 -0.848528 3
    endloop
  endfacet
  facet normal -0 0 1
    outer loop
      vertex 70.1667 -0.997763 3
      vertex 74 -19 3
      vertex 70.2613 -0.927612 3
    endloop
  endfacet
  facet normal -0 0 1
    outer loop
      vertex 70.0657 -1.0583 3
      vertex 74 -19 3
      vertex 70.1667 -0.997763 3
    endloop
  endfacet
  facet normal -0 0 1
    outer loop
      vertex 69.9592 -1.10865 3
      vertex 74 -19 3
      vertex 70.0657 -1.0583 3
    endloop
  endfacet
  facet normal -0 0 1
    outer loop
      vertex 69.8483 -1.14833 3
      vertex 74 -19 3
      vertex 69.9592 -1.10865 3
    endloop
  endfacet
  facet normal -0 0 1
    outer loop
      vertex 69.7341 -1.17694 3
      vertex 74 -19 3
      vertex 69.8483 -1.14833 3
    endloop
  endfacet
  facet normal -0 0 1
    outer loop
      vertex 69.6176 -1.19422 3
      vertex 74 -19 3
      vertex 69.7341 -1.17694 3
    endloop
  endfacet
  facet normal -0 0 1
    outer loop
      vertex 69.5 -1.2 3
      vertex 74 -19 3
      vertex 69.6176 -1.19422 3
    endloop
  endfacet
  facet normal -0 0 1
    outer loop
      vertex 57.5 -1.2 3
      vertex 74 -19 3
      vertex 69.5 -1.2 3
    endloop
  endfacet
  facet normal 0 0 1
    outer loop
      vertex 57.3824 -1.19422 3
      vertex 74 -19 3
      vertex 57.5 -1.2 3
    endloop
  endfacet
  facet normal 0 0 1
    outer loop
      vertex 57.2659 -1.17694 3
      vertex 74 -19 3
      vertex 57.3824 -1.19422 3
    endloop
  endfacet
  facet normal 0 0 1
    outer loop
      vertex 57.1517 -1.14833 3
      vertex 74 -19 3
      vertex 57.2659 -1.17694 3
    endloop
  endfacet
  facet normal 0 0 1
    outer loop
      vertex 57.0408 -1.10865 3
      vertex 74 -19 3
      vertex 57.1517 -1.14833 3
    endloop
  endfacet
  facet normal 0 0 1
    outer loop
      vertex 21 -19 3
      vertex 57.0408 -1.10865 3
      vertex 56.9343 -1.0583 3
    endloop
  endfacet
  facet normal 0 0 1
    outer loop
      vertex 21 -19 3
      vertex 56.9343 -1.0583 3
      vertex 56.8333 -0.997763 3
    endloop
  endfacet
  facet normal 0 0 1
    outer loop
      vertex 21 -19 3
      vertex 56.8333 -0.997763 3
      vertex 56.7387 -0.927612 3
    endloop
  endfacet
  facet normal 0 0 1
    outer loop
      vertex 21 -19 3
      vertex 56.7387 -0.927612 3
      vertex 56.6515 -0.848528 3
    endloop
  endfacet
  facet normal 0 0 1
    outer loop
      vertex 21 -19 3
      vertex 56.3 0 3
      vertex 21 19 3
    endloop
  endfacet
  facet normal 0 0 1
    outer loop
      vertex 56.3 0 3
      vertex 21 -19 3
      vertex 56.3058 -0.11762 3
    endloop
  endfacet
  facet normal 0 0 1
    outer loop
      vertex 56.3058 -0.11762 3
      vertex 21 -19 3
      vertex 56.3231 -0.234108 3
    endloop
  endfacet
  facet normal 0 0 1
    outer loop
      vertex 56.3231 -0.234108 3
      vertex 21 -19 3
      vertex 56.3517 -0.348341 3
    endloop
  endfacet
  facet normal 0 0 1
    outer loop
      vertex 56.3517 -0.348341 3
      vertex 21 -19 3
      vertex 56.3913 -0.45922 3
    endloop
  endfacet
  facet normal 0 0 1
    outer loop
      vertex 56.3913 -0.45922 3
      vertex 21 -19 3
      vertex 56.4417 -0.565676 3
    endloop
  endfacet
  facet normal 0 0 1
    outer loop
      vertex 56.4417 -0.565676 3
      vertex 21 -19 3
      vertex 56.5022 -0.666684 3
    endloop
  endfacet
  facet normal 0 0 1
    outer loop
      vertex 56.5022 -0.666684 3
      vertex 21 -19 3
      vertex 56.5724 -0.761271 3
    endloop
  endfacet
  facet normal 0 0 1
    outer loop
      vertex 56.5724 -0.761271 3
      vertex 21 -19 3
      vertex 56.6515 -0.848528 3
    endloop
  endfacet
  facet normal 0 0 1
    outer loop
      vertex 57.0408 -1.10865 3
      vertex 21 -19 3
      vertex 74 -19 3
    endloop
  endfacet
  facet normal -1 0 0
    outer loop
      vertex -21 -21 0
      vertex -21 21 41
      vertex -21 21 0
    endloop
  endfacet
  facet normal -1 -0 0
    outer loop
      vertex -21 21 41
      vertex -21 -21 0
      vertex -21 -21 41
    endloop
  endfacet
  facet normal 1 -0 0
    outer loop
      vertex -16 -21 41
      vertex -16 21 3
      vertex -16 21 41
    endloop
  endfacet
  facet normal 1 0 0
    outer loop
      vertex -16 21 3
      vertex -16 -21 41
      vertex -16 -21 3
    endloop
  endfacet
  facet normal 0 0 1
    outer loop
      vertex -16 21 41
      vertex -17.6663 13.8342 41
      vertex -16 -21 41
    endloop
  endfacet
  facet normal 0 0 1
    outer loop
      vertex -16 -21 41
      vertex -17.6541 -13.9167 41
      vertex -17.65 -14 41
    endloop
  endfacet
  facet normal -0 0 1
    outer loop
      vertex -17.6663 -13.8342 41
      vertex -16 -21 41
      vertex -17.6663 13.8342 41
    endloop
  endfacet
  facet normal 0 0 1
    outer loop
      vertex -16 -21 41
      vertex -17.6663 -13.8342 41
      vertex -17.6541 -13.9167 41
    endloop
  endfacet
  facet normal -0 0 1
    outer loop
      vertex -17.6866 13.7533 41
      vertex -17.6663 -13.8342 41
      vertex -17.6663 13.8342 41
    endloop
  endfacet
  facet normal 0 0 1
    outer loop
      vertex -17.6866 13.7533 41
      vertex -17.6866 -13.7533 41
      vertex -17.6663 -13.8342 41
    endloop
  endfacet
  facet normal -0 0 1
    outer loop
      vertex -17.7147 13.6747 41
      vertex -17.6866 -13.7533 41
      vertex -17.6866 13.7533 41
    endloop
  endfacet
  facet normal 0 0 1
    outer loop
      vertex -17.7147 13.6747 41
      vertex -17.7147 -13.6747 41
      vertex -17.6866 -13.7533 41
    endloop
  endfacet
  facet normal -0 0 1
    outer loop
      vertex -17.7504 13.5993 41
      vertex -17.7147 -13.6747 41
      vertex -17.7147 13.6747 41
    endloop
  endfacet
  facet normal 0 0 1
    outer loop
      vertex -17.7504 13.5993 41
      vertex -17.7504 -13.5993 41
      vertex -17.7147 -13.6747 41
    endloop
  endfacet
  facet normal -0 0 1
    outer loop
      vertex -17.7933 13.5278 41
      vertex -17.7504 -13.5993 41
      vertex -17.7504 13.5993 41
    endloop
  endfacet
  facet normal 0 0 1
    outer loop
      vertex -17.7933 13.5278 41
      vertex -17.7933 -13.5278 41
      vertex -17.7504 -13.5993 41
    endloop
  endfacet
  facet normal -0 0 1
    outer loop
      vertex -17.8429 13.4608 41
      vertex -17.7933 -13.5278 41
      vertex -17.7933 13.5278 41
    endloop
  endfacet
  facet normal 0 0 1
    outer loop
      vertex -17.8429 13.4608 41
      vertex -17.8429 -13.4608 41
      vertex -17.7933 -13.5278 41
    endloop
  endfacet
  facet normal -0 0 1
    outer loop
      vertex -17.899 13.399 41
      vertex -17.8429 -13.4608 41
      vertex -17.8429 13.4608 41
    endloop
  endfacet
  facet normal 0 0 1
    outer loop
      vertex -17.899 13.399 41
      vertex -17.899 -13.399 41
      vertex -17.8429 -13.4608 41
    endloop
  endfacet
  facet normal -0 0 1
    outer loop
      vertex -17.9608 13.3429 41
      vertex -17.899 -13.399 41
      vertex -17.899 13.399 41
    endloop
  endfacet
  facet normal 0 0 1
    outer loop
      vertex -17.9608 13.3429 41
      vertex -17.9608 -13.3429 41
      vertex -17.899 -13.399 41
    endloop
  endfacet
  facet normal -0 0 1
    outer loop
      vertex -18.0278 13.2933 41
      vertex -17.9608 -13.3429 41
      vertex -17.9608 13.3429 41
    endloop
  endfacet
  facet normal 0 0 1
    outer loop
      vertex -18.0278 13.2933 41
      vertex -18.0278 -13.2933 41
      vertex -17.9608 -13.3429 41
    endloop
  endfacet
  facet normal -0 0 1
    outer loop
      vertex -18.0993 13.2504 41
      vertex -18.0278 -13.2933 41
      vertex -18.0278 13.2933 41
    endloop
  endfacet
  facet normal 0 0 1
    outer loop
      vertex -18.0993 13.2504 41
      vertex -18.0993 -13.2504 41
      vertex -18.0278 -13.2933 41
    endloop
  endfacet
  facet normal -0 0 1
    outer loop
      vertex -18.1747 13.2147 41
      vertex -18.0993 -13.2504 41
      vertex -18.0993 13.2504 41
    endloop
  endfacet
  facet normal 0 0 1
    outer loop
      vertex -18.1747 13.2147 41
      vertex -18.1747 -13.2147 41
      vertex -18.0993 -13.2504 41
    endloop
  endfacet
  facet normal -0 0 1
    outer loop
      vertex -18.2533 13.1866 41
      vertex -18.1747 -13.2147 41
      vertex -18.1747 13.2147 41
    endloop
  endfacet
  facet normal 0 0 1
    outer loop
      vertex -18.2533 13.1866 41
      vertex -18.2533 -13.1866 41
      vertex -18.1747 -13.2147 41
    endloop
  endfacet
  facet normal -0 0 1
    outer loop
      vertex -18.3342 13.1663 41
      vertex -18.2533 -13.1866 41
      vertex -18.2533 13.1866 41
    endloop
  endfacet
  facet normal 0 0 1
    outer loop
      vertex -18.3342 13.1663 41
      vertex -18.3342 -13.1663 41
      vertex -18.2533 -13.1866 41
    endloop
  endfacet
  facet normal -0 0 1
    outer loop
      vertex -18.4167 13.1541 41
      vertex -18.3342 -13.1663 41
      vertex -18.3342 13.1663 41
    endloop
  endfacet
  facet normal 0 0 1
    outer loop
      vertex -18.4167 13.1541 41
      vertex -18.4167 -13.1541 41
      vertex -18.3342 -13.1663 41
    endloop
  endfacet
  facet normal -0 0 1
    outer loop
      vertex -18.5 13.15 41
      vertex -18.4167 -13.1541 41
      vertex -18.4167 13.1541 41
    endloop
  endfacet
  facet normal 0 0 1
    outer loop
      vertex -18.5 13.15 41
      vertex -18.5 -13.15 41
      vertex -18.4167 -13.1541 41
    endloop
  endfacet
  facet normal 0 0 1
    outer loop
      vertex -18.5833 13.1541 41
      vertex -18.5 -13.15 41
      vertex -18.5 13.15 41
    endloop
  endfacet
  facet normal 0 0 1
    outer loop
      vertex -18.5833 13.1541 41
      vertex -18.5833 -13.1541 41
      vertex -18.5 -13.15 41
    endloop
  endfacet
  facet normal 0 0 1
    outer loop
      vertex -18.6658 13.1663 41
      vertex -18.5833 -13.1541 41
      vertex -18.5833 13.1541 41
    endloop
  endfacet
  facet normal 0 0 1
    outer loop
      vertex -18.6658 13.1663 41
      vertex -18.6658 -13.1663 41
      vertex -18.5833 -13.1541 41
    endloop
  endfacet
  facet normal 0 0 1
    outer loop
      vertex -18.7467 13.1866 41
      vertex -18.6658 -13.1663 41
      vertex -18.6658 13.1663 41
    endloop
  endfacet
  facet normal 0 0 1
    outer loop
      vertex -18.7467 13.1866 41
      vertex -18.7467 -13.1866 41
      vertex -18.6658 -13.1663 41
    endloop
  endfacet
  facet normal 0 0 1
    outer loop
      vertex -18.8253 13.2147 41
      vertex -18.7467 -13.1866 41
      vertex -18.7467 13.1866 41
    endloop
  endfacet
  facet normal 0 0 1
    outer loop
      vertex -18.8253 13.2147 41
      vertex -18.8253 -13.2147 41
      vertex -18.7467 -13.1866 41
    endloop
  endfacet
  facet normal 0 0 1
    outer loop
      vertex -18.9007 13.2504 41
      vertex -18.8253 -13.2147 41
      vertex -18.8253 13.2147 41
    endloop
  endfacet
  facet normal 0 0 1
    outer loop
      vertex -18.9007 13.2504 41
      vertex -18.9007 -13.2504 41
      vertex -18.8253 -13.2147 41
    endloop
  endfacet
  facet normal 0 0 1
    outer loop
      vertex -18.9722 13.2933 41
      vertex -18.9007 -13.2504 41
      vertex -18.9007 13.2504 41
    endloop
  endfacet
  facet normal 0 0 1
    outer loop
      vertex -18.9722 13.2933 41
      vertex -18.9722 -13.2933 41
      vertex -18.9007 -13.2504 41
    endloop
  endfacet
  facet normal 0 0 1
    outer loop
      vertex -19.0392 13.3429 41
      vertex -18.9722 -13.2933 41
      vertex -18.9722 13.2933 41
    endloop
  endfacet
  facet normal 0 0 1
    outer loop
      vertex -19.0392 13.3429 41
      vertex -19.0392 -13.3429 41
      vertex -18.9722 -13.2933 41
    endloop
  endfacet
  facet normal 0 0 1
    outer loop
      vertex -19.101 13.399 41
      vertex -19.0392 -13.3429 41
      vertex -19.0392 13.3429 41
    endloop
  endfacet
  facet normal 0 0 1
    outer loop
      vertex -19.101 13.399 41
      vertex -19.101 -13.399 41
      vertex -19.0392 -13.3429 41
    endloop
  endfacet
  facet normal 0 0 1
    outer loop
      vertex -19.1571 13.4608 41
      vertex -19.101 -13.399 41
      vertex -19.101 13.399 41
    endloop
  endfacet
  facet normal 0 0 1
    outer loop
      vertex -19.1571 13.4608 41
      vertex -19.1571 -13.4608 41
      vertex -19.101 -13.399 41
    endloop
  endfacet
  facet normal 0 0 1
    outer loop
      vertex -19.2067 13.5278 41
      vertex -19.1571 -13.4608 41
      vertex -19.1571 13.4608 41
    endloop
  endfacet
  facet normal 0 0 1
    outer loop
      vertex -19.2067 13.5278 41
      vertex -19.2067 -13.5278 41
      vertex -19.1571 -13.4608 41
    endloop
  endfacet
  facet normal 0 0 1
    outer loop
      vertex -19.2496 13.5993 41
      vertex -19.2067 -13.5278 41
      vertex -19.2067 13.5278 41
    endloop
  endfacet
  facet normal 0 0 1
    outer loop
      vertex -19.2496 13.5993 41
      vertex -19.2496 -13.5993 41
      vertex -19.2067 -13.5278 41
    endloop
  endfacet
  facet normal 0 0 1
    outer loop
      vertex -19.2853 13.6747 41
      vertex -19.2496 -13.5993 41
      vertex -19.2496 13.5993 41
    endloop
  endfacet
  facet normal 0 0 1
    outer loop
      vertex -19.2853 13.6747 41
      vertex -19.2853 -13.6747 41
      vertex -19.2496 -13.5993 41
    endloop
  endfacet
  facet normal 0 0 1
    outer loop
      vertex -19.3134 13.7533 41
      vertex -19.2853 -13.6747 41
      vertex -19.2853 13.6747 41
    endloop
  endfacet
  facet normal 0 0 1
    outer loop
      vertex -19.3134 13.7533 41
      vertex -19.3134 -13.7533 41
      vertex -19.2853 -13.6747 41
    endloop
  endfacet
  facet normal 0 0 1
    outer loop
      vertex -19.3337 13.8342 41
      vertex -19.3134 -13.7533 41
      vertex -19.3134 13.7533 41
    endloop
  endfacet
  facet normal 0 0 1
    outer loop
      vertex -19.3337 13.8342 41
      vertex -19.3337 -13.8342 41
      vertex -19.3134 -13.7533 41
    endloop
  endfacet
  facet normal 0 0 1
    outer loop
      vertex -21 21 41
      vertex -19.3337 13.8342 41
      vertex -19.3459 13.9167 41
    endloop
  endfacet
  facet normal 0 0 1
    outer loop
      vertex -19.3337 13.8342 41
      vertex -21 21 41
      vertex -19.3337 -13.8342 41
    endloop
  endfacet
  facet normal 0 0 1
    outer loop
      vertex -21 21 41
      vertex -19.3459 13.9167 41
      vertex -19.35 14 41
    endloop
  endfacet
  facet normal 0 0 1
    outer loop
      vertex -21 -21 41
      vertex -19.3337 -13.8342 41
      vertex -21 21 41
    endloop
  endfacet
  facet normal 0 0 1
    outer loop
      vertex -17.6541 13.9167 41
      vertex -16 21 41
      vertex -17.65 14 41
    endloop
  endfacet
  facet normal 0 0 1
    outer loop
      vertex -16 21 41
      vertex -17.6541 14.0833 41
      vertex -17.65 14 41
    endloop
  endfacet
  facet normal 0 0 1
    outer loop
      vertex -16 21 41
      vertex -17.6663 14.1658 41
      vertex -17.6541 14.0833 41
    endloop
  endfacet
  facet normal 0 0 1
    outer loop
      vertex -16 21 41
      vertex -17.6866 14.2467 41
      vertex -17.6663 14.1658 41
    endloop
  endfacet
  facet normal 0 0 1
    outer loop
      vertex -16 21 41
      vertex -17.7147 14.3253 41
      vertex -17.6866 14.2467 41
    endloop
  endfacet
  facet normal 0 0 1
    outer loop
      vertex -16 21 41
      vertex -17.7504 14.4007 41
      vertex -17.7147 14.3253 41
    endloop
  endfacet
  facet normal 0 0 1
    outer loop
      vertex -16 21 41
      vertex -17.7933 14.4722 41
      vertex -17.7504 14.4007 41
    endloop
  endfacet
  facet normal 0 0 1
    outer loop
      vertex -16 21 41
      vertex -17.8429 14.5392 41
      vertex -17.7933 14.4722 41
    endloop
  endfacet
  facet normal 0 0 1
    outer loop
      vertex -16 21 41
      vertex -17.899 14.601 41
      vertex -17.8429 14.5392 41
    endloop
  endfacet
  facet normal 0 0 1
    outer loop
      vertex -16 21 41
      vertex -17.9608 14.6571 41
      vertex -17.899 14.601 41
    endloop
  endfacet
  facet normal 0 0 1
    outer loop
      vertex -16 21 41
      vertex -18.0278 14.7067 41
      vertex -17.9608 14.6571 41
    endloop
  endfacet
  facet normal 0 0 1
    outer loop
      vertex -16 21 41
      vertex -18.0993 14.7496 41
      vertex -18.0278 14.7067 41
    endloop
  endfacet
  facet normal 0 0 1
    outer loop
      vertex -16 21 41
      vertex -18.1747 14.7853 41
      vertex -18.0993 14.7496 41
    endloop
  endfacet
  facet normal 0 0 1
    outer loop
      vertex -16 21 41
      vertex -18.2533 14.8134 41
      vertex -18.1747 14.7853 41
    endloop
  endfacet
  facet normal 0 0 1
    outer loop
      vertex -16 21 41
      vertex -18.3342 14.8337 41
      vertex -18.2533 14.8134 41
    endloop
  endfacet
  facet normal 0 0 1
    outer loop
      vertex -16 21 41
      vertex -18.4167 14.8459 41
      vertex -18.3342 14.8337 41
    endloop
  endfacet
  facet normal 0 0 1
    outer loop
      vertex -16 21 41
      vertex -18.5 14.85 41
      vertex -18.4167 14.8459 41
    endloop
  endfacet
  facet normal -0 0 1
    outer loop
      vertex -21 21 41
      vertex -18.5 14.85 41
      vertex -16 21 41
    endloop
  endfacet
  facet normal 0 0 1
    outer loop
      vertex -18.5 14.85 41
      vertex -21 21 41
      vertex -18.5833 14.8459 41
    endloop
  endfacet
  facet normal 0 0 1
    outer loop
      vertex -18.5833 14.8459 41
      vertex -21 21 41
      vertex -18.6658 14.8337 41
    endloop
  endfacet
  facet normal 0 0 1
    outer loop
      vertex -18.6658 14.8337 41
      vertex -21 21 41
      vertex -18.7467 14.8134 41
    endloop
  endfacet
  facet normal 0 0 1
    outer loop
      vertex -18.7467 14.8134 41
      vertex -21 21 41
      vertex -18.8253 14.7853 41
    endloop
  endfacet
  facet normal 0 0 1
    outer loop
      vertex -18.8253 14.7853 41
      vertex -21 21 41
      vertex -18.9007 14.7496 41
    endloop
  endfacet
  facet normal 0 0 1
    outer loop
      vertex -18.9007 14.7496 41
      vertex -21 21 41
      vertex -18.9722 14.7067 41
    endloop
  endfacet
  facet normal 0 0 1
    outer loop
      vertex -18.9722 14.7067 41
      vertex -21 21 41
      vertex -19.0392 14.6571 41
    endloop
  endfacet
  facet normal 0 0 1
    outer loop
      vertex -19.0392 14.6571 41
      vertex -21 21 41
      vertex -19.101 14.601 41
    endloop
  endfacet
  facet normal 0 0 1
    outer loop
      vertex -19.101 14.601 41
      vertex -21 21 41
      vertex -19.1571 14.5392 41
    endloop
  endfacet
  facet normal 0 0 1
    outer loop
      vertex -19.1571 14.5392 41
      vertex -21 21 41
      vertex -19.2067 14.4722 41
    endloop
  endfacet
  facet normal 0 0 1
    outer loop
      vertex -19.3337 -13.8342 41
      vertex -21 -21 41
      vertex -19.3459 -13.9167 41
    endloop
  endfacet
  facet normal 0 0 1
    outer loop
      vertex -19.3459 14.0833 41
      vertex -21 21 41
      vertex -19.35 14 41
    endloop
  endfacet
  facet normal 0 0 1
    outer loop
      vertex -19.3337 14.1658 41
      vertex -21 21 41
      vertex -19.3459 14.0833 41
    endloop
  endfacet
  facet normal 0 0 1
    outer loop
      vertex -19.3134 14.2467 41
      vertex -21 21 41
      vertex -19.3337 14.1658 41
    endloop
  endfacet
  facet normal 0 0 1
    outer loop
      vertex -19.2853 14.3253 41
      vertex -21 21 41
      vertex -19.3134 14.2467 41
    endloop
  endfacet
  facet normal 0 0 1
    outer loop
      vertex -19.2496 14.4007 41
      vertex -21 21 41
      vertex -19.2853 14.3253 41
    endloop
  endfacet
  facet normal 0 0 1
    outer loop
      vertex -19.2067 14.4722 41
      vertex -21 21 41
      vertex -19.2496 14.4007 41
    endloop
  endfacet
  facet normal 0 0 1
    outer loop
      vertex -17.6663 13.8342 41
      vertex -16 21 41
      vertex -17.6541 13.9167 41
    endloop
  endfacet
  facet normal -0 0 1
    outer loop
      vertex -17.6541 -14.0833 41
      vertex -16 -21 41
      vertex -17.65 -14 41
    endloop
  endfacet
  facet normal -0 0 1
    outer loop
      vertex -17.6663 -14.1658 41
      vertex -16 -21 41
      vertex -17.6541 -14.0833 41
    endloop
  endfacet
  facet normal -0 0 1
    outer loop
      vertex -17.6866 -14.2467 41
      vertex -16 -21 41
      vertex -17.6663 -14.1658 41
    endloop
  endfacet
  facet normal -0 0 1
    outer loop
      vertex -17.7147 -14.3253 41
      vertex -16 -21 41
      vertex -17.6866 -14.2467 41
    endloop
  endfacet
  facet normal -0 0 1
    outer loop
      vertex -17.7504 -14.4007 41
      vertex -16 -21 41
      vertex -17.7147 -14.3253 41
    endloop
  endfacet
  facet normal -0 0 1
    outer loop
      vertex -17.7933 -14.4722 41
      vertex -16 -21 41
      vertex -17.7504 -14.4007 41
    endloop
  endfacet
  facet normal -0 0 1
    outer loop
      vertex -17.8429 -14.5392 41
      vertex -16 -21 41
      vertex -17.7933 -14.4722 41
    endloop
  endfacet
  facet normal -0 0 1
    outer loop
      vertex -17.899 -14.601 41
      vertex -16 -21 41
      vertex -17.8429 -14.5392 41
    endloop
  endfacet
  facet normal -0 0 1
    outer loop
      vertex -17.9608 -14.6571 41
      vertex -16 -21 41
      vertex -17.899 -14.601 41
    endloop
  endfacet
  facet normal -0 0 1
    outer loop
      vertex -18.0278 -14.7067 41
      vertex -16 -21 41
      vertex -17.9608 -14.6571 41
    endloop
  endfacet
  facet normal -0 0 1
    outer loop
      vertex -18.0993 -14.7496 41
      vertex -16 -21 41
      vertex -18.0278 -14.7067 41
    endloop
  endfacet
  facet normal -0 0 1
    outer loop
      vertex -18.1747 -14.7853 41
      vertex -16 -21 41
      vertex -18.0993 -14.7496 41
    endloop
  endfacet
  facet normal -0 0 1
    outer loop
      vertex -18.2533 -14.8134 41
      vertex -16 -21 41
      vertex -18.1747 -14.7853 41
    endloop
  endfacet
  facet normal -0 0 1
    outer loop
      vertex -18.3342 -14.8337 41
      vertex -16 -21 41
      vertex -18.2533 -14.8134 41
    endloop
  endfacet
  facet normal -0 0 1
    outer loop
      vertex -18.4167 -14.8459 41
      vertex -16 -21 41
      vertex -18.3342 -14.8337 41
    endloop
  endfacet
  facet normal -0 0 1
    outer loop
      vertex -18.5 -14.85 41
      vertex -16 -21 41
      vertex -18.4167 -14.8459 41
    endloop
  endfacet
  facet normal 0 0 1
    outer loop
      vertex -21 -21 41
      vertex -18.5 -14.85 41
      vertex -18.5833 -14.8459 41
    endloop
  endfacet
  facet normal 0 0 1
    outer loop
      vertex -21 -21 41
      vertex -18.5833 -14.8459 41
      vertex -18.6658 -14.8337 41
    endloop
  endfacet
  facet normal 0 0 1
    outer loop
      vertex -21 -21 41
      vertex -18.6658 -14.8337 41
      vertex -18.7467 -14.8134 41
    endloop
  endfacet
  facet normal 0 0 1
    outer loop
      vertex -21 -21 41
      vertex -18.7467 -14.8134 41
      vertex -18.8253 -14.7853 41
    endloop
  endfacet
  facet normal 0 0 1
    outer loop
      vertex -21 -21 41
      vertex -18.8253 -14.7853 41
      vertex -18.9007 -14.7496 41
    endloop
  endfacet
  facet normal 0 0 1
    outer loop
      vertex -21 -21 41
      vertex -18.9007 -14.7496 41
      vertex -18.9722 -14.7067 41
    endloop
  endfacet
  facet normal 0 0 1
    outer loop
      vertex -21 -21 41
      vertex -18.9722 -14.7067 41
      vertex -19.0392 -14.6571 41
    endloop
  endfacet
  facet normal 0 0 1
    outer loop
      vertex -21 -21 41
      vertex -19.0392 -14.6571 41
      vertex -19.101 -14.601 41
    endloop
  endfacet
  facet normal 0 0 1
    outer loop
      vertex -21 -21 41
      vertex -19.101 -14.601 41
      vertex -19.1571 -14.5392 41
    endloop
  endfacet
  facet normal 0 0 1
    outer loop
      vertex -21 -21 41
      vertex -19.1571 -14.5392 41
      vertex -19.2067 -14.4722 41
    endloop
  endfacet
  facet normal 0 0 1
    outer loop
      vertex -21 -21 41
      vertex -19.2067 -14.4722 41
      vertex -19.2496 -14.4007 41
    endloop
  endfacet
  facet normal 0 0 1
    outer loop
      vertex -18.5 -14.85 41
      vertex -21 -21 41
      vertex -16 -21 41
    endloop
  endfacet
  facet normal 0 0 1
    outer loop
      vertex -19.2853 -14.3253 41
      vertex -21 -21 41
      vertex -19.2496 -14.4007 41
    endloop
  endfacet
  facet normal 0 0 1
    outer loop
      vertex -19.3134 -14.2467 41
      vertex -21 -21 41
      vertex -19.2853 -14.3253 41
    endloop
  endfacet
  facet normal 0 0 1
    outer loop
      vertex -19.3337 -14.1658 41
      vertex -21 -21 41
      vertex -19.3134 -14.2467 41
    endloop
  endfacet
  facet normal 0 0 1
    outer loop
      vertex -19.3459 -14.0833 41
      vertex -21 -21 41
      vertex -19.3337 -14.1658 41
    endloop
  endfacet
  facet normal 0 0 1
    outer loop
      vertex -19.35 -14 41
      vertex -21 -21 41
      vertex -19.3459 -14.0833 41
    endloop
  endfacet
  facet normal 0 0 1
    outer loop
      vertex -19.3459 -13.9167 41
      vertex -21 -21 41
      vertex -19.35 -14 41
    endloop
  endfacet
  facet normal -1 0 0
    outer loop
      vertex 74 19 3
      vertex 74 5 31
      vertex 74 19 41
    endloop
  endfacet
  facet normal -1 0 0
    outer loop
      vertex 74 19 3
      vertex 74 -5 31
      vertex 74 5 31
    endloop
  endfacet
  facet normal -1 0 0
    outer loop
      vertex 74 -19 3
      vertex 74 -5 31
      vertex 74 19 3
    endloop
  endfacet
  facet normal -1 0 0
    outer loop
      vertex 74 -19 41
      vertex 74 -5 31
      vertex 74 -19 3
    endloop
  endfacet
  facet normal -1 0 0
    outer loop
      vertex 74 -5 31
      vertex 74 -19 41
      vertex 74 -5 41
    endloop
  endfacet
  facet normal -1 -0 0
    outer loop
      vertex 74 19 41
      vertex 74 5 31
      vertex 74 5 41
    endloop
  endfacet
  facet normal 1 0 0
    outer loop
      vertex 21 -15.7 41
      vertex 21 -19 41
      vertex 21 -15.7 22
    endloop
  endfacet
  facet normal 1 0 0
    outer loop
      vertex 21 15.7 22
      vertex 21 19 41
      vertex 21 15.7 41
    endloop
  endfacet
  facet normal 1 0 0
    outer loop
      vertex 21 19 41
      vertex 21 15.7 22
      vertex 21 19 3
    endloop
  endfacet
  facet normal 1 -0 0
    outer loop
      vertex 21 15.6244 20.4611
      vertex 21 19 3
      vertex 21 15.7 22
    endloop
  endfacet
  facet normal 1 -0 0
    outer loop
      vertex 21 15.3983 18.9371
      vertex 21 19 3
      vertex 21 15.6244 20.4611
    endloop
  endfacet
  facet normal 1 -0 0
    outer loop
      vertex 21 15.024 17.4425
      vertex 21 19 3
      vertex 21 15.3983 18.9371
    endloop
  endfacet
  facet normal 1 -0 0
    outer loop
      vertex 21 14.5049 15.9919
      vertex 21 19 3
      vertex 21 15.024 17.4425
    endloop
  endfacet
  facet normal 1 -0 0
    outer loop
      vertex 21 13.8462 14.5991
      vertex 21 19 3
      vertex 21 14.5049 15.9919
    endloop
  endfacet
  facet normal 1 -0 0
    outer loop
      vertex 21 13.0541 13.2776
      vertex 21 19 3
      vertex 21 13.8462 14.5991
    endloop
  endfacet
  facet normal 1 -0 0
    outer loop
      vertex 21 12.1363 12.04
      vertex 21 19 3
      vertex 21 13.0541 13.2776
    endloop
  endfacet
  facet normal 1 -0 0
    outer loop
      vertex 21 11.1016 10.8984
      vertex 21 19 3
      vertex 21 12.1363 12.04
    endloop
  endfacet
  facet normal 1 -0 0
    outer loop
      vertex 21 9.95996 9.86374
      vertex 21 19 3
      vertex 21 11.1016 10.8984
    endloop
  endfacet
  facet normal 1 -0 0
    outer loop
      vertex 21 8.72244 8.94594
      vertex 21 19 3
      vertex 21 9.95996 9.86374
    endloop
  endfacet
  facet normal 1 -0 0
    outer loop
      vertex 21 7.40092 8.15384
      vertex 21 19 3
      vertex 21 8.72244 8.94594
    endloop
  endfacet
  facet normal 1 -0 0
    outer loop
      vertex 21 6.00812 7.4951
      vertex 21 19 3
      vertex 21 7.40092 8.15384
    endloop
  endfacet
  facet normal 1 -0 0
    outer loop
      vertex 21 4.55746 6.97604
      vertex 21 19 3
      vertex 21 6.00812 7.4951
    endloop
  endfacet
  facet normal 1 -0 0
    outer loop
      vertex 21 3.06291 6.60168
      vertex 21 19 3
      vertex 21 4.55746 6.97604
    endloop
  endfacet
  facet normal 1 -0 0
    outer loop
      vertex 21 1.53886 6.37561
      vertex 21 19 3
      vertex 21 3.06291 6.60168
    endloop
  endfacet
  facet normal 1 -0 0
    outer loop
      vertex 21 0 6.3
      vertex 21 19 3
      vertex 21 1.53886 6.37561
    endloop
  endfacet
  facet normal 1 0 0
    outer loop
      vertex 21 -19 3
      vertex 21 0 6.3
      vertex 21 -1.53886 6.37561
    endloop
  endfacet
  facet normal 1 0 0
    outer loop
      vertex 21 -19 3
      vertex 21 -1.53886 6.37561
      vertex 21 -3.06291 6.60168
    endloop
  endfacet
  facet normal 1 0 0
    outer loop
      vertex 21 -19 3
      vertex 21 -15.7 22
      vertex 21 -19 41
    endloop
  endfacet
  facet normal 1 0 0
    outer loop
      vertex 21 -15.7 22
      vertex 21 -19 3
      vertex 21 -15.6244 20.4611
    endloop
  endfacet
  facet normal 1 0 0
    outer loop
      vertex 21 0 6.3
      vertex 21 -19 3
      vertex 21 19 3
    endloop
  endfacet
  facet normal 1 0 0
    outer loop
      vertex 21 -4.55746 6.97604
      vertex 21 -19 3
      vertex 21 -3.06291 6.60168
    endloop
  endfacet
  facet normal 1 0 0
    outer loop
      vertex 21 -6.00812 7.4951
      vertex 21 -19 3
      vertex 21 -4.55746 6.97604
    endloop
  endfacet
  facet normal 1 0 0
    outer loop
      vertex 21 -7.40092 8.15384
      vertex 21 -19 3
      vertex 21 -6.00812 7.4951
    endloop
  endfacet
  facet normal 1 0 0
    outer loop
      vertex 21 -8.72244 8.94594
      vertex 21 -19 3
      vertex 21 -7.40092 8.15384
    endloop
  endfacet
  facet normal 1 0 0
    outer loop
      vertex 21 -9.95996 9.86374
      vertex 21 -19 3
      vertex 21 -8.72244 8.94594
    endloop
  endfacet
  facet normal 1 0 0
    outer loop
      vertex 21 -11.1016 10.8984
      vertex 21 -19 3
      vertex 21 -9.95996 9.86374
    endloop
  endfacet
  facet normal 1 0 0
    outer loop
      vertex 21 -12.1363 12.04
      vertex 21 -19 3
      vertex 21 -11.1016 10.8984
    endloop
  endfacet
  facet normal 1 0 0
    outer loop
      vertex 21 -13.0541 13.2776
      vertex 21 -19 3
      vertex 21 -12.1363 12.04
    endloop
  endfacet
  facet normal 1 0 0
    outer loop
      vertex 21 -13.8462 14.5991
      vertex 21 -19 3
      vertex 21 -13.0541 13.2776
    endloop
  endfacet
  facet normal 1 0 0
    outer loop
      vertex 21 -14.5049 15.9919
      vertex 21 -19 3
      vertex 21 -13.8462 14.5991
    endloop
  endfacet
  facet normal 1 0 0
    outer loop
      vertex 21 -15.024 17.4425
      vertex 21 -19 3
      vertex 21 -14.5049 15.9919
    endloop
  endfacet
  facet normal 1 0 0
    outer loop
      vertex 21 -15.3983 18.9371
      vertex 21 -19 3
      vertex 21 -15.024 17.4425
    endloop
  endfacet
  facet normal 1 0 0
    outer loop
      vertex 21 -15.6244 20.4611
      vertex 21 -19 3
      vertex 21 -15.3983 18.9371
    endloop
  endfacet
  facet normal 0 0 1
    outer loop
      vertex 12.5158 8.27315 10.8
      vertex 8.37922 10.0056 10.8
      vertex 10.0056 8.37922 10.8
    endloop
  endfacet
  facet normal 0 0 1
    outer loop
      vertex 8.27315 12.5158 10.8
      vertex 8.37922 10.0056 10.8
      vertex 12.5158 8.27315 10.8
    endloop
  endfacet
  facet normal 0 0 1
    outer loop
      vertex 8.27315 12.5158 10.8
      vertex -10.0056 -8.37922 10.8
      vertex 8.37922 10.0056 10.8
    endloop
  endfacet
  facet normal 0 -0 1
    outer loop
      vertex -10.0056 -8.37922 10.8
      vertex 8.27315 12.5158 10.8
      vertex -12.5158 -8.27315 10.8
    endloop
  endfacet
  facet normal 0 0 1
    outer loop
      vertex 10.0056 8.37922 10.8
      vertex -8.27315 -12.5158 10.8
      vertex 12.5158 8.27315 10.8
    endloop
  endfacet
  facet normal -0 0 1
    outer loop
      vertex -8.37922 -10.0056 10.8
      vertex -8.27315 -12.5158 10.8
      vertex 10.0056 8.37922 10.8
    endloop
  endfacet
  facet normal 0 0 1
    outer loop
      vertex -10.0056 -8.37922 10.8
      vertex -8.27315 -12.5158 10.8
      vertex -8.37922 -10.0056 10.8
    endloop
  endfacet
  facet normal 0 0 1
    outer loop
      vertex -8.27315 -12.5158 10.8
      vertex -10.0056 -8.37922 10.8
      vertex -12.5158 -8.27315 10.8
    endloop
  endfacet
  facet normal -0.707107 -0.707107 0
    outer loop
      vertex -8.27315 -12.5158 3
      vertex -12.5158 -8.27315 10.8
      vertex -12.5158 -8.27315 3
    endloop
  endfacet
  facet normal -0.707107 -0.707107 0
    outer loop
      vertex -12.5158 -8.27315 10.8
      vertex -8.27315 -12.5158 3
      vertex -8.27315 -12.5158 10.8
    endloop
  endfacet
  facet normal -0.707107 0.707107 0
    outer loop
      vertex -12.5158 -8.27315 3
      vertex 8.27315 12.5158 10.8
      vertex 8.27315 12.5158 3
    endloop
  endfacet
  facet normal -0.707107 0.707107 0
    outer loop
      vertex 8.27315 12.5158 10.8
      vertex -12.5158 -8.27315 3
      vertex -12.5158 -8.27315 10.8
    endloop
  endfacet
  facet normal 0.707107 -0.707107 0
    outer loop
      vertex -8.27315 -12.5158 10.8
      vertex 12.5158 8.27315 3
      vertex 12.5158 8.27315 10.8
    endloop
  endfacet
  facet normal 0.707107 -0.707107 0
    outer loop
      vertex 12.5158 8.27315 3
      vertex -8.27315 -12.5158 10.8
      vertex -8.27315 -12.5158 3
    endloop
  endfacet
  facet normal 0.707107 0.707107 0
    outer loop
      vertex 12.5158 8.27315 10.8
      vertex 8.27315 12.5158 3
      vertex 8.27315 12.5158 10.8
    endloop
  endfacet
  facet normal 0.707107 0.707107 0
    outer loop
      vertex 8.27315 12.5158 3
      vertex 12.5158 8.27315 10.8
      vertex 12.5158 8.27315 3
    endloop
  endfacet
  facet normal -1 0 0
    outer loop
      vertex 57.75 2 0
      vertex 57.75 7 0.389999
      vertex 57.75 7 0
    endloop
  endfacet
  facet normal -1 -0 0
    outer loop
      vertex 57.75 7 0.389999
      vertex 57.75 2 0
      vertex 57.75 2 0.389999
    endloop
  endfacet
  facet normal 0 0 -1
    outer loop
      vertex 57.25 2 0.389999
      vertex 57.75 7 0.389999
      vertex 57.75 2 0.389999
    endloop
  endfacet
  facet normal -0 0 -1
    outer loop
      vertex 57.75 7 0.389999
      vertex 57.25 2 0.389999
      vertex 57.25 7 0.389999
    endloop
  endfacet
  facet normal 1 -0 0
    outer loop
      vertex 57.25 2 0.389999
      vertex 57.25 7 0
      vertex 57.25 7 0.389999
    endloop
  endfacet
  facet normal 1 0 0
    outer loop
      vertex 57.25 7 0
      vertex 57.25 2 0.389999
      vertex 57.25 2 0
    endloop
  endfacet
  facet normal 0 -1 0
    outer loop
      vertex 57.25 7 0
      vertex 57.75 7 0.389999
      vertex 57.25 7 0.389999
    endloop
  endfacet
  facet normal 0 -1 -0
    outer loop
      vertex 57.75 7 0.389999
      vertex 57.25 7 0
      vertex 57.75 7 0
    endloop
  endfacet
  facet normal 0 1 -0
    outer loop
      vertex 57.75 2 0
      vertex 57.25 2 0.389999
      vertex 57.75 2 0.389999
    endloop
  endfacet
  facet normal 0 1 0
    outer loop
      vertex 57.25 2 0.389999
      vertex 57.75 2 0
      vertex 57.25 2 0
    endloop
  endfacet
  facet normal -1 0 0
    outer loop
      vertex 58.75 2 0
      vertex 58.75 4.5 0.389999
      vertex 58.75 4.5 0
    endloop
  endfacet
  facet normal -1 -0 0
    outer loop
      vertex 58.75 4.5 0.389999
      vertex 58.75 2 0
      vertex 58.75 2 0.389999
    endloop
  endfacet
  facet normal 0 0 -1
    outer loop
      vertex 58.25 2 0.389999
      vertex 58.75 4.5 0.389999
      vertex 58.75 2 0.389999
    endloop
  endfacet
  facet normal -0 0 -1
    outer loop
      vertex 58.75 4.5 0.389999
      vertex 58.25 2 0.389999
      vertex 58.25 4.5 0.389999
    endloop
  endfacet
  facet normal 1 -0 0
    outer loop
      vertex 58.25 2 0.389999
      vertex 58.25 4.5 0
      vertex 58.25 4.5 0.389999
    endloop
  endfacet
  facet normal 1 0 0
    outer loop
      vertex 58.25 4.5 0
      vertex 58.25 2 0.389999
      vertex 58.25 2 0
    endloop
  endfacet
  facet normal 0 -1 0
    outer loop
      vertex 58.25 4.5 0
      vertex 58.75 4.5 0.389999
      vertex 58.25 4.5 0.389999
    endloop
  endfacet
  facet normal 0 -1 -0
    outer loop
      vertex 58.75 4.5 0.389999
      vertex 58.25 4.5 0
      vertex 58.75 4.5 0
    endloop
  endfacet
  facet normal 0 1 -0
    outer loop
      vertex 58.75 2 0
      vertex 58.25 2 0.389999
      vertex 58.75 2 0.389999
    endloop
  endfacet
  facet normal 0 1 0
    outer loop
      vertex 58.25 2 0.389999
      vertex 58.75 2 0
      vertex 58.25 2 0
    endloop
  endfacet
  facet normal -1 0 0
    outer loop
      vertex 59.75 2 0
      vertex 59.75 4.5 0.389999
      vertex 59.75 4.5 0
    endloop
  endfacet
  facet normal -1 -0 0
    outer loop
      vertex 59.75 4.5 0.389999
      vertex 59.75 2 0
      vertex 59.75 2 0.389999
    endloop
  endfacet
  facet normal 0 0 -1
    outer loop
      vertex 59.25 2 0.389999
      vertex 59.75 4.5 0.389999
      vertex 59.75 2 0.389999
    endloop
  endfacet
  facet normal -0 0 -1
    outer loop
      vertex 59.75 4.5 0.389999
      vertex 59.25 2 0.389999
      vertex 59.25 4.5 0.389999
    endloop
  endfacet
  facet normal 1 -0 0
    outer loop
      vertex 59.25 2 0.389999
      vertex 59.25 4.5 0
      vertex 59.25 4.5 0.389999
    endloop
  endfacet
  facet normal 1 0 0
    outer loop
      vertex 59.25 4.5 0
      vertex 59.25 2 0.389999
      vertex 59.25 2 0
    endloop
  endfacet
  facet normal 0 -1 0
    outer loop
      vertex 59.25 4.5 0
      vertex 59.75 4.5 0.389999
      vertex 59.25 4.5 0.389999
    endloop
  endfacet
  facet normal 0 -1 -0
    outer loop
      vertex 59.75 4.5 0.389999
      vertex 59.25 4.5 0
      vertex 59.75 4.5 0
    endloop
  endfacet
  facet normal 0 1 -0
    outer loop
      vertex 59.75 2 0
      vertex 59.25 2 0.389999
      vertex 59.75 2 0.389999
    endloop
  endfacet
  facet normal 0 1 0
    outer loop
      vertex 59.25 2 0.389999
      vertex 59.75 2 0
      vertex 59.25 2 0
    endloop
  endfacet
  facet normal -1 0 0
    outer loop
      vertex 60.75 2 0
      vertex 60.75 4.5 0.389999
      vertex 60.75 4.5 0
    endloop
  endfacet
  facet normal -1 -0 0
    outer loop
      vertex 60.75 4.5 0.389999
      vertex 60.75 2 0
      vertex 60.75 2 0.389999
    endloop
  endfacet
  facet normal 0 0 -1
    outer loop
      vertex 60.25 2 0.389999
      vertex 60.75 4.5 0.389999
      vertex 60.75 2 0.389999
    endloop
  endfacet
  facet normal -0 0 -1
    outer loop
      vertex 60.75 4.5 0.389999
      vertex 60.25 2 0.389999
      vertex 60.25 4.5 0.389999
    endloop
  endfacet
  facet normal 1 -0 0
    outer loop
      vertex 60.25 2 0.389999
      vertex 60.25 4.5 0
      vertex 60.25 4.5 0.389999
    endloop
  endfacet
  facet normal 1 0 0
    outer loop
      vertex 60.25 4.5 0
      vertex 60.25 2 0.389999
      vertex 60.25 2 0
    endloop
  endfacet
  facet normal 0 -1 0
    outer loop
      vertex 60.25 4.5 0
      vertex 60.75 4.5 0.389999
      vertex 60.25 4.5 0.389999
    endloop
  endfacet
  facet normal 0 -1 -0
    outer loop
      vertex 60.75 4.5 0.389999
      vertex 60.25 4.5 0
      vertex 60.75 4.5 0
    endloop
  endfacet
  facet normal 0 1 -0
    outer loop
      vertex 60.75 2 0
      vertex 60.25 2 0.389999
      vertex 60.75 2 0.389999
    endloop
  endfacet
  facet normal 0 1 0
    outer loop
      vertex 60.25 2 0.389999
      vertex 60.75 2 0
      vertex 60.25 2 0
    endloop
  endfacet
  facet normal -1 0 0
    outer loop
      vertex 61.75 2 0
      vertex 61.75 7 0.389999
      vertex 61.75 7 0
    endloop
  endfacet
  facet normal -1 -0 0
    outer loop
      vertex 61.75 7 0.389999
      vertex 61.75 2 0
      vertex 61.75 2 0.389999
    endloop
  endfacet
  facet normal 0 0 -1
    outer loop
      vertex 61.25 2 0.389999
      vertex 61.75 7 0.389999
      vertex 61.75 2 0.389999
    endloop
  endfacet
  facet normal -0 0 -1
    outer loop
      vertex 61.75 7 0.389999
      vertex 61.25 2 0.389999
      vertex 61.25 7 0.389999
    endloop
  endfacet
  facet normal 1 -0 0
    outer loop
      vertex 61.25 2 0.389999
      vertex 61.25 7 0
      vertex 61.25 7 0.389999
    endloop
  endfacet
  facet normal 1 0 0
    outer loop
      vertex 61.25 7 0
      vertex 61.25 2 0.389999
      vertex 61.25 2 0
    endloop
  endfacet
  facet normal 0 -1 0
    outer loop
      vertex 61.25 7 0
      vertex 61.75 7 0.389999
      vertex 61.25 7 0.389999
    endloop
  endfacet
  facet normal 0 -1 -0
    outer loop
      vertex 61.75 7 0.389999
      vertex 61.25 7 0
      vertex 61.75 7 0
    endloop
  endfacet
  facet normal 0 1 -0
    outer loop
      vertex 61.75 2 0
      vertex 61.25 2 0.389999
      vertex 61.75 2 0.389999
    endloop
  endfacet
  facet normal 0 1 0
    outer loop
      vertex 61.25 2 0.389999
      vertex 61.75 2 0
      vertex 61.25 2 0
    endloop
  endfacet
  facet normal -1 0 0
    outer loop
      vertex 62.75 2 0
      vertex 62.75 4.5 0.389999
      vertex 62.75 4.5 0
    endloop
  endfacet
  facet normal -1 -0 0
    outer loop
      vertex 62.75 4.5 0.389999
      vertex 62.75 2 0
      vertex 62.75 2 0.389999
    endloop
  endfacet
  facet normal 0 0 -1
    outer loop
      vertex 62.25 2 0.389999
      vertex 62.75 4.5 0.389999
      vertex 62.75 2 0.389999
    endloop
  endfacet
  facet normal -0 0 -1
    outer loop
      vertex 62.75 4.5 0.389999
      vertex 62.25 2 0.389999
      vertex 62.25 4.5 0.389999
    endloop
  endfacet
  facet normal 1 -0 0
    outer loop
      vertex 62.25 2 0.389999
      vertex 62.25 4.5 0
      vertex 62.25 4.5 0.389999
    endloop
  endfacet
  facet normal 1 0 0
    outer loop
      vertex 62.25 4.5 0
      vertex 62.25 2 0.389999
      vertex 62.25 2 0
    endloop
  endfacet
  facet normal 0 -1 0
    outer loop
      vertex 62.25 4.5 0
      vertex 62.75 4.5 0.389999
      vertex 62.25 4.5 0.389999
    endloop
  endfacet
  facet normal 0 -1 -0
    outer loop
      vertex 62.75 4.5 0.389999
      vertex 62.25 4.5 0
      vertex 62.75 4.5 0
    endloop
  endfacet
  facet normal 0 1 -0
    outer loop
      vertex 62.75 2 0
      vertex 62.25 2 0.389999
      vertex 62.75 2 0.389999
    endloop
  endfacet
  facet normal 0 1 0
    outer loop
      vertex 62.25 2 0.389999
      vertex 62.75 2 0
      vertex 62.25 2 0
    endloop
  endfacet
  facet normal -1 0 0
    outer loop
      vertex 63.75 2 0
      vertex 63.75 4.5 0.389999
      vertex 63.75 4.5 0
    endloop
  endfacet
  facet normal -1 -0 0
    outer loop
      vertex 63.75 4.5 0.389999
      vertex 63.75 2 0
      vertex 63.75 2 0.389999
    endloop
  endfacet
  facet normal 0 0 -1
    outer loop
      vertex 63.25 2 0.389999
      vertex 63.75 4.5 0.389999
      vertex 63.75 2 0.389999
    endloop
  endfacet
  facet normal -0 0 -1
    outer loop
      vertex 63.75 4.5 0.389999
      vertex 63.25 2 0.389999
      vertex 63.25 4.5 0.389999
    endloop
  endfacet
  facet normal 1 -0 0
    outer loop
      vertex 63.25 2 0.389999
      vertex 63.25 4.5 0
      vertex 63.25 4.5 0.389999
    endloop
  endfacet
  facet normal 1 0 0
    outer loop
      vertex 63.25 4.5 0
      vertex 63.25 2 0.389999
      vertex 63.25 2 0
    endloop
  endfacet
  facet normal 0 -1 0
    outer loop
      vertex 63.25 4.5 0
      vertex 63.75 4.5 0.389999
      vertex 63.25 4.5 0.389999
    endloop
  endfacet
  facet normal 0 -1 -0
    outer loop
      vertex 63.75 4.5 0.389999
      vertex 63.25 4.5 0
      vertex 63.75 4.5 0
    endloop
  endfacet
  facet normal 0 1 -0
    outer loop
      vertex 63.75 2 0
      vertex 63.25 2 0.389999
      vertex 63.75 2 0.389999
    endloop
  endfacet
  facet normal 0 1 0
    outer loop
      vertex 63.25 2 0.389999
      vertex 63.75 2 0
      vertex 63.25 2 0
    endloop
  endfacet
  facet normal -1 0 0
    outer loop
      vertex 64.75 2 0
      vertex 64.75 4.5 0.389999
      vertex 64.75 4.5 0
    endloop
  endfacet
  facet normal -1 -0 0
    outer loop
      vertex 64.75 4.5 0.389999
      vertex 64.75 2 0
      vertex 64.75 2 0.389999
    endloop
  endfacet
  facet normal 0 0 -1
    outer loop
      vertex 64.25 2 0.389999
      vertex 64.75 4.5 0.389999
      vertex 64.75 2 0.389999
    endloop
  endfacet
  facet normal -0 0 -1
    outer loop
      vertex 64.75 4.5 0.389999
      vertex 64.25 2 0.389999
      vertex 64.25 4.5 0.389999
    endloop
  endfacet
  facet normal 1 -0 0
    outer loop
      vertex 64.25 2 0.389999
      vertex 64.25 4.5 0
      vertex 64.25 4.5 0.389999
    endloop
  endfacet
  facet normal 1 0 0
    outer loop
      vertex 64.25 4.5 0
      vertex 64.25 2 0.389999
      vertex 64.25 2 0
    endloop
  endfacet
  facet normal 0 -1 0
    outer loop
      vertex 64.25 4.5 0
      vertex 64.75 4.5 0.389999
      vertex 64.25 4.5 0.389999
    endloop
  endfacet
  facet normal 0 -1 -0
    outer loop
      vertex 64.75 4.5 0.389999
      vertex 64.25 4.5 0
      vertex 64.75 4.5 0
    endloop
  endfacet
  facet normal 0 1 -0
    outer loop
      vertex 64.75 2 0
      vertex 64.25 2 0.389999
      vertex 64.75 2 0.389999
    endloop
  endfacet
  facet normal 0 1 0
    outer loop
      vertex 64.25 2 0.389999
      vertex 64.75 2 0
      vertex 64.25 2 0
    endloop
  endfacet
  facet normal -1 0 0
    outer loop
      vertex 65.75 2 0
      vertex 65.75 7 0.389999
      vertex 65.75 7 0
    endloop
  endfacet
  facet normal -1 -0 0
    outer loop
      vertex 65.75 7 0.389999
      vertex 65.75 2 0
      vertex 65.75 2 0.389999
    endloop
  endfacet
  facet normal 0 0 -1
    outer loop
      vertex 65.25 2 0.389999
      vertex 65.75 7 0.389999
      vertex 65.75 2 0.389999
    endloop
  endfacet
  facet normal -0 0 -1
    outer loop
      vertex 65.75 7 0.389999
      vertex 65.25 2 0.389999
      vertex 65.25 7 0.389999
    endloop
  endfacet
  facet normal 1 -0 0
    outer loop
      vertex 65.25 2 0.389999
      vertex 65.25 7 0
      vertex 65.25 7 0.389999
    endloop
  endfacet
  facet normal 1 0 0
    outer loop
      vertex 65.25 7 0
      vertex 65.25 2 0.389999
      vertex 65.25 2 0
    endloop
  endfacet
  facet normal 0 -1 0
    outer loop
      vertex 65.25 7 0
      vertex 65.75 7 0.389999
      vertex 65.25 7 0.389999
    endloop
  endfacet
  facet normal 0 -1 -0
    outer loop
      vertex 65.75 7 0.389999
      vertex 65.25 7 0
      vertex 65.75 7 0
    endloop
  endfacet
  facet normal 0 1 -0
    outer loop
      vertex 65.75 2 0
      vertex 65.25 2 0.389999
      vertex 65.75 2 0.389999
    endloop
  endfacet
  facet normal 0 1 0
    outer loop
      vertex 65.25 2 0.389999
      vertex 65.75 2 0
      vertex 65.25 2 0
    endloop
  endfacet
  facet normal -1 0 0
    outer loop
      vertex 66.75 2 0
      vertex 66.75 4.5 0.389999
      vertex 66.75 4.5 0
    endloop
  endfacet
  facet normal -1 -0 0
    outer loop
      vertex 66.75 4.5 0.389999
      vertex 66.75 2 0
      vertex 66.75 2 0.389999
    endloop
  endfacet
  facet normal 0 0 -1
    outer loop
      vertex 66.25 2 0.389999
      vertex 66.75 4.5 0.389999
      vertex 66.75 2 0.389999
    endloop
  endfacet
  facet normal -0 0 -1
    outer loop
      vertex 66.75 4.5 0.389999
      vertex 66.25 2 0.389999
      vertex 66.25 4.5 0.389999
    endloop
  endfacet
  facet normal 1 -0 0
    outer loop
      vertex 66.25 2 0.389999
      vertex 66.25 4.5 0
      vertex 66.25 4.5 0.389999
    endloop
  endfacet
  facet normal 1 0 0
    outer loop
      vertex 66.25 4.5 0
      vertex 66.25 2 0.389999
      vertex 66.25 2 0
    endloop
  endfacet
  facet normal 0 -1 0
    outer loop
      vertex 66.25 4.5 0
      vertex 66.75 4.5 0.389999
      vertex 66.25 4.5 0.389999
    endloop
  endfacet
  facet normal 0 -1 -0
    outer loop
      vertex 66.75 4.5 0.389999
      vertex 66.25 4.5 0
      vertex 66.75 4.5 0
    endloop
  endfacet
  facet normal 0 1 -0
    outer loop
      vertex 66.75 2 0
      vertex 66.25 2 0.389999
      vertex 66.75 2 0.389999
    endloop
  endfacet
  facet normal 0 1 0
    outer loop
      vertex 66.25 2 0.389999
      vertex 66.75 2 0
      vertex 66.25 2 0
    endloop
  endfacet
  facet normal -1 0 0
    outer loop
      vertex 67.75 2 0
      vertex 67.75 4.5 0.389999
      vertex 67.75 4.5 0
    endloop
  endfacet
  facet normal -1 -0 0
    outer loop
      vertex 67.75 4.5 0.389999
      vertex 67.75 2 0
      vertex 67.75 2 0.389999
    endloop
  endfacet
  facet normal 0 0 -1
    outer loop
      vertex 67.25 2 0.389999
      vertex 67.75 4.5 0.389999
      vertex 67.75 2 0.389999
    endloop
  endfacet
  facet normal -0 0 -1
    outer loop
      vertex 67.75 4.5 0.389999
      vertex 67.25 2 0.389999
      vertex 67.25 4.5 0.389999
    endloop
  endfacet
  facet normal 1 -0 0
    outer loop
      vertex 67.25 2 0.389999
      vertex 67.25 4.5 0
      vertex 67.25 4.5 0.389999
    endloop
  endfacet
  facet normal 1 0 0
    outer loop
      vertex 67.25 4.5 0
      vertex 67.25 2 0.389999
      vertex 67.25 2 0
    endloop
  endfacet
  facet normal 0 -1 0
    outer loop
      vertex 67.25 4.5 0
      vertex 67.75 4.5 0.389999
      vertex 67.25 4.5 0.389999
    endloop
  endfacet
  facet normal 0 -1 -0
    outer loop
      vertex 67.75 4.5 0.389999
      vertex 67.25 4.5 0
      vertex 67.75 4.5 0
    endloop
  endfacet
  facet normal 0 1 -0
    outer loop
      vertex 67.75 2 0
      vertex 67.25 2 0.389999
      vertex 67.75 2 0.389999
    endloop
  endfacet
  facet normal 0 1 0
    outer loop
      vertex 67.25 2 0.389999
      vertex 67.75 2 0
      vertex 67.25 2 0
    endloop
  endfacet
  facet normal -1 0 0
    outer loop
      vertex 68.75 2 0
      vertex 68.75 4.5 0.389999
      vertex 68.75 4.5 0
    endloop
  endfacet
  facet normal -1 -0 0
    outer loop
      vertex 68.75 4.5 0.389999
      vertex 68.75 2 0
      vertex 68.75 2 0.389999
    endloop
  endfacet
  facet normal 0 0 -1
    outer loop
      vertex 68.25 2 0.389999
      vertex 68.75 4.5 0.389999
      vertex 68.75 2 0.389999
    endloop
  endfacet
  facet normal -0 0 -1
    outer loop
      vertex 68.75 4.5 0.389999
      vertex 68.25 2 0.389999
      vertex 68.25 4.5 0.389999
    endloop
  endfacet
  facet normal 1 -0 0
    outer loop
      vertex 68.25 2 0.389999
      vertex 68.25 4.5 0
      vertex 68.25 4.5 0.389999
    endloop
  endfacet
  facet normal 1 0 0
    outer loop
      vertex 68.25 4.5 0
      vertex 68.25 2 0.389999
      vertex 68.25 2 0
    endloop
  endfacet
  facet normal 0 -1 0
    outer loop
      vertex 68.25 4.5 0
      vertex 68.75 4.5 0.389999
      vertex 68.25 4.5 0.389999
    endloop
  endfacet
  facet normal 0 -1 -0
    outer loop
      vertex 68.75 4.5 0.389999
      vertex 68.25 4.5 0
      vertex 68.75 4.5 0
    endloop
  endfacet
  facet normal 0 1 -0
    outer loop
      vertex 68.75 2 0
      vertex 68.25 2 0.389999
      vertex 68.75 2 0.389999
    endloop
  endfacet
  facet normal 0 1 0
    outer loop
      vertex 68.25 2 0.389999
      vertex 68.75 2 0
      vertex 68.25 2 0
    endloop
  endfacet
  facet normal -1 0 0
    outer loop
      vertex 69.75 2 0
      vertex 69.75 7 0.389999
      vertex 69.75 7 0
    endloop
  endfacet
  facet normal -1 -0 0
    outer loop
      vertex 69.75 7 0.389999
      vertex 69.75 2 0
      vertex 69.75 2 0.389999
    endloop
  endfacet
  facet normal 0 0 -1
    outer loop
      vertex 69.25 2 0.389999
      vertex 69.75 7 0.389999
      vertex 69.75 2 0.389999
    endloop
  endfacet
  facet normal -0 0 -1
    outer loop
      vertex 69.75 7 0.389999
      vertex 69.25 2 0.389999
      vertex 69.25 7 0.389999
    endloop
  endfacet
  facet normal 1 -0 0
    outer loop
      vertex 69.25 2 0.389999
      vertex 69.25 7 0
      vertex 69.25 7 0.389999
    endloop
  endfacet
  facet normal 1 0 0
    outer loop
      vertex 69.25 7 0
      vertex 69.25 2 0.389999
      vertex 69.25 2 0
    endloop
  endfacet
  facet normal 0 -1 0
    outer loop
      vertex 69.25 7 0
      vertex 69.75 7 0.389999
      vertex 69.25 7 0.389999
    endloop
  endfacet
  facet normal 0 -1 -0
    outer loop
      vertex 69.75 7 0.389999
      vertex 69.25 7 0
      vertex 69.75 7 0
    endloop
  endfacet
  facet normal 0 1 -0
    outer loop
      vertex 69.75 2 0
      vertex 69.25 2 0.389999
      vertex 69.75 2 0.389999
    endloop
  endfacet
  facet normal 0 1 0
    outer loop
      vertex 69.25 2 0.389999
      vertex 69.75 2 0
      vertex 69.25 2 0
    endloop
  endfacet
  facet normal -0.989242 -0.146288 0
    outer loop
      vertex -17.6541 -13.9167 31
      vertex -17.6663 -13.8342 41
      vertex -17.6663 -13.8342 31
    endloop
  endfacet
  facet normal -0.989242 -0.146288 0
    outer loop
      vertex -17.6663 -13.8342 41
      vertex -17.6541 -13.9167 31
      vertex -17.6541 -13.9167 41
    endloop
  endfacet
  facet normal -0.998791 -0.0491602 0
    outer loop
      vertex -17.65 -14 31
      vertex -17.6541 -13.9167 41
      vertex -17.6541 -13.9167 31
    endloop
  endfacet
  facet normal -0.998791 -0.0491602 0
    outer loop
      vertex -17.6541 -13.9167 41
      vertex -17.65 -14 31
      vertex -17.65 -14 41
    endloop
  endfacet
  facet normal -0.969931 -0.243382 0
    outer loop
      vertex -17.6663 -13.8342 31
      vertex -17.6866 -13.7533 41
      vertex -17.6866 -13.7533 31
    endloop
  endfacet
  facet normal -0.969931 -0.243382 0
    outer loop
      vertex -17.6866 -13.7533 41
      vertex -17.6663 -13.8342 31
      vertex -17.6663 -13.8342 41
    endloop
  endfacet
  facet normal -0.427932 0.903811 0
    outer loop
      vertex -18.0993 -14.7496 31
      vertex -18.1747 -14.7853 41
      vertex -18.0993 -14.7496 41
    endloop
  endfacet
  facet normal -0.427932 0.903811 0
    outer loop
      vertex -18.1747 -14.7853 41
      vertex -18.0993 -14.7496 31
      vertex -18.1747 -14.7853 31
    endloop
  endfacet
  facet normal 0.0491602 -0.998791 0
    outer loop
      vertex -18.5833 -13.1541 31
      vertex -18.5 -13.15 41
      vertex -18.5833 -13.1541 41
    endloop
  endfacet
  facet normal 0.0491602 -0.998791 0
    outer loop
      vertex -18.5 -13.15 41
      vertex -18.5833 -13.1541 31
      vertex -18.5 -13.15 31
    endloop
  endfacet
  facet normal 0.427932 -0.903811 0
    outer loop
      vertex -18.9007 -13.2504 31
      vertex -18.8253 -13.2147 41
      vertex -18.9007 -13.2504 41
    endloop
  endfacet
  facet normal 0.427932 -0.903811 0
    outer loop
      vertex -18.8253 -13.2147 41
      vertex -18.9007 -13.2504 31
      vertex -18.8253 -13.2147 31
    endloop
  endfacet
  facet normal -0.740428 -0.672136 0
    outer loop
      vertex -17.8429 -13.4608 31
      vertex -17.899 -13.399 41
      vertex -17.899 -13.399 31
    endloop
  endfacet
  facet normal -0.740428 -0.672136 0
    outer loop
      vertex -17.899 -13.399 41
      vertex -17.8429 -13.4608 31
      vertex -17.8429 -13.4608 41
    endloop
  endfacet
  facet normal 0.146288 0.989242 -0
    outer loop
      vertex -18.5833 -14.8459 31
      vertex -18.6658 -14.8337 41
      vertex -18.5833 -14.8459 41
    endloop
  endfacet
  facet normal 0.146288 0.989242 0
    outer loop
      vertex -18.6658 -14.8337 41
      vertex -18.5833 -14.8459 31
      vertex -18.6658 -14.8337 31
    endloop
  endfacet
  facet normal -0.427932 -0.903811 0
    outer loop
      vertex -18.1747 -13.2147 31
      vertex -18.0993 -13.2504 41
      vertex -18.1747 -13.2147 41
    endloop
  endfacet
  facet normal -0.427932 -0.903811 -0
    outer loop
      vertex -18.0993 -13.2504 41
      vertex -18.1747 -13.2147 31
      vertex -18.0993 -13.2504 31
    endloop
  endfacet
  facet normal 0.146288 -0.989242 0
    outer loop
      vertex -18.6658 -13.1663 31
      vertex -18.5833 -13.1541 41
      vertex -18.6658 -13.1663 41
    endloop
  endfacet
  facet normal 0.146288 -0.989242 0
    outer loop
      vertex -18.5833 -13.1541 41
      vertex -18.6658 -13.1663 31
      vertex -18.5833 -13.1541 31
    endloop
  endfacet
  facet normal -0.243382 0.969931 0
    outer loop
      vertex -18.2533 -14.8134 31
      vertex -18.3342 -14.8337 41
      vertex -18.2533 -14.8134 41
    endloop
  endfacet
  facet normal -0.243382 0.969931 0
    outer loop
      vertex -18.3342 -14.8337 41
      vertex -18.2533 -14.8134 31
      vertex -18.3342 -14.8337 31
    endloop
  endfacet
  facet normal 0.594998 -0.803727 0
    outer loop
      vertex -19.0392 -13.3429 31
      vertex -18.9722 -13.2933 41
      vertex -19.0392 -13.3429 41
    endloop
  endfacet
  facet normal 0.594998 -0.803727 0
    outer loop
      vertex -18.9722 -13.2933 41
      vertex -19.0392 -13.3429 31
      vertex -18.9722 -13.2933 31
    endloop
  endfacet
  facet normal 0.903811 -0.427932 0
    outer loop
      vertex -19.2853 -13.6747 41
      vertex -19.2496 -13.5993 31
      vertex -19.2496 -13.5993 41
    endloop
  endfacet
  facet normal 0.903811 -0.427932 0
    outer loop
      vertex -19.2496 -13.5993 31
      vertex -19.2853 -13.6747 41
      vertex -19.2853 -13.6747 31
    endloop
  endfacet
  facet normal 0.427932 0.903811 -0
    outer loop
      vertex -18.8253 -14.7853 31
      vertex -18.9007 -14.7496 41
      vertex -18.8253 -14.7853 41
    endloop
  endfacet
  facet normal 0.427932 0.903811 0
    outer loop
      vertex -18.9007 -14.7496 41
      vertex -18.8253 -14.7853 31
      vertex -18.9007 -14.7496 31
    endloop
  endfacet
  facet normal 0.594998 0.803727 -0
    outer loop
      vertex -18.9722 -14.7067 31
      vertex -19.0392 -14.6571 41
      vertex -18.9722 -14.7067 41
    endloop
  endfacet
  facet normal 0.594998 0.803727 0
    outer loop
      vertex -19.0392 -14.6571 41
      vertex -18.9722 -14.7067 31
      vertex -19.0392 -14.6571 31
    endloop
  endfacet
  facet normal 0.903811 0.427932 0
    outer loop
      vertex -19.2496 -14.4007 41
      vertex -19.2853 -14.3253 31
      vertex -19.2853 -14.3253 41
    endloop
  endfacet
  facet normal 0.903811 0.427932 0
    outer loop
      vertex -19.2853 -14.3253 31
      vertex -19.2496 -14.4007 41
      vertex -19.2496 -14.4007 31
    endloop
  endfacet
  facet normal -0.514496 -0.857493 0
    outer loop
      vertex -18.0993 -13.2504 31
      vertex -18.0278 -13.2933 41
      vertex -18.0993 -13.2504 41
    endloop
  endfacet
  facet normal -0.514496 -0.857493 -0
    outer loop
      vertex -18.0278 -13.2933 41
      vertex -18.0993 -13.2504 31
      vertex -18.0278 -13.2933 31
    endloop
  endfacet
  facet normal -0.594998 0.803727 0
    outer loop
      vertex -17.9608 -14.6571 31
      vertex -18.0278 -14.7067 41
      vertex -17.9608 -14.6571 41
    endloop
  endfacet
  facet normal -0.594998 0.803727 0
    outer loop
      vertex -18.0278 -14.7067 41
      vertex -17.9608 -14.6571 31
      vertex -18.0278 -14.7067 31
    endloop
  endfacet
  facet normal 0.998791 0.0491602 0
    outer loop
      vertex -19.3459 -14.0833 41
      vertex -19.35 -14 31
      vertex -19.35 -14 41
    endloop
  endfacet
  facet normal 0.998791 0.0491602 0
    outer loop
      vertex -19.35 -14 31
      vertex -19.3459 -14.0833 41
      vertex -19.3459 -14.0833 31
    endloop
  endfacet
  facet normal 0.33664 0.941633 -0
    outer loop
      vertex -18.7467 -14.8134 31
      vertex -18.8253 -14.7853 41
      vertex -18.7467 -14.8134 41
    endloop
  endfacet
  facet normal 0.33664 0.941633 0
    outer loop
      vertex -18.8253 -14.7853 41
      vertex -18.7467 -14.8134 31
      vertex -18.8253 -14.7853 31
    endloop
  endfacet
  facet normal -0.594998 -0.803727 0
    outer loop
      vertex -18.0278 -13.2933 31
      vertex -17.9608 -13.3429 41
      vertex -18.0278 -13.2933 41
    endloop
  endfacet
  facet normal -0.594998 -0.803727 -0
    outer loop
      vertex -17.9608 -13.3429 41
      vertex -18.0278 -13.2933 31
      vertex -17.9608 -13.3429 31
    endloop
  endfacet
  facet normal -0.969931 0.243382 0
    outer loop
      vertex -17.6866 -14.2467 31
      vertex -17.6663 -14.1658 41
      vertex -17.6663 -14.1658 31
    endloop
  endfacet
  facet normal -0.969931 0.243382 0
    outer loop
      vertex -17.6663 -14.1658 41
      vertex -17.6866 -14.2467 31
      vertex -17.6866 -14.2467 41
    endloop
  endfacet
  facet normal 0.514496 -0.857493 0
    outer loop
      vertex -18.9722 -13.2933 31
      vertex -18.9007 -13.2504 41
      vertex -18.9722 -13.2933 41
    endloop
  endfacet
  facet normal 0.514496 -0.857493 0
    outer loop
      vertex -18.9007 -13.2504 41
      vertex -18.9722 -13.2933 31
      vertex -18.9007 -13.2504 31
    endloop
  endfacet
  facet normal 0.941633 0.33664 0
    outer loop
      vertex -19.2853 -14.3253 41
      vertex -19.3134 -14.2467 31
      vertex -19.3134 -14.2467 41
    endloop
  endfacet
  facet normal 0.941633 0.33664 0
    outer loop
      vertex -19.3134 -14.2467 31
      vertex -19.2853 -14.3253 41
      vertex -19.2853 -14.3253 31
    endloop
  endfacet
  facet normal -0.243382 -0.969931 0
    outer loop
      vertex -18.3342 -13.1663 31
      vertex -18.2533 -13.1866 41
      vertex -18.3342 -13.1663 41
    endloop
  endfacet
  facet normal -0.243382 -0.969931 -0
    outer loop
      vertex -18.2533 -13.1866 41
      vertex -18.3342 -13.1663 31
      vertex -18.2533 -13.1866 31
    endloop
  endfacet
  facet normal 0.740428 -0.672136 0
    outer loop
      vertex -19.1571 -13.4608 41
      vertex -19.101 -13.399 31
      vertex -19.101 -13.399 41
    endloop
  endfacet
  facet normal 0.740428 -0.672136 0
    outer loop
      vertex -19.101 -13.399 31
      vertex -19.1571 -13.4608 41
      vertex -19.1571 -13.4608 31
    endloop
  endfacet
  facet normal -0.0491602 0.998791 0
    outer loop
      vertex -18.4167 -14.8459 31
      vertex -18.5 -14.85 41
      vertex -18.4167 -14.8459 41
    endloop
  endfacet
  facet normal -0.0491602 0.998791 0
    outer loop
      vertex -18.5 -14.85 41
      vertex -18.4167 -14.8459 31
      vertex -18.5 -14.85 31
    endloop
  endfacet
  facet normal -0.803727 -0.594998 0
    outer loop
      vertex -17.7933 -13.5278 31
      vertex -17.8429 -13.4608 41
      vertex -17.8429 -13.4608 31
    endloop
  endfacet
  facet normal -0.803727 -0.594998 0
    outer loop
      vertex -17.8429 -13.4608 41
      vertex -17.7933 -13.5278 31
      vertex -17.7933 -13.5278 41
    endloop
  endfacet
  facet normal 0.969931 0.243382 0
    outer loop
      vertex -19.3134 -14.2467 41
      vertex -19.3337 -14.1658 31
      vertex -19.3337 -14.1658 41
    endloop
  endfacet
  facet normal 0.969931 0.243382 0
    outer loop
      vertex -19.3337 -14.1658 31
      vertex -19.3134 -14.2467 41
      vertex -19.3134 -14.2467 31
    endloop
  endfacet
  facet normal -0.989242 0.146288 0
    outer loop
      vertex -17.6663 -14.1658 31
      vertex -17.6541 -14.0833 41
      vertex -17.6541 -14.0833 31
    endloop
  endfacet
  facet normal -0.989242 0.146288 0
    outer loop
      vertex -17.6541 -14.0833 41
      vertex -17.6663 -14.1658 31
      vertex -17.6663 -14.1658 41
    endloop
  endfacet
  facet normal -0.514496 0.857493 0
    outer loop
      vertex -18.0278 -14.7067 31
      vertex -18.0993 -14.7496 41
      vertex -18.0278 -14.7067 41
    endloop
  endfacet
  facet normal -0.514496 0.857493 0
    outer loop
      vertex -18.0993 -14.7496 41
      vertex -18.0278 -14.7067 31
      vertex -18.0993 -14.7496 31
    endloop
  endfacet
  facet normal 0.941633 -0.33664 0
    outer loop
      vertex -19.3134 -13.7533 41
      vertex -19.2853 -13.6747 31
      vertex -19.2853 -13.6747 41
    endloop
  endfacet
  facet normal 0.941633 -0.33664 0
    outer loop
      vertex -19.2853 -13.6747 31
      vertex -19.3134 -13.7533 41
      vertex -19.3134 -13.7533 31
    endloop
  endfacet
  facet normal 0.989242 -0.146288 0
    outer loop
      vertex -19.3459 -13.9167 41
      vertex -19.3337 -13.8342 31
      vertex -19.3337 -13.8342 41
    endloop
  endfacet
  facet normal 0.989242 -0.146288 0
    outer loop
      vertex -19.3337 -13.8342 31
      vertex -19.3459 -13.9167 41
      vertex -19.3459 -13.9167 31
    endloop
  endfacet
  facet normal -0.903811 0.427932 0
    outer loop
      vertex -17.7504 -14.4007 31
      vertex -17.7147 -14.3253 41
      vertex -17.7147 -14.3253 31
    endloop
  endfacet
  facet normal -0.903811 0.427932 0
    outer loop
      vertex -17.7147 -14.3253 41
      vertex -17.7504 -14.4007 31
      vertex -17.7504 -14.4007 41
    endloop
  endfacet
  facet normal -0.998791 0.0491602 0
    outer loop
      vertex -17.6541 -14.0833 31
      vertex -17.65 -14 41
      vertex -17.65 -14 31
    endloop
  endfacet
  facet normal -0.998791 0.0491602 0
    outer loop
      vertex -17.65 -14 41
      vertex -17.6541 -14.0833 31
      vertex -17.6541 -14.0833 41
    endloop
  endfacet
  facet normal 0 0 1
    outer loop
      vertex -17.6541 -13.9167 31
      vertex -17.6541 -14.0833 31
      vertex -17.65 -14 31
    endloop
  endfacet
  facet normal 0 0 1
    outer loop
      vertex -17.6663 -13.8342 31
      vertex -17.6541 -14.0833 31
      vertex -17.6541 -13.9167 31
    endloop
  endfacet
  facet normal 0 0 1
    outer loop
      vertex -17.6663 -13.8342 31
      vertex -17.6663 -14.1658 31
      vertex -17.6541 -14.0833 31
    endloop
  endfacet
  facet normal 0 0 1
    outer loop
      vertex -17.6866 -13.7533 31
      vertex -17.6663 -14.1658 31
      vertex -17.6663 -13.8342 31
    endloop
  endfacet
  facet normal 0 0 1
    outer loop
      vertex -17.6866 -13.7533 31
      vertex -17.6866 -14.2467 31
      vertex -17.6663 -14.1658 31
    endloop
  endfacet
  facet normal 0 0 1
    outer loop
      vertex -17.7147 -13.6747 31
      vertex -17.6866 -14.2467 31
      vertex -17.6866 -13.7533 31
    endloop
  endfacet
  facet normal 0 0 1
    outer loop
      vertex -17.7147 -13.6747 31
      vertex -17.7147 -14.3253 31
      vertex -17.6866 -14.2467 31
    endloop
  endfacet
  facet normal 0 0 1
    outer loop
      vertex -17.7504 -13.5993 31
      vertex -17.7147 -14.3253 31
      vertex -17.7147 -13.6747 31
    endloop
  endfacet
  facet normal 0 0 1
    outer loop
      vertex -17.7504 -13.5993 31
      vertex -17.7504 -14.4007 31
      vertex -17.7147 -14.3253 31
    endloop
  endfacet
  facet normal 0 0 1
    outer loop
      vertex -17.7933 -13.5278 31
      vertex -17.7504 -14.4007 31
      vertex -17.7504 -13.5993 31
    endloop
  endfacet
  facet normal 0 0 1
    outer loop
      vertex -17.7933 -13.5278 31
      vertex -17.7933 -14.4722 31
      vertex -17.7504 -14.4007 31
    endloop
  endfacet
  facet normal 0 0 1
    outer loop
      vertex -17.8429 -13.4608 31
      vertex -17.7933 -14.4722 31
      vertex -17.7933 -13.5278 31
    endloop
  endfacet
  facet normal 0 0 1
    outer loop
      vertex -17.8429 -13.4608 31
      vertex -17.8429 -14.5392 31
      vertex -17.7933 -14.4722 31
    endloop
  endfacet
  facet normal 0 0 1
    outer loop
      vertex -17.899 -13.399 31
      vertex -17.8429 -14.5392 31
      vertex -17.8429 -13.4608 31
    endloop
  endfacet
  facet normal 0 0 1
    outer loop
      vertex -17.899 -13.399 31
      vertex -17.899 -14.601 31
      vertex -17.8429 -14.5392 31
    endloop
  endfacet
  facet normal 0 0 1
    outer loop
      vertex -17.9608 -13.3429 31
      vertex -17.899 -14.601 31
      vertex -17.899 -13.399 31
    endloop
  endfacet
  facet normal 0 0 1
    outer loop
      vertex -17.9608 -13.3429 31
      vertex -17.9608 -14.6571 31
      vertex -17.899 -14.601 31
    endloop
  endfacet
  facet normal 0 0 1
    outer loop
      vertex -18.0278 -13.2933 31
      vertex -17.9608 -14.6571 31
      vertex -17.9608 -13.3429 31
    endloop
  endfacet
  facet normal 0 0 1
    outer loop
      vertex -18.0278 -13.2933 31
      vertex -18.0278 -14.7067 31
      vertex -17.9608 -14.6571 31
    endloop
  endfacet
  facet normal 0 0 1
    outer loop
      vertex -18.0993 -13.2504 31
      vertex -18.0278 -14.7067 31
      vertex -18.0278 -13.2933 31
    endloop
  endfacet
  facet normal 0 0 1
    outer loop
      vertex -18.0993 -13.2504 31
      vertex -18.0993 -14.7496 31
      vertex -18.0278 -14.7067 31
    endloop
  endfacet
  facet normal 0 0 1
    outer loop
      vertex -18.1747 -13.2147 31
      vertex -18.0993 -14.7496 31
      vertex -18.0993 -13.2504 31
    endloop
  endfacet
  facet normal 0 0 1
    outer loop
      vertex -18.1747 -13.2147 31
      vertex -18.1747 -14.7853 31
      vertex -18.0993 -14.7496 31
    endloop
  endfacet
  facet normal 0 0 1
    outer loop
      vertex -18.2533 -13.1866 31
      vertex -18.1747 -14.7853 31
      vertex -18.1747 -13.2147 31
    endloop
  endfacet
  facet normal 0 0 1
    outer loop
      vertex -18.2533 -13.1866 31
      vertex -18.2533 -14.8134 31
      vertex -18.1747 -14.7853 31
    endloop
  endfacet
  facet normal 0 0 1
    outer loop
      vertex -18.3342 -13.1663 31
      vertex -18.2533 -14.8134 31
      vertex -18.2533 -13.1866 31
    endloop
  endfacet
  facet normal 0 0 1
    outer loop
      vertex -18.3342 -13.1663 31
      vertex -18.3342 -14.8337 31
      vertex -18.2533 -14.8134 31
    endloop
  endfacet
  facet normal 0 0 1
    outer loop
      vertex -18.4167 -13.1541 31
      vertex -18.3342 -14.8337 31
      vertex -18.3342 -13.1663 31
    endloop
  endfacet
  facet normal 0 0 1
    outer loop
      vertex -18.4167 -13.1541 31
      vertex -18.4167 -14.8459 31
      vertex -18.3342 -14.8337 31
    endloop
  endfacet
  facet normal 0 0 1
    outer loop
      vertex -18.5 -13.15 31
      vertex -18.4167 -14.8459 31
      vertex -18.4167 -13.1541 31
    endloop
  endfacet
  facet normal 0 0 1
    outer loop
      vertex -18.5 -13.15 31
      vertex -18.5 -14.85 31
      vertex -18.4167 -14.8459 31
    endloop
  endfacet
  facet normal -0 0 1
    outer loop
      vertex -18.5833 -13.1541 31
      vertex -18.5 -14.85 31
      vertex -18.5 -13.15 31
    endloop
  endfacet
  facet normal 0 0 1
    outer loop
      vertex -18.5833 -13.1541 31
      vertex -18.5833 -14.8459 31
      vertex -18.5 -14.85 31
    endloop
  endfacet
  facet normal -0 0 1
    outer loop
      vertex -18.6658 -13.1663 31
      vertex -18.5833 -14.8459 31
      vertex -18.5833 -13.1541 31
    endloop
  endfacet
  facet normal 0 0 1
    outer loop
      vertex -18.6658 -13.1663 31
      vertex -18.6658 -14.8337 31
      vertex -18.5833 -14.8459 31
    endloop
  endfacet
  facet normal -0 0 1
    outer loop
      vertex -18.7467 -13.1866 31
      vertex -18.6658 -14.8337 31
      vertex -18.6658 -13.1663 31
    endloop
  endfacet
  facet normal 0 0 1
    outer loop
      vertex -18.7467 -13.1866 31
      vertex -18.7467 -14.8134 31
      vertex -18.6658 -14.8337 31
    endloop
  endfacet
  facet normal -0 0 1
    outer loop
      vertex -18.8253 -13.2147 31
      vertex -18.7467 -14.8134 31
      vertex -18.7467 -13.1866 31
    endloop
  endfacet
  facet normal 0 0 1
    outer loop
      vertex -18.8253 -13.2147 31
      vertex -18.8253 -14.7853 31
      vertex -18.7467 -14.8134 31
    endloop
  endfacet
  facet normal -0 0 1
    outer loop
      vertex -18.9007 -13.2504 31
      vertex -18.8253 -14.7853 31
      vertex -18.8253 -13.2147 31
    endloop
  endfacet
  facet normal 0 0 1
    outer loop
      vertex -18.9007 -13.2504 31
      vertex -18.9007 -14.7496 31
      vertex -18.8253 -14.7853 31
    endloop
  endfacet
  facet normal -0 0 1
    outer loop
      vertex -18.9722 -13.2933 31
      vertex -18.9007 -14.7496 31
      vertex -18.9007 -13.2504 31
    endloop
  endfacet
  facet normal 0 0 1
    outer loop
      vertex -18.9722 -13.2933 31
      vertex -18.9722 -14.7067 31
      vertex -18.9007 -14.7496 31
    endloop
  endfacet
  facet normal -0 0 1
    outer loop
      vertex -19.0392 -13.3429 31
      vertex -18.9722 -14.7067 31
      vertex -18.9722 -13.2933 31
    endloop
  endfacet
  facet normal 0 0 1
    outer loop
      vertex -19.0392 -13.3429 31
      vertex -19.0392 -14.6571 31
      vertex -18.9722 -14.7067 31
    endloop
  endfacet
  facet normal -0 0 1
    outer loop
      vertex -19.101 -13.399 31
      vertex -19.0392 -14.6571 31
      vertex -19.0392 -13.3429 31
    endloop
  endfacet
  facet normal 0 0 1
    outer loop
      vertex -19.101 -13.399 31
      vertex -19.101 -14.601 31
      vertex -19.0392 -14.6571 31
    endloop
  endfacet
  facet normal -0 0 1
    outer loop
      vertex -19.1571 -13.4608 31
      vertex -19.101 -14.601 31
      vertex -19.101 -13.399 31
    endloop
  endfacet
  facet normal 0 0 1
    outer loop
      vertex -19.1571 -13.4608 31
      vertex -19.1571 -14.5392 31
      vertex -19.101 -14.601 31
    endloop
  endfacet
  facet normal -0 0 1
    outer loop
      vertex -19.2067 -13.5278 31
      vertex -19.1571 -14.5392 31
      vertex -19.1571 -13.4608 31
    endloop
  endfacet
  facet normal 0 0 1
    outer loop
      vertex -19.2067 -13.5278 31
      vertex -19.2067 -14.4722 31
      vertex -19.1571 -14.5392 31
    endloop
  endfacet
  facet normal -0 0 1
    outer loop
      vertex -19.2496 -13.5993 31
      vertex -19.2067 -14.4722 31
      vertex -19.2067 -13.5278 31
    endloop
  endfacet
  facet normal 0 0 1
    outer loop
      vertex -19.2496 -13.5993 31
      vertex -19.2496 -14.4007 31
      vertex -19.2067 -14.4722 31
    endloop
  endfacet
  facet normal -0 0 1
    outer loop
      vertex -19.2853 -13.6747 31
      vertex -19.2496 -14.4007 31
      vertex -19.2496 -13.5993 31
    endloop
  endfacet
  facet normal 0 0 1
    outer loop
      vertex -19.2853 -13.6747 31
      vertex -19.2853 -14.3253 31
      vertex -19.2496 -14.4007 31
    endloop
  endfacet
  facet normal -0 0 1
    outer loop
      vertex -19.3134 -13.7533 31
      vertex -19.2853 -14.3253 31
      vertex -19.2853 -13.6747 31
    endloop
  endfacet
  facet normal 0 0 1
    outer loop
      vertex -19.3134 -13.7533 31
      vertex -19.3134 -14.2467 31
      vertex -19.2853 -14.3253 31
    endloop
  endfacet
  facet normal -0 0 1
    outer loop
      vertex -19.3337 -13.8342 31
      vertex -19.3134 -14.2467 31
      vertex -19.3134 -13.7533 31
    endloop
  endfacet
  facet normal 0 0 1
    outer loop
      vertex -19.3337 -13.8342 31
      vertex -19.3337 -14.1658 31
      vertex -19.3134 -14.2467 31
    endloop
  endfacet
  facet normal -0 0 1
    outer loop
      vertex -19.3459 -13.9167 31
      vertex -19.3337 -14.1658 31
      vertex -19.3337 -13.8342 31
    endloop
  endfacet
  facet normal 0 0 1
    outer loop
      vertex -19.3459 -13.9167 31
      vertex -19.3459 -14.0833 31
      vertex -19.3337 -14.1658 31
    endloop
  endfacet
  facet normal 0 -0 1
    outer loop
      vertex -19.3459 -14.0833 31
      vertex -19.3459 -13.9167 31
      vertex -19.35 -14 31
    endloop
  endfacet
  facet normal -0.146288 0.989242 0
    outer loop
      vertex -18.3342 -14.8337 31
      vertex -18.4167 -14.8459 41
      vertex -18.3342 -14.8337 41
    endloop
  endfacet
  facet normal -0.146288 0.989242 0
    outer loop
      vertex -18.4167 -14.8459 41
      vertex -18.3342 -14.8337 31
      vertex -18.4167 -14.8459 31
    endloop
  endfacet
  facet normal -0.941633 -0.33664 0
    outer loop
      vertex -17.6866 -13.7533 31
      vertex -17.7147 -13.6747 41
      vertex -17.7147 -13.6747 31
    endloop
  endfacet
  facet normal -0.941633 -0.33664 0
    outer loop
      vertex -17.7147 -13.6747 41
      vertex -17.6866 -13.7533 31
      vertex -17.6866 -13.7533 41
    endloop
  endfacet
  facet normal -0.803727 0.594998 0
    outer loop
      vertex -17.8429 -14.5392 31
      vertex -17.7933 -14.4722 41
      vertex -17.7933 -14.4722 31
    endloop
  endfacet
  facet normal -0.803727 0.594998 0
    outer loop
      vertex -17.7933 -14.4722 41
      vertex -17.8429 -14.5392 31
      vertex -17.8429 -14.5392 41
    endloop
  endfacet
  facet normal -0.857493 0.514496 0
    outer loop
      vertex -17.7933 -14.4722 31
      vertex -17.7504 -14.4007 41
      vertex -17.7504 -14.4007 31
    endloop
  endfacet
  facet normal -0.857493 0.514496 0
    outer loop
      vertex -17.7504 -14.4007 41
      vertex -17.7933 -14.4722 31
      vertex -17.7933 -14.4722 41
    endloop
  endfacet
  facet normal 0.243382 -0.969931 0
    outer loop
      vertex -18.7467 -13.1866 31
      vertex -18.6658 -13.1663 41
      vertex -18.7467 -13.1866 41
    endloop
  endfacet
  facet normal 0.243382 -0.969931 0
    outer loop
      vertex -18.6658 -13.1663 41
      vertex -18.7467 -13.1866 31
      vertex -18.6658 -13.1663 31
    endloop
  endfacet
  facet normal -0.941633 0.33664 0
    outer loop
      vertex -17.7147 -14.3253 31
      vertex -17.6866 -14.2467 41
      vertex -17.6866 -14.2467 31
    endloop
  endfacet
  facet normal -0.941633 0.33664 0
    outer loop
      vertex -17.6866 -14.2467 41
      vertex -17.7147 -14.3253 31
      vertex -17.7147 -14.3253 41
    endloop
  endfacet
  facet normal -0.0491602 -0.998791 0
    outer loop
      vertex -18.5 -13.15 31
      vertex -18.4167 -13.1541 41
      vertex -18.5 -13.15 41
    endloop
  endfacet
  facet normal -0.0491602 -0.998791 -0
    outer loop
      vertex -18.4167 -13.1541 41
      vertex -18.5 -13.15 31
      vertex -18.4167 -13.1541 31
    endloop
  endfacet
  facet normal -0.903811 -0.427932 0
    outer loop
      vertex -17.7147 -13.6747 31
      vertex -17.7504 -13.5993 41
      vertex -17.7504 -13.5993 31
    endloop
  endfacet
  facet normal -0.903811 -0.427932 0
    outer loop
      vertex -17.7504 -13.5993 41
      vertex -17.7147 -13.6747 31
      vertex -17.7147 -13.6747 41
    endloop
  endfacet
  facet normal -0.146288 -0.989242 0
    outer loop
      vertex -18.4167 -13.1541 31
      vertex -18.3342 -13.1663 41
      vertex -18.4167 -13.1541 41
    endloop
  endfacet
  facet normal -0.146288 -0.989242 -0
    outer loop
      vertex -18.3342 -13.1663 41
      vertex -18.4167 -13.1541 31
      vertex -18.3342 -13.1663 31
    endloop
  endfacet
  facet normal 0.243382 0.969931 -0
    outer loop
      vertex -18.6658 -14.8337 31
      vertex -18.7467 -14.8134 41
      vertex -18.6658 -14.8337 41
    endloop
  endfacet
  facet normal 0.243382 0.969931 0
    outer loop
      vertex -18.7467 -14.8134 41
      vertex -18.6658 -14.8337 31
      vertex -18.7467 -14.8134 31
    endloop
  endfacet
  facet normal 0.857493 0.514496 0
    outer loop
      vertex -19.2067 -14.4722 41
      vertex -19.2496 -14.4007 31
      vertex -19.2496 -14.4007 41
    endloop
  endfacet
  facet normal 0.857493 0.514496 0
    outer loop
      vertex -19.2496 -14.4007 31
      vertex -19.2067 -14.4722 41
      vertex -19.2067 -14.4722 31
    endloop
  endfacet
  facet normal -0.857493 -0.514496 0
    outer loop
      vertex -17.7504 -13.5993 31
      vertex -17.7933 -13.5278 41
      vertex -17.7933 -13.5278 31
    endloop
  endfacet
  facet normal -0.857493 -0.514496 0
    outer loop
      vertex -17.7933 -13.5278 41
      vertex -17.7504 -13.5993 31
      vertex -17.7504 -13.5993 41
    endloop
  endfacet
  facet normal 0.33664 -0.941633 0
    outer loop
      vertex -18.8253 -13.2147 31
      vertex -18.7467 -13.1866 41
      vertex -18.8253 -13.2147 41
    endloop
  endfacet
  facet normal 0.33664 -0.941633 0
    outer loop
      vertex -18.7467 -13.1866 41
      vertex -18.8253 -13.2147 31
      vertex -18.7467 -13.1866 31
    endloop
  endfacet
  facet normal 0.740428 0.672136 0
    outer loop
      vertex -19.101 -14.601 41
      vertex -19.1571 -14.5392 31
      vertex -19.1571 -14.5392 41
    endloop
  endfacet
  facet normal 0.740428 0.672136 0
    outer loop
      vertex -19.1571 -14.5392 31
      vertex -19.101 -14.601 41
      vertex -19.101 -14.601 31
    endloop
  endfacet
  facet normal 0.672136 -0.740428 0
    outer loop
      vertex -19.101 -13.399 31
      vertex -19.0392 -13.3429 41
      vertex -19.101 -13.399 41
    endloop
  endfacet
  facet normal 0.672136 -0.740428 0
    outer loop
      vertex -19.0392 -13.3429 41
      vertex -19.101 -13.399 31
      vertex -19.0392 -13.3429 31
    endloop
  endfacet
  facet normal -0.33664 -0.941633 0
    outer loop
      vertex -18.2533 -13.1866 31
      vertex -18.1747 -13.2147 41
      vertex -18.2533 -13.1866 41
    endloop
  endfacet
  facet normal -0.33664 -0.941633 -0
    outer loop
      vertex -18.1747 -13.2147 41
      vertex -18.2533 -13.1866 31
      vertex -18.1747 -13.2147 31
    endloop
  endfacet
  facet normal 0.514496 0.857493 -0
    outer loop
      vertex -18.9007 -14.7496 31
      vertex -18.9722 -14.7067 41
      vertex -18.9007 -14.7496 41
    endloop
  endfacet
  facet normal 0.514496 0.857493 0
    outer loop
      vertex -18.9722 -14.7067 41
      vertex -18.9007 -14.7496 31
      vertex -18.9722 -14.7067 31
    endloop
  endfacet
  facet normal 0.969931 -0.243382 0
    outer loop
      vertex -19.3337 -13.8342 41
      vertex -19.3134 -13.7533 31
      vertex -19.3134 -13.7533 41
    endloop
  endfacet
  facet normal 0.969931 -0.243382 0
    outer loop
      vertex -19.3134 -13.7533 31
      vertex -19.3337 -13.8342 41
      vertex -19.3337 -13.8342 31
    endloop
  endfacet
  facet normal -0.672136 -0.740428 0
    outer loop
      vertex -17.9608 -13.3429 31
      vertex -17.899 -13.399 41
      vertex -17.9608 -13.3429 41
    endloop
  endfacet
  facet normal -0.672136 -0.740428 -0
    outer loop
      vertex -17.899 -13.399 41
      vertex -17.9608 -13.3429 31
      vertex -17.899 -13.399 31
    endloop
  endfacet
  facet normal -0.33664 0.941633 0
    outer loop
      vertex -18.1747 -14.7853 31
      vertex -18.2533 -14.8134 41
      vertex -18.1747 -14.7853 41
    endloop
  endfacet
  facet normal -0.33664 0.941633 0
    outer loop
      vertex -18.2533 -14.8134 41
      vertex -18.1747 -14.7853 31
      vertex -18.2533 -14.8134 31
    endloop
  endfacet
  facet normal 0.803727 0.594998 0
    outer loop
      vertex -19.1571 -14.5392 41
      vertex -19.2067 -14.4722 31
      vertex -19.2067 -14.4722 41
    endloop
  endfacet
  facet normal 0.803727 0.594998 0
    outer loop
      vertex -19.2067 -14.4722 31
      vertex -19.1571 -14.5392 41
      vertex -19.1571 -14.5392 31
    endloop
  endfacet
  facet normal 0.989242 0.146288 0
    outer loop
      vertex -19.3337 -14.1658 41
      vertex -19.3459 -14.0833 31
      vertex -19.3459 -14.0833 41
    endloop
  endfacet
  facet normal 0.989242 0.146288 0
    outer loop
      vertex -19.3459 -14.0833 31
      vertex -19.3337 -14.1658 41
      vertex -19.3337 -14.1658 31
    endloop
  endfacet
  facet normal 0.672136 0.740428 -0
    outer loop
      vertex -19.0392 -14.6571 31
      vertex -19.101 -14.601 41
      vertex -19.0392 -14.6571 41
    endloop
  endfacet
  facet normal 0.672136 0.740428 0
    outer loop
      vertex -19.101 -14.601 41
      vertex -19.0392 -14.6571 31
      vertex -19.101 -14.601 31
    endloop
  endfacet
  facet normal 0.803727 -0.594998 0
    outer loop
      vertex -19.2067 -13.5278 41
      vertex -19.1571 -13.4608 31
      vertex -19.1571 -13.4608 41
    endloop
  endfacet
  facet normal 0.803727 -0.594998 0
    outer loop
      vertex -19.1571 -13.4608 31
      vertex -19.2067 -13.5278 41
      vertex -19.2067 -13.5278 31
    endloop
  endfacet
  facet normal 0.857493 -0.514496 0
    outer loop
      vertex -19.2496 -13.5993 41
      vertex -19.2067 -13.5278 31
      vertex -19.2067 -13.5278 41
    endloop
  endfacet
  facet normal 0.857493 -0.514496 0
    outer loop
      vertex -19.2067 -13.5278 31
      vertex -19.2496 -13.5993 41
      vertex -19.2496 -13.5993 31
    endloop
  endfacet
  facet normal 0.0491602 0.998791 -0
    outer loop
      vertex -18.5 -14.85 31
      vertex -18.5833 -14.8459 41
      vertex -18.5 -14.85 41
    endloop
  endfacet
  facet normal 0.0491602 0.998791 0
    outer loop
      vertex -18.5833 -14.8459 41
      vertex -18.5 -14.85 31
      vertex -18.5833 -14.8459 31
    endloop
  endfacet
  facet normal 0.998791 -0.0491602 0
    outer loop
      vertex -19.35 -14 41
      vertex -19.3459 -13.9167 31
      vertex -19.3459 -13.9167 41
    endloop
  endfacet
  facet normal 0.998791 -0.0491602 0
    outer loop
      vertex -19.3459 -13.9167 31
      vertex -19.35 -14 41
      vertex -19.35 -14 31
    endloop
  endfacet
  facet normal -0.740428 0.672136 0
    outer loop
      vertex -17.899 -14.601 31
      vertex -17.8429 -14.5392 41
      vertex -17.8429 -14.5392 31
    endloop
  endfacet
  facet normal -0.740428 0.672136 0
    outer loop
      vertex -17.8429 -14.5392 41
      vertex -17.899 -14.601 31
      vertex -17.899 -14.601 41
    endloop
  endfacet
  facet normal -0.672136 0.740428 0
    outer loop
      vertex -17.899 -14.601 31
      vertex -17.9608 -14.6571 41
      vertex -17.899 -14.601 41
    endloop
  endfacet
  facet normal -0.672136 0.740428 0
    outer loop
      vertex -17.9608 -14.6571 41
      vertex -17.899 -14.601 31
      vertex -17.9608 -14.6571 31
    endloop
  endfacet
  facet normal 0.903811 -0.427932 0
    outer loop
      vertex -19.2853 14.3253 41
      vertex -19.2496 14.4007 31
      vertex -19.2496 14.4007 41
    endloop
  endfacet
  facet normal 0.903811 -0.427932 0
    outer loop
      vertex -19.2496 14.4007 31
      vertex -19.2853 14.3253 41
      vertex -19.2853 14.3253 31
    endloop
  endfacet
  facet normal -0.989242 -0.146288 0
    outer loop
      vertex -17.6541 14.0833 31
      vertex -17.6663 14.1658 41
      vertex -17.6663 14.1658 31
    endloop
  endfacet
  facet normal -0.989242 -0.146288 0
    outer loop
      vertex -17.6663 14.1658 41
      vertex -17.6541 14.0833 31
      vertex -17.6541 14.0833 41
    endloop
  endfacet
  facet normal -0.998791 -0.0491602 0
    outer loop
      vertex -17.65 14 31
      vertex -17.6541 14.0833 41
      vertex -17.6541 14.0833 31
    endloop
  endfacet
  facet normal -0.998791 -0.0491602 0
    outer loop
      vertex -17.6541 14.0833 41
      vertex -17.65 14 31
      vertex -17.65 14 41
    endloop
  endfacet
  facet normal -0.969931 -0.243382 0
    outer loop
      vertex -17.6663 14.1658 31
      vertex -17.6866 14.2467 41
      vertex -17.6866 14.2467 31
    endloop
  endfacet
  facet normal -0.969931 -0.243382 0
    outer loop
      vertex -17.6866 14.2467 41
      vertex -17.6663 14.1658 31
      vertex -17.6663 14.1658 41
    endloop
  endfacet
  facet normal -0.146288 -0.989242 0
    outer loop
      vertex -18.4167 14.8459 31
      vertex -18.3342 14.8337 41
      vertex -18.4167 14.8459 41
    endloop
  endfacet
  facet normal -0.146288 -0.989242 -0
    outer loop
      vertex -18.3342 14.8337 41
      vertex -18.4167 14.8459 31
      vertex -18.3342 14.8337 31
    endloop
  endfacet
  facet normal 0.146288 -0.989242 0
    outer loop
      vertex -18.6658 14.8337 31
      vertex -18.5833 14.8459 41
      vertex -18.6658 14.8337 41
    endloop
  endfacet
  facet normal 0.146288 -0.989242 0
    outer loop
      vertex -18.5833 14.8459 41
      vertex -18.6658 14.8337 31
      vertex -18.5833 14.8459 31
    endloop
  endfacet
  facet normal -0.803727 -0.594998 0
    outer loop
      vertex -17.7933 14.4722 31
      vertex -17.8429 14.5392 41
      vertex -17.8429 14.5392 31
    endloop
  endfacet
  facet normal -0.803727 -0.594998 0
    outer loop
      vertex -17.8429 14.5392 41
      vertex -17.7933 14.4722 31
      vertex -17.7933 14.4722 41
    endloop
  endfacet
  facet normal -0.514496 0.857493 0
    outer loop
      vertex -18.0278 13.2933 31
      vertex -18.0993 13.2504 41
      vertex -18.0278 13.2933 41
    endloop
  endfacet
  facet normal -0.514496 0.857493 0
    outer loop
      vertex -18.0993 13.2504 41
      vertex -18.0278 13.2933 31
      vertex -18.0993 13.2504 31
    endloop
  endfacet
  facet normal -0.594998 -0.803727 0
    outer loop
      vertex -18.0278 14.7067 31
      vertex -17.9608 14.6571 41
      vertex -18.0278 14.7067 41
    endloop
  endfacet
  facet normal -0.594998 -0.803727 -0
    outer loop
      vertex -17.9608 14.6571 41
      vertex -18.0278 14.7067 31
      vertex -17.9608 14.6571 31
    endloop
  endfacet
  facet normal -0.998791 0.0491602 0
    outer loop
      vertex -17.6541 13.9167 31
      vertex -17.65 14 41
      vertex -17.65 14 31
    endloop
  endfacet
  facet normal -0.998791 0.0491602 0
    outer loop
      vertex -17.65 14 41
      vertex -17.6541 13.9167 31
      vertex -17.6541 13.9167 41
    endloop
  endfacet
  facet normal 0.243382 -0.969931 0
    outer loop
      vertex -18.7467 14.8134 31
      vertex -18.6658 14.8337 41
      vertex -18.7467 14.8134 41
    endloop
  endfacet
  facet normal 0.243382 -0.969931 0
    outer loop
      vertex -18.6658 14.8337 41
      vertex -18.7467 14.8134 31
      vertex -18.6658 14.8337 31
    endloop
  endfacet
  facet normal 0.803727 -0.594998 0
    outer loop
      vertex -19.2067 14.4722 41
      vertex -19.1571 14.5392 31
      vertex -19.1571 14.5392 41
    endloop
  endfacet
  facet normal 0.803727 -0.594998 0
    outer loop
      vertex -19.1571 14.5392 31
      vertex -19.2067 14.4722 41
      vertex -19.2067 14.4722 31
    endloop
  endfacet
  facet normal 0.427932 0.903811 -0
    outer loop
      vertex -18.8253 13.2147 31
      vertex -18.9007 13.2504 41
      vertex -18.8253 13.2147 41
    endloop
  endfacet
  facet normal 0.427932 0.903811 0
    outer loop
      vertex -18.9007 13.2504 41
      vertex -18.8253 13.2147 31
      vertex -18.9007 13.2504 31
    endloop
  endfacet
  facet normal -0.427932 -0.903811 0
    outer loop
      vertex -18.1747 14.7853 31
      vertex -18.0993 14.7496 41
      vertex -18.1747 14.7853 41
    endloop
  endfacet
  facet normal -0.427932 -0.903811 -0
    outer loop
      vertex -18.0993 14.7496 41
      vertex -18.1747 14.7853 31
      vertex -18.0993 14.7496 31
    endloop
  endfacet
  facet normal 0.989242 0.146288 0
    outer loop
      vertex -19.3337 13.8342 41
      vertex -19.3459 13.9167 31
      vertex -19.3459 13.9167 41
    endloop
  endfacet
  facet normal 0.989242 0.146288 0
    outer loop
      vertex -19.3459 13.9167 31
      vertex -19.3337 13.8342 41
      vertex -19.3337 13.8342 31
    endloop
  endfacet
  facet normal -0.672136 0.740428 0
    outer loop
      vertex -17.899 13.399 31
      vertex -17.9608 13.3429 41
      vertex -17.899 13.399 41
    endloop
  endfacet
  facet normal -0.672136 0.740428 0
    outer loop
      vertex -17.9608 13.3429 41
      vertex -17.899 13.399 31
      vertex -17.9608 13.3429 31
    endloop
  endfacet
  facet normal 0.427932 -0.903811 0
    outer loop
      vertex -18.9007 14.7496 31
      vertex -18.8253 14.7853 41
      vertex -18.9007 14.7496 41
    endloop
  endfacet
  facet normal 0.427932 -0.903811 0
    outer loop
      vertex -18.8253 14.7853 41
      vertex -18.9007 14.7496 31
      vertex -18.8253 14.7853 31
    endloop
  endfacet
  facet normal -0.969931 0.243382 0
    outer loop
      vertex -17.6866 13.7533 31
      vertex -17.6663 13.8342 41
      vertex -17.6663 13.8342 31
    endloop
  endfacet
  facet normal -0.969931 0.243382 0
    outer loop
      vertex -17.6663 13.8342 41
      vertex -17.6866 13.7533 31
      vertex -17.6866 13.7533 41
    endloop
  endfacet
  facet normal -0.243382 0.969931 0
    outer loop
      vertex -18.2533 13.1866 31
      vertex -18.3342 13.1663 41
      vertex -18.2533 13.1866 41
    endloop
  endfacet
  facet normal -0.243382 0.969931 0
    outer loop
      vertex -18.3342 13.1663 41
      vertex -18.2533 13.1866 31
      vertex -18.3342 13.1663 31
    endloop
  endfacet
  facet normal 0.989242 -0.146288 0
    outer loop
      vertex -19.3459 14.0833 41
      vertex -19.3337 14.1658 31
      vertex -19.3337 14.1658 41
    endloop
  endfacet
  facet normal 0.989242 -0.146288 0
    outer loop
      vertex -19.3337 14.1658 31
      vertex -19.3459 14.0833 41
      vertex -19.3459 14.0833 31
    endloop
  endfacet
  facet normal -0.941633 -0.33664 0
    outer loop
      vertex -17.6866 14.2467 31
      vertex -17.7147 14.3253 41
      vertex -17.7147 14.3253 31
    endloop
  endfacet
  facet normal -0.941633 -0.33664 0
    outer loop
      vertex -17.7147 14.3253 41
      vertex -17.6866 14.2467 31
      vertex -17.6866 14.2467 41
    endloop
  endfacet
  facet normal 0.514496 0.857493 -0
    outer loop
      vertex -18.9007 13.2504 31
      vertex -18.9722 13.2933 41
      vertex -18.9007 13.2504 41
    endloop
  endfacet
  facet normal 0.514496 0.857493 0
    outer loop
      vertex -18.9722 13.2933 41
      vertex -18.9007 13.2504 31
      vertex -18.9722 13.2933 31
    endloop
  endfacet
  facet normal 0.969931 -0.243382 0
    outer loop
      vertex -19.3337 14.1658 41
      vertex -19.3134 14.2467 31
      vertex -19.3134 14.2467 41
    endloop
  endfacet
  facet normal 0.969931 -0.243382 0
    outer loop
      vertex -19.3134 14.2467 31
      vertex -19.3337 14.1658 41
      vertex -19.3337 14.1658 31
    endloop
  endfacet
  facet normal -0.803727 0.594998 0
    outer loop
      vertex -17.8429 13.4608 31
      vertex -17.7933 13.5278 41
      vertex -17.7933 13.5278 31
    endloop
  endfacet
  facet normal -0.803727 0.594998 0
    outer loop
      vertex -17.7933 13.5278 41
      vertex -17.8429 13.4608 31
      vertex -17.8429 13.4608 41
    endloop
  endfacet
  facet normal 0.594998 0.803727 -0
    outer loop
      vertex -18.9722 13.2933 31
      vertex -19.0392 13.3429 41
      vertex -18.9722 13.2933 41
    endloop
  endfacet
  facet normal 0.594998 0.803727 0
    outer loop
      vertex -19.0392 13.3429 41
      vertex -18.9722 13.2933 31
      vertex -19.0392 13.3429 31
    endloop
  endfacet
  facet normal 0.33664 0.941633 -0
    outer loop
      vertex -18.7467 13.1866 31
      vertex -18.8253 13.2147 41
      vertex -18.7467 13.1866 41
    endloop
  endfacet
  facet normal 0.33664 0.941633 0
    outer loop
      vertex -18.8253 13.2147 41
      vertex -18.7467 13.1866 31
      vertex -18.8253 13.2147 31
    endloop
  endfacet
  facet normal -0.33664 -0.941633 0
    outer loop
      vertex -18.2533 14.8134 31
      vertex -18.1747 14.7853 41
      vertex -18.2533 14.8134 41
    endloop
  endfacet
  facet normal -0.33664 -0.941633 -0
    outer loop
      vertex -18.1747 14.7853 41
      vertex -18.2533 14.8134 31
      vertex -18.1747 14.7853 31
    endloop
  endfacet
  facet normal 0.740428 0.672136 0
    outer loop
      vertex -19.101 13.399 41
      vertex -19.1571 13.4608 31
      vertex -19.1571 13.4608 41
    endloop
  endfacet
  facet normal 0.740428 0.672136 0
    outer loop
      vertex -19.1571 13.4608 31
      vertex -19.101 13.399 41
      vertex -19.101 13.399 31
    endloop
  endfacet
  facet normal -0.514496 -0.857493 0
    outer loop
      vertex -18.0993 14.7496 31
      vertex -18.0278 14.7067 41
      vertex -18.0993 14.7496 41
    endloop
  endfacet
  facet normal -0.514496 -0.857493 -0
    outer loop
      vertex -18.0278 14.7067 41
      vertex -18.0993 14.7496 31
      vertex -18.0278 14.7067 31
    endloop
  endfacet
  facet normal 0.33664 -0.941633 0
    outer loop
      vertex -18.8253 14.7853 31
      vertex -18.7467 14.8134 41
      vertex -18.8253 14.7853 41
    endloop
  endfacet
  facet normal 0.33664 -0.941633 0
    outer loop
      vertex -18.7467 14.8134 41
      vertex -18.8253 14.7853 31
      vertex -18.7467 14.8134 31
    endloop
  endfacet
  facet normal 0.903811 0.427932 0
    outer loop
      vertex -19.2496 13.5993 41
      vertex -19.2853 13.6747 31
      vertex -19.2853 13.6747 41
    endloop
  endfacet
  facet normal 0.903811 0.427932 0
    outer loop
      vertex -19.2853 13.6747 31
      vertex -19.2496 13.5993 41
      vertex -19.2496 13.5993 31
    endloop
  endfacet
  facet normal 0.941633 0.33664 0
    outer loop
      vertex -19.2853 13.6747 41
      vertex -19.3134 13.7533 31
      vertex -19.3134 13.7533 41
    endloop
  endfacet
  facet normal 0.941633 0.33664 0
    outer loop
      vertex -19.3134 13.7533 31
      vertex -19.2853 13.6747 41
      vertex -19.2853 13.6747 31
    endloop
  endfacet
  facet normal -0.903811 -0.427932 0
    outer loop
      vertex -17.7147 14.3253 31
      vertex -17.7504 14.4007 41
      vertex -17.7504 14.4007 31
    endloop
  endfacet
  facet normal -0.903811 -0.427932 0
    outer loop
      vertex -17.7504 14.4007 41
      vertex -17.7147 14.3253 31
      vertex -17.7147 14.3253 41
    endloop
  endfacet
  facet normal 0.969931 0.243382 0
    outer loop
      vertex -19.3134 13.7533 41
      vertex -19.3337 13.8342 31
      vertex -19.3337 13.8342 41
    endloop
  endfacet
  facet normal 0.969931 0.243382 0
    outer loop
      vertex -19.3337 13.8342 31
      vertex -19.3134 13.7533 41
      vertex -19.3134 13.7533 31
    endloop
  endfacet
  facet normal 0.594998 -0.803727 0
    outer loop
      vertex -19.0392 14.6571 31
      vertex -18.9722 14.7067 41
      vertex -19.0392 14.6571 41
    endloop
  endfacet
  facet normal 0.594998 -0.803727 0
    outer loop
      vertex -18.9722 14.7067 41
      vertex -19.0392 14.6571 31
      vertex -18.9722 14.7067 31
    endloop
  endfacet
  facet normal 0.146288 0.989242 -0
    outer loop
      vertex -18.5833 13.1541 31
      vertex -18.6658 13.1663 41
      vertex -18.5833 13.1541 41
    endloop
  endfacet
  facet normal 0.146288 0.989242 0
    outer loop
      vertex -18.6658 13.1663 41
      vertex -18.5833 13.1541 31
      vertex -18.6658 13.1663 31
    endloop
  endfacet
  facet normal 0 0 1
    outer loop
      vertex -17.6541 14.0833 31
      vertex -17.6541 13.9167 31
      vertex -17.65 14 31
    endloop
  endfacet
  facet normal 0 0 1
    outer loop
      vertex -17.6663 14.1658 31
      vertex -17.6541 13.9167 31
      vertex -17.6541 14.0833 31
    endloop
  endfacet
  facet normal 0 0 1
    outer loop
      vertex -17.6663 14.1658 31
      vertex -17.6663 13.8342 31
      vertex -17.6541 13.9167 31
    endloop
  endfacet
  facet normal 0 0 1
    outer loop
      vertex -17.6866 14.2467 31
      vertex -17.6663 13.8342 31
      vertex -17.6663 14.1658 31
    endloop
  endfacet
  facet normal 0 0 1
    outer loop
      vertex -17.6866 14.2467 31
      vertex -17.6866 13.7533 31
      vertex -17.6663 13.8342 31
    endloop
  endfacet
  facet normal 0 0 1
    outer loop
      vertex -17.7147 14.3253 31
      vertex -17.6866 13.7533 31
      vertex -17.6866 14.2467 31
    endloop
  endfacet
  facet normal 0 0 1
    outer loop
      vertex -17.7147 14.3253 31
      vertex -17.7147 13.6747 31
      vertex -17.6866 13.7533 31
    endloop
  endfacet
  facet normal 0 0 1
    outer loop
      vertex -17.7504 14.4007 31
      vertex -17.7147 13.6747 31
      vertex -17.7147 14.3253 31
    endloop
  endfacet
  facet normal 0 0 1
    outer loop
      vertex -17.7504 14.4007 31
      vertex -17.7504 13.5993 31
      vertex -17.7147 13.6747 31
    endloop
  endfacet
  facet normal 0 0 1
    outer loop
      vertex -17.7933 14.4722 31
      vertex -17.7504 13.5993 31
      vertex -17.7504 14.4007 31
    endloop
  endfacet
  facet normal 0 0 1
    outer loop
      vertex -17.7933 14.4722 31
      vertex -17.7933 13.5278 31
      vertex -17.7504 13.5993 31
    endloop
  endfacet
  facet normal 0 0 1
    outer loop
      vertex -17.8429 14.5392 31
      vertex -17.7933 13.5278 31
      vertex -17.7933 14.4722 31
    endloop
  endfacet
  facet normal 0 0 1
    outer loop
      vertex -17.8429 14.5392 31
      vertex -17.8429 13.4608 31
      vertex -17.7933 13.5278 31
    endloop
  endfacet
  facet normal 0 0 1
    outer loop
      vertex -17.899 14.601 31
      vertex -17.8429 13.4608 31
      vertex -17.8429 14.5392 31
    endloop
  endfacet
  facet normal 0 0 1
    outer loop
      vertex -17.899 14.601 31
      vertex -17.899 13.399 31
      vertex -17.8429 13.4608 31
    endloop
  endfacet
  facet normal 0 0 1
    outer loop
      vertex -17.9608 14.6571 31
      vertex -17.899 13.399 31
      vertex -17.899 14.601 31
    endloop
  endfacet
  facet normal 0 0 1
    outer loop
      vertex -17.9608 14.6571 31
      vertex -17.9608 13.3429 31
      vertex -17.899 13.399 31
    endloop
  endfacet
  facet normal 0 0 1
    outer loop
      vertex -18.0278 14.7067 31
      vertex -17.9608 13.3429 31
      vertex -17.9608 14.6571 31
    endloop
  endfacet
  facet normal 0 0 1
    outer loop
      vertex -18.0278 14.7067 31
      vertex -18.0278 13.2933 31
      vertex -17.9608 13.3429 31
    endloop
  endfacet
  facet normal 0 0 1
    outer loop
      vertex -18.0993 14.7496 31
      vertex -18.0278 13.2933 31
      vertex -18.0278 14.7067 31
    endloop
  endfacet
  facet normal 0 0 1
    outer loop
      vertex -18.0993 14.7496 31
      vertex -18.0993 13.2504 31
      vertex -18.0278 13.2933 31
    endloop
  endfacet
  facet normal 0 0 1
    outer loop
      vertex -18.1747 14.7853 31
      vertex -18.0993 13.2504 31
      vertex -18.0993 14.7496 31
    endloop
  endfacet
  facet normal 0 0 1
    outer loop
      vertex -18.1747 14.7853 31
      vertex -18.1747 13.2147 31
      vertex -18.0993 13.2504 31
    endloop
  endfacet
  facet normal 0 0 1
    outer loop
      vertex -18.2533 14.8134 31
      vertex -18.1747 13.2147 31
      vertex -18.1747 14.7853 31
    endloop
  endfacet
  facet normal 0 0 1
    outer loop
      vertex -18.2533 14.8134 31
      vertex -18.2533 13.1866 31
      vertex -18.1747 13.2147 31
    endloop
  endfacet
  facet normal 0 0 1
    outer loop
      vertex -18.3342 14.8337 31
      vertex -18.2533 13.1866 31
      vertex -18.2533 14.8134 31
    endloop
  endfacet
  facet normal 0 0 1
    outer loop
      vertex -18.3342 14.8337 31
      vertex -18.3342 13.1663 31
      vertex -18.2533 13.1866 31
    endloop
  endfacet
  facet normal 0 0 1
    outer loop
      vertex -18.4167 14.8459 31
      vertex -18.3342 13.1663 31
      vertex -18.3342 14.8337 31
    endloop
  endfacet
  facet normal 0 0 1
    outer loop
      vertex -18.4167 14.8459 31
      vertex -18.4167 13.1541 31
      vertex -18.3342 13.1663 31
    endloop
  endfacet
  facet normal 0 0 1
    outer loop
      vertex -18.5 14.85 31
      vertex -18.4167 13.1541 31
      vertex -18.4167 14.8459 31
    endloop
  endfacet
  facet normal 0 0 1
    outer loop
      vertex -18.5 14.85 31
      vertex -18.5 13.15 31
      vertex -18.4167 13.1541 31
    endloop
  endfacet
  facet normal -0 0 1
    outer loop
      vertex -18.5833 14.8459 31
      vertex -18.5 13.15 31
      vertex -18.5 14.85 31
    endloop
  endfacet
  facet normal 0 0 1
    outer loop
      vertex -18.5833 14.8459 31
      vertex -18.5833 13.1541 31
      vertex -18.5 13.15 31
    endloop
  endfacet
  facet normal -0 0 1
    outer loop
      vertex -18.6658 14.8337 31
      vertex -18.5833 13.1541 31
      vertex -18.5833 14.8459 31
    endloop
  endfacet
  facet normal 0 0 1
    outer loop
      vertex -18.6658 14.8337 31
      vertex -18.6658 13.1663 31
      vertex -18.5833 13.1541 31
    endloop
  endfacet
  facet normal -0 0 1
    outer loop
      vertex -18.7467 14.8134 31
      vertex -18.6658 13.1663 31
      vertex -18.6658 14.8337 31
    endloop
  endfacet
  facet normal 0 0 1
    outer loop
      vertex -18.7467 14.8134 31
      vertex -18.7467 13.1866 31
      vertex -18.6658 13.1663 31
    endloop
  endfacet
  facet normal -0 0 1
    outer loop
      vertex -18.8253 14.7853 31
      vertex -18.7467 13.1866 31
      vertex -18.7467 14.8134 31
    endloop
  endfacet
  facet normal 0 0 1
    outer loop
      vertex -18.8253 14.7853 31
      vertex -18.8253 13.2147 31
      vertex -18.7467 13.1866 31
    endloop
  endfacet
  facet normal -0 0 1
    outer loop
      vertex -18.9007 14.7496 31
      vertex -18.8253 13.2147 31
      vertex -18.8253 14.7853 31
    endloop
  endfacet
  facet normal 0 0 1
    outer loop
      vertex -18.9007 14.7496 31
      vertex -18.9007 13.2504 31
      vertex -18.8253 13.2147 31
    endloop
  endfacet
  facet normal -0 0 1
    outer loop
      vertex -18.9722 14.7067 31
      vertex -18.9007 13.2504 31
      vertex -18.9007 14.7496 31
    endloop
  endfacet
  facet normal 0 0 1
    outer loop
      vertex -18.9722 14.7067 31
      vertex -18.9722 13.2933 31
      vertex -18.9007 13.2504 31
    endloop
  endfacet
  facet normal -0 0 1
    outer loop
      vertex -19.0392 14.6571 31
      vertex -18.9722 13.2933 31
      vertex -18.9722 14.7067 31
    endloop
  endfacet
  facet normal 0 0 1
    outer loop
      vertex -19.0392 14.6571 31
      vertex -19.0392 13.3429 31
      vertex -18.9722 13.2933 31
    endloop
  endfacet
  facet normal -0 0 1
    outer loop
      vertex -19.101 14.601 31
      vertex -19.0392 13.3429 31
      vertex -19.0392 14.6571 31
    endloop
  endfacet
  facet normal 0 0 1
    outer loop
      vertex -19.101 14.601 31
      vertex -19.101 13.399 31
      vertex -19.0392 13.3429 31
    endloop
  endfacet
  facet normal -0 0 1
    outer loop
      vertex -19.1571 14.5392 31
      vertex -19.101 13.399 31
      vertex -19.101 14.601 31
    endloop
  endfacet
  facet normal 0 0 1
    outer loop
      vertex -19.1571 14.5392 31
      vertex -19.1571 13.4608 31
      vertex -19.101 13.399 31
    endloop
  endfacet
  facet normal -0 0 1
    outer loop
      vertex -19.2067 14.4722 31
      vertex -19.1571 13.4608 31
      vertex -19.1571 14.5392 31
    endloop
  endfacet
  facet normal 0 0 1
    outer loop
      vertex -19.2067 14.4722 31
      vertex -19.2067 13.5278 31
      vertex -19.1571 13.4608 31
    endloop
  endfacet
  facet normal -0 0 1
    outer loop
      vertex -19.2496 14.4007 31
      vertex -19.2067 13.5278 31
      vertex -19.2067 14.4722 31
    endloop
  endfacet
  facet normal 0 0 1
    outer loop
      vertex -19.2496 14.4007 31
      vertex -19.2496 13.5993 31
      vertex -19.2067 13.5278 31
    endloop
  endfacet
  facet normal -0 0 1
    outer loop
      vertex -19.2853 14.3253 31
      vertex -19.2496 13.5993 31
      vertex -19.2496 14.4007 31
    endloop
  endfacet
  facet normal 0 0 1
    outer loop
      vertex -19.2853 14.3253 31
      vertex -19.2853 13.6747 31
      vertex -19.2496 13.5993 31
    endloop
  endfacet
  facet normal -0 0 1
    outer loop
      vertex -19.3134 14.2467 31
      vertex -19.2853 13.6747 31
      vertex -19.2853 14.3253 31
    endloop
  endfacet
  facet normal 0 0 1
    outer loop
      vertex -19.3134 14.2467 31
      vertex -19.3134 13.7533 31
      vertex -19.2853 13.6747 31
    endloop
  endfacet
  facet normal -0 0 1
    outer loop
      vertex -19.3337 14.1658 31
      vertex -19.3134 13.7533 31
      vertex -19.3134 14.2467 31
    endloop
  endfacet
  facet normal 0 0 1
    outer loop
      vertex -19.3337 14.1658 31
      vertex -19.3337 13.8342 31
      vertex -19.3134 13.7533 31
    endloop
  endfacet
  facet normal -0 0 1
    outer loop
      vertex -19.3459 14.0833 31
      vertex -19.3337 13.8342 31
      vertex -19.3337 14.1658 31
    endloop
  endfacet
  facet normal 0 0 1
    outer loop
      vertex -19.3459 14.0833 31
      vertex -19.3459 13.9167 31
      vertex -19.3337 13.8342 31
    endloop
  endfacet
  facet normal 0 -0 1
    outer loop
      vertex -19.3459 13.9167 31
      vertex -19.3459 14.0833 31
      vertex -19.35 14 31
    endloop
  endfacet
  facet normal -0.740428 0.672136 0
    outer loop
      vertex -17.899 13.399 31
      vertex -17.8429 13.4608 41
      vertex -17.8429 13.4608 31
    endloop
  endfacet
  facet normal -0.740428 0.672136 0
    outer loop
      vertex -17.8429 13.4608 41
      vertex -17.899 13.399 31
      vertex -17.899 13.399 41
    endloop
  endfacet
  facet normal -0.146288 0.989242 0
    outer loop
      vertex -18.3342 13.1663 31
      vertex -18.4167 13.1541 41
      vertex -18.3342 13.1663 41
    endloop
  endfacet
  facet normal -0.146288 0.989242 0
    outer loop
      vertex -18.4167 13.1541 41
      vertex -18.3342 13.1663 31
      vertex -18.4167 13.1541 31
    endloop
  endfacet
  facet normal 0.514496 -0.857493 0
    outer loop
      vertex -18.9722 14.7067 31
      vertex -18.9007 14.7496 41
      vertex -18.9722 14.7067 41
    endloop
  endfacet
  facet normal 0.514496 -0.857493 0
    outer loop
      vertex -18.9007 14.7496 41
      vertex -18.9722 14.7067 31
      vertex -18.9007 14.7496 31
    endloop
  endfacet
  facet normal -0.0491602 -0.998791 0
    outer loop
      vertex -18.5 14.85 31
      vertex -18.4167 14.8459 41
      vertex -18.5 14.85 41
    endloop
  endfacet
  facet normal -0.0491602 -0.998791 -0
    outer loop
      vertex -18.4167 14.8459 41
      vertex -18.5 14.85 31
      vertex -18.4167 14.8459 31
    endloop
  endfacet
  facet normal 0.857493 0.514496 0
    outer loop
      vertex -19.2067 13.5278 41
      vertex -19.2496 13.5993 31
      vertex -19.2496 13.5993 41
    endloop
  endfacet
  facet normal 0.857493 0.514496 0
    outer loop
      vertex -19.2496 13.5993 31
      vertex -19.2067 13.5278 41
      vertex -19.2067 13.5278 31
    endloop
  endfacet
  facet normal -0.243382 -0.969931 0
    outer loop
      vertex -18.3342 14.8337 31
      vertex -18.2533 14.8134 41
      vertex -18.3342 14.8337 41
    endloop
  endfacet
  facet normal -0.243382 -0.969931 -0
    outer loop
      vertex -18.2533 14.8134 41
      vertex -18.3342 14.8337 31
      vertex -18.2533 14.8134 31
    endloop
  endfacet
  facet normal 0.941633 -0.33664 0
    outer loop
      vertex -19.3134 14.2467 41
      vertex -19.2853 14.3253 31
      vertex -19.2853 14.3253 41
    endloop
  endfacet
  facet normal 0.941633 -0.33664 0
    outer loop
      vertex -19.2853 14.3253 31
      vertex -19.3134 14.2467 41
      vertex -19.3134 14.2467 31
    endloop
  endfacet
  facet normal -0.672136 -0.740428 0
    outer loop
      vertex -17.9608 14.6571 31
      vertex -17.899 14.601 41
      vertex -17.9608 14.6571 41
    endloop
  endfacet
  facet normal -0.672136 -0.740428 -0
    outer loop
      vertex -17.899 14.601 41
      vertex -17.9608 14.6571 31
      vertex -17.899 14.601 31
    endloop
  endfacet
  facet normal 0.0491602 -0.998791 0
    outer loop
      vertex -18.5833 14.8459 31
      vertex -18.5 14.85 41
      vertex -18.5833 14.8459 41
    endloop
  endfacet
  facet normal 0.0491602 -0.998791 0
    outer loop
      vertex -18.5 14.85 41
      vertex -18.5833 14.8459 31
      vertex -18.5 14.85 31
    endloop
  endfacet
  facet normal -0.427932 0.903811 0
    outer loop
      vertex -18.0993 13.2504 31
      vertex -18.1747 13.2147 41
      vertex -18.0993 13.2504 41
    endloop
  endfacet
  facet normal -0.427932 0.903811 0
    outer loop
      vertex -18.1747 13.2147 41
      vertex -18.0993 13.2504 31
      vertex -18.1747 13.2147 31
    endloop
  endfacet
  facet normal -0.989242 0.146288 0
    outer loop
      vertex -17.6663 13.8342 31
      vertex -17.6541 13.9167 41
      vertex -17.6541 13.9167 31
    endloop
  endfacet
  facet normal -0.989242 0.146288 0
    outer loop
      vertex -17.6541 13.9167 41
      vertex -17.6663 13.8342 31
      vertex -17.6663 13.8342 41
    endloop
  endfacet
  facet normal -0.857493 -0.514496 0
    outer loop
      vertex -17.7504 14.4007 31
      vertex -17.7933 14.4722 41
      vertex -17.7933 14.4722 31
    endloop
  endfacet
  facet normal -0.857493 -0.514496 0
    outer loop
      vertex -17.7933 14.4722 41
      vertex -17.7504 14.4007 31
      vertex -17.7504 14.4007 41
    endloop
  endfacet
  facet normal 0.0491602 0.998791 -0
    outer loop
      vertex -18.5 13.15 31
      vertex -18.5833 13.1541 41
      vertex -18.5 13.15 41
    endloop
  endfacet
  facet normal 0.0491602 0.998791 0
    outer loop
      vertex -18.5833 13.1541 41
      vertex -18.5 13.15 31
      vertex -18.5833 13.1541 31
    endloop
  endfacet
  facet normal 0.672136 -0.740428 0
    outer loop
      vertex -19.101 14.601 31
      vertex -19.0392 14.6571 41
      vertex -19.101 14.601 41
    endloop
  endfacet
  facet normal 0.672136 -0.740428 0
    outer loop
      vertex -19.0392 14.6571 41
      vertex -19.101 14.601 31
      vertex -19.0392 14.6571 31
    endloop
  endfacet
  facet normal 0.740428 -0.672136 0
    outer loop
      vertex -19.1571 14.5392 41
      vertex -19.101 14.601 31
      vertex -19.101 14.601 41
    endloop
  endfacet
  facet normal 0.740428 -0.672136 0
    outer loop
      vertex -19.101 14.601 31
      vertex -19.1571 14.5392 41
      vertex -19.1571 14.5392 31
    endloop
  endfacet
  facet normal -0.903811 0.427932 0
    outer loop
      vertex -17.7504 13.5993 31
      vertex -17.7147 13.6747 41
      vertex -17.7147 13.6747 31
    endloop
  endfacet
  facet normal -0.903811 0.427932 0
    outer loop
      vertex -17.7147 13.6747 41
      vertex -17.7504 13.5993 31
      vertex -17.7504 13.5993 41
    endloop
  endfacet
  facet normal -0.0491602 0.998791 0
    outer loop
      vertex -18.4167 13.1541 31
      vertex -18.5 13.15 41
      vertex -18.4167 13.1541 41
    endloop
  endfacet
  facet normal -0.0491602 0.998791 0
    outer loop
      vertex -18.5 13.15 41
      vertex -18.4167 13.1541 31
      vertex -18.5 13.15 31
    endloop
  endfacet
  facet normal 0.672136 0.740428 -0
    outer loop
      vertex -19.0392 13.3429 31
      vertex -19.101 13.399 41
      vertex -19.0392 13.3429 41
    endloop
  endfacet
  facet normal 0.672136 0.740428 0
    outer loop
      vertex -19.101 13.399 41
      vertex -19.0392 13.3429 31
      vertex -19.101 13.399 31
    endloop
  endfacet
  facet normal -0.941633 0.33664 0
    outer loop
      vertex -17.7147 13.6747 31
      vertex -17.6866 13.7533 41
      vertex -17.6866 13.7533 31
    endloop
  endfacet
  facet normal -0.941633 0.33664 0
    outer loop
      vertex -17.6866 13.7533 41
      vertex -17.7147 13.6747 31
      vertex -17.7147 13.6747 41
    endloop
  endfacet
  facet normal -0.740428 -0.672136 0
    outer loop
      vertex -17.8429 14.5392 31
      vertex -17.899 14.601 41
      vertex -17.899 14.601 31
    endloop
  endfacet
  facet normal -0.740428 -0.672136 0
    outer loop
      vertex -17.899 14.601 41
      vertex -17.8429 14.5392 31
      vertex -17.8429 14.5392 41
    endloop
  endfacet
  facet normal 0.243382 0.969931 -0
    outer loop
      vertex -18.6658 13.1663 31
      vertex -18.7467 13.1866 41
      vertex -18.6658 13.1663 41
    endloop
  endfacet
  facet normal 0.243382 0.969931 0
    outer loop
      vertex -18.7467 13.1866 41
      vertex -18.6658 13.1663 31
      vertex -18.7467 13.1866 31
    endloop
  endfacet
  facet normal -0.594998 0.803727 0
    outer loop
      vertex -17.9608 13.3429 31
      vertex -18.0278 13.2933 41
      vertex -17.9608 13.3429 41
    endloop
  endfacet
  facet normal -0.594998 0.803727 0
    outer loop
      vertex -18.0278 13.2933 41
      vertex -17.9608 13.3429 31
      vertex -18.0278 13.2933 31
    endloop
  endfacet
  facet normal -0.857493 0.514496 0
    outer loop
      vertex -17.7933 13.5278 31
      vertex -17.7504 13.5993 41
      vertex -17.7504 13.5993 31
    endloop
  endfacet
  facet normal -0.857493 0.514496 0
    outer loop
      vertex -17.7504 13.5993 41
      vertex -17.7933 13.5278 31
      vertex -17.7933 13.5278 41
    endloop
  endfacet
  facet normal 0.803727 0.594998 0
    outer loop
      vertex -19.1571 13.4608 41
      vertex -19.2067 13.5278 31
      vertex -19.2067 13.5278 41
    endloop
  endfacet
  facet normal 0.803727 0.594998 0
    outer loop
      vertex -19.2067 13.5278 31
      vertex -19.1571 13.4608 41
      vertex -19.1571 13.4608 31
    endloop
  endfacet
  facet normal 0.857493 -0.514496 0
    outer loop
      vertex -19.2496 14.4007 41
      vertex -19.2067 14.4722 31
      vertex -19.2067 14.4722 41
    endloop
  endfacet
  facet normal 0.857493 -0.514496 0
    outer loop
      vertex -19.2067 14.4722 31
      vertex -19.2496 14.4007 41
      vertex -19.2496 14.4007 31
    endloop
  endfacet
  facet normal -0.33664 0.941633 0
    outer loop
      vertex -18.1747 13.2147 31
      vertex -18.2533 13.1866 41
      vertex -18.1747 13.2147 41
    endloop
  endfacet
  facet normal -0.33664 0.941633 0
    outer loop
      vertex -18.2533 13.1866 41
      vertex -18.1747 13.2147 31
      vertex -18.2533 13.1866 31
    endloop
  endfacet
  facet normal 0.998791 -0.0491602 0
    outer loop
      vertex -19.35 14 41
      vertex -19.3459 14.0833 31
      vertex -19.3459 14.0833 41
    endloop
  endfacet
  facet normal 0.998791 -0.0491602 0
    outer loop
      vertex -19.3459 14.0833 31
      vertex -19.35 14 41
      vertex -19.35 14 31
    endloop
  endfacet
  facet normal 0.998791 0.0491602 0
    outer loop
      vertex -19.3459 13.9167 41
      vertex -19.35 14 31
      vertex -19.35 14 41
    endloop
  endfacet
  facet normal 0.998791 0.0491602 0
    outer loop
      vertex -19.35 14 31
      vertex -19.3459 13.9167 41
      vertex -19.3459 13.9167 31
    endloop
  endfacet
  facet normal 0.146288 -0.989242 0
    outer loop
      vertex 76.3342 -13.1663 31
      vertex 76.4167 -13.1541 41
      vertex 76.3342 -13.1663 41
    endloop
  endfacet
  facet normal 0.146288 -0.989242 0
    outer loop
      vertex 76.4167 -13.1541 41
      vertex 76.3342 -13.1663 31
      vertex 76.4167 -13.1541 31
    endloop
  endfacet
  facet normal 0.989242 0.146288 0
    outer loop
      vertex 75.6663 -14.1658 41
      vertex 75.6541 -14.0833 31
      vertex 75.6541 -14.0833 41
    endloop
  endfacet
  facet normal 0.989242 0.146288 0
    outer loop
      vertex 75.6541 -14.0833 31
      vertex 75.6663 -14.1658 41
      vertex 75.6663 -14.1658 31
    endloop
  endfacet
  facet normal -0.989242 -0.146288 0
    outer loop
      vertex 77.3459 -13.9167 31
      vertex 77.3337 -13.8342 41
      vertex 77.3337 -13.8342 31
    endloop
  endfacet
  facet normal -0.989242 -0.146288 0
    outer loop
      vertex 77.3337 -13.8342 41
      vertex 77.3459 -13.9167 31
      vertex 77.3459 -13.9167 41
    endloop
  endfacet
  facet normal -0.740428 0.672136 0
    outer loop
      vertex 77.101 -14.601 31
      vertex 77.1571 -14.5392 41
      vertex 77.1571 -14.5392 31
    endloop
  endfacet
  facet normal -0.740428 0.672136 0
    outer loop
      vertex 77.1571 -14.5392 41
      vertex 77.101 -14.601 31
      vertex 77.101 -14.601 41
    endloop
  endfacet
  facet normal -0.0491602 -0.998791 0
    outer loop
      vertex 76.5 -13.15 31
      vertex 76.5833 -13.1541 41
      vertex 76.5 -13.15 41
    endloop
  endfacet
  facet normal -0.0491602 -0.998791 -0
    outer loop
      vertex 76.5833 -13.1541 41
      vertex 76.5 -13.15 31
      vertex 76.5833 -13.1541 31
    endloop
  endfacet
  facet normal 0.33664 -0.941633 0
    outer loop
      vertex 76.1747 -13.2147 31
      vertex 76.2533 -13.1866 41
      vertex 76.1747 -13.2147 41
    endloop
  endfacet
  facet normal 0.33664 -0.941633 0
    outer loop
      vertex 76.2533 -13.1866 41
      vertex 76.1747 -13.2147 31
      vertex 76.2533 -13.1866 31
    endloop
  endfacet
  facet normal 0.594998 -0.803727 0
    outer loop
      vertex 75.9608 -13.3429 31
      vertex 76.0278 -13.2933 41
      vertex 75.9608 -13.3429 41
    endloop
  endfacet
  facet normal 0.594998 -0.803727 0
    outer loop
      vertex 76.0278 -13.2933 41
      vertex 75.9608 -13.3429 31
      vertex 76.0278 -13.2933 31
    endloop
  endfacet
  facet normal -0.989242 0.146288 0
    outer loop
      vertex 77.3337 -14.1658 31
      vertex 77.3459 -14.0833 41
      vertex 77.3459 -14.0833 31
    endloop
  endfacet
  facet normal -0.989242 0.146288 0
    outer loop
      vertex 77.3459 -14.0833 41
      vertex 77.3337 -14.1658 31
      vertex 77.3337 -14.1658 41
    endloop
  endfacet
  facet normal 0.0491602 0.998791 -0
    outer loop
      vertex 76.5 -14.85 31
      vertex 76.4167 -14.8459 41
      vertex 76.5 -14.85 41
    endloop
  endfacet
  facet normal 0.0491602 0.998791 0
    outer loop
      vertex 76.4167 -14.8459 41
      vertex 76.5 -14.85 31
      vertex 76.4167 -14.8459 31
    endloop
  endfacet
  facet normal 0.672136 0.740428 -0
    outer loop
      vertex 75.9608 -14.6571 31
      vertex 75.899 -14.601 41
      vertex 75.9608 -14.6571 41
    endloop
  endfacet
  facet normal 0.672136 0.740428 0
    outer loop
      vertex 75.899 -14.601 41
      vertex 75.9608 -14.6571 31
      vertex 75.899 -14.601 31
    endloop
  endfacet
  facet normal -0.803727 0.594998 0
    outer loop
      vertex 77.1571 -14.5392 31
      vertex 77.2067 -14.4722 41
      vertex 77.2067 -14.4722 31
    endloop
  endfacet
  facet normal -0.803727 0.594998 0
    outer loop
      vertex 77.2067 -14.4722 41
      vertex 77.1571 -14.5392 31
      vertex 77.1571 -14.5392 41
    endloop
  endfacet
  facet normal 0.941633 -0.33664 0
    outer loop
      vertex 75.6866 -13.7533 41
      vertex 75.7147 -13.6747 31
      vertex 75.7147 -13.6747 41
    endloop
  endfacet
  facet normal 0.941633 -0.33664 0
    outer loop
      vertex 75.7147 -13.6747 31
      vertex 75.6866 -13.7533 41
      vertex 75.6866 -13.7533 31
    endloop
  endfacet
  facet normal -0.998791 -0.0491602 0
    outer loop
      vertex 77.35 -14 31
      vertex 77.3459 -13.9167 41
      vertex 77.3459 -13.9167 31
    endloop
  endfacet
  facet normal -0.998791 -0.0491602 0
    outer loop
      vertex 77.3459 -13.9167 41
      vertex 77.35 -14 31
      vertex 77.35 -14 41
    endloop
  endfacet
  facet normal -0.672136 -0.740428 0
    outer loop
      vertex 77.0392 -13.3429 31
      vertex 77.101 -13.399 41
      vertex 77.0392 -13.3429 41
    endloop
  endfacet
  facet normal -0.672136 -0.740428 -0
    outer loop
      vertex 77.101 -13.399 41
      vertex 77.0392 -13.3429 31
      vertex 77.101 -13.399 31
    endloop
  endfacet
  facet normal -0.969931 -0.243382 0
    outer loop
      vertex 77.3337 -13.8342 31
      vertex 77.3134 -13.7533 41
      vertex 77.3134 -13.7533 31
    endloop
  endfacet
  facet normal -0.969931 -0.243382 0
    outer loop
      vertex 77.3134 -13.7533 41
      vertex 77.3337 -13.8342 31
      vertex 77.3337 -13.8342 41
    endloop
  endfacet
  facet normal 0.243382 0.969931 -0
    outer loop
      vertex 76.3342 -14.8337 31
      vertex 76.2533 -14.8134 41
      vertex 76.3342 -14.8337 41
    endloop
  endfacet
  facet normal 0.243382 0.969931 0
    outer loop
      vertex 76.2533 -14.8134 41
      vertex 76.3342 -14.8337 31
      vertex 76.2533 -14.8134 31
    endloop
  endfacet
  facet normal 0.998791 -0.0491602 0
    outer loop
      vertex 75.65 -14 41
      vertex 75.6541 -13.9167 31
      vertex 75.6541 -13.9167 41
    endloop
  endfacet
  facet normal 0.998791 -0.0491602 0
    outer loop
      vertex 75.6541 -13.9167 31
      vertex 75.65 -14 41
      vertex 75.65 -14 31
    endloop
  endfacet
  facet normal 0.514496 -0.857493 0
    outer loop
      vertex 76.0278 -13.2933 31
      vertex 76.0993 -13.2504 41
      vertex 76.0278 -13.2933 41
    endloop
  endfacet
  facet normal 0.514496 -0.857493 0
    outer loop
      vertex 76.0993 -13.2504 41
      vertex 76.0278 -13.2933 31
      vertex 76.0993 -13.2504 31
    endloop
  endfacet
  facet normal 0.427932 0.903811 -0
    outer loop
      vertex 76.1747 -14.7853 31
      vertex 76.0993 -14.7496 41
      vertex 76.1747 -14.7853 41
    endloop
  endfacet
  facet normal 0.427932 0.903811 0
    outer loop
      vertex 76.0993 -14.7496 41
      vertex 76.1747 -14.7853 31
      vertex 76.0993 -14.7496 31
    endloop
  endfacet
  facet normal 0.989242 -0.146288 0
    outer loop
      vertex 75.6541 -13.9167 41
      vertex 75.6663 -13.8342 31
      vertex 75.6663 -13.8342 41
    endloop
  endfacet
  facet normal 0.989242 -0.146288 0
    outer loop
      vertex 75.6663 -13.8342 31
      vertex 75.6541 -13.9167 41
      vertex 75.6541 -13.9167 31
    endloop
  endfacet
  facet normal 0.740428 -0.672136 0
    outer loop
      vertex 75.8429 -13.4608 41
      vertex 75.899 -13.399 31
      vertex 75.899 -13.399 41
    endloop
  endfacet
  facet normal 0.740428 -0.672136 0
    outer loop
      vertex 75.899 -13.399 31
      vertex 75.8429 -13.4608 41
      vertex 75.8429 -13.4608 31
    endloop
  endfacet
  facet normal -0.427932 0.903811 0
    outer loop
      vertex 76.9007 -14.7496 31
      vertex 76.8253 -14.7853 41
      vertex 76.9007 -14.7496 41
    endloop
  endfacet
  facet normal -0.427932 0.903811 0
    outer loop
      vertex 76.8253 -14.7853 41
      vertex 76.9007 -14.7496 31
      vertex 76.8253 -14.7853 31
    endloop
  endfacet
  facet normal -0.427932 -0.903811 0
    outer loop
      vertex 76.8253 -13.2147 31
      vertex 76.9007 -13.2504 41
      vertex 76.8253 -13.2147 41
    endloop
  endfacet
  facet normal -0.427932 -0.903811 -0
    outer loop
      vertex 76.9007 -13.2504 41
      vertex 76.8253 -13.2147 31
      vertex 76.9007 -13.2504 31
    endloop
  endfacet
  facet normal -0.969931 0.243382 0
    outer loop
      vertex 77.3134 -14.2467 31
      vertex 77.3337 -14.1658 41
      vertex 77.3337 -14.1658 31
    endloop
  endfacet
  facet normal -0.969931 0.243382 0
    outer loop
      vertex 77.3337 -14.1658 41
      vertex 77.3134 -14.2467 31
      vertex 77.3134 -14.2467 41
    endloop
  endfacet
  facet normal -0.941633 0.33664 0
    outer loop
      vertex 77.2853 -14.3253 31
      vertex 77.3134 -14.2467 41
      vertex 77.3134 -14.2467 31
    endloop
  endfacet
  facet normal -0.941633 0.33664 0
    outer loop
      vertex 77.3134 -14.2467 41
      vertex 77.2853 -14.3253 31
      vertex 77.2853 -14.3253 41
    endloop
  endfacet
  facet normal -0.998791 0.0491602 0
    outer loop
      vertex 77.3459 -14.0833 31
      vertex 77.35 -14 41
      vertex 77.35 -14 31
    endloop
  endfacet
  facet normal -0.998791 0.0491602 0
    outer loop
      vertex 77.35 -14 41
      vertex 77.3459 -14.0833 31
      vertex 77.3459 -14.0833 41
    endloop
  endfacet
  facet normal 0.803727 -0.594998 0
    outer loop
      vertex 75.7933 -13.5278 41
      vertex 75.8429 -13.4608 31
      vertex 75.8429 -13.4608 41
    endloop
  endfacet
  facet normal 0.803727 -0.594998 0
    outer loop
      vertex 75.8429 -13.4608 31
      vertex 75.7933 -13.5278 41
      vertex 75.7933 -13.5278 31
    endloop
  endfacet
  facet normal -0.146288 0.989242 0
    outer loop
      vertex 76.6658 -14.8337 31
      vertex 76.5833 -14.8459 41
      vertex 76.6658 -14.8337 41
    endloop
  endfacet
  facet normal -0.146288 0.989242 0
    outer loop
      vertex 76.5833 -14.8459 41
      vertex 76.6658 -14.8337 31
      vertex 76.5833 -14.8459 31
    endloop
  endfacet
  facet normal -0.941633 -0.33664 0
    outer loop
      vertex 77.3134 -13.7533 31
      vertex 77.2853 -13.6747 41
      vertex 77.2853 -13.6747 31
    endloop
  endfacet
  facet normal -0.941633 -0.33664 0
    outer loop
      vertex 77.2853 -13.6747 41
      vertex 77.3134 -13.7533 31
      vertex 77.3134 -13.7533 41
    endloop
  endfacet
  facet normal -0.514496 -0.857493 0
    outer loop
      vertex 76.9007 -13.2504 31
      vertex 76.9722 -13.2933 41
      vertex 76.9007 -13.2504 41
    endloop
  endfacet
  facet normal -0.514496 -0.857493 -0
    outer loop
      vertex 76.9722 -13.2933 41
      vertex 76.9007 -13.2504 31
      vertex 76.9722 -13.2933 31
    endloop
  endfacet
  facet normal -0.903811 -0.427932 0
    outer loop
      vertex 77.2853 -13.6747 31
      vertex 77.2496 -13.5993 41
      vertex 77.2496 -13.5993 31
    endloop
  endfacet
  facet normal -0.903811 -0.427932 0
    outer loop
      vertex 77.2496 -13.5993 41
      vertex 77.2853 -13.6747 31
      vertex 77.2853 -13.6747 41
    endloop
  endfacet
  facet normal -0.0491602 0.998791 0
    outer loop
      vertex 76.5833 -14.8459 31
      vertex 76.5 -14.85 41
      vertex 76.5833 -14.8459 41
    endloop
  endfacet
  facet normal -0.0491602 0.998791 0
    outer loop
      vertex 76.5 -14.85 41
      vertex 76.5833 -14.8459 31
      vertex 76.5 -14.85 31
    endloop
  endfacet
  facet normal 0.998791 0.0491602 0
    outer loop
      vertex 75.6541 -14.0833 41
      vertex 75.65 -14 31
      vertex 75.65 -14 41
    endloop
  endfacet
  facet normal 0.998791 0.0491602 0
    outer loop
      vertex 75.65 -14 31
      vertex 75.6541 -14.0833 41
      vertex 75.6541 -14.0833 31
    endloop
  endfacet
  facet normal -0.33664 -0.941633 0
    outer loop
      vertex 76.7467 -13.1866 31
      vertex 76.8253 -13.2147 41
      vertex 76.7467 -13.1866 41
    endloop
  endfacet
  facet normal -0.33664 -0.941633 -0
    outer loop
      vertex 76.8253 -13.2147 41
      vertex 76.7467 -13.1866 31
      vertex 76.8253 -13.2147 31
    endloop
  endfacet
  facet normal 0.803727 0.594998 0
    outer loop
      vertex 75.8429 -14.5392 41
      vertex 75.7933 -14.4722 31
      vertex 75.7933 -14.4722 41
    endloop
  endfacet
  facet normal 0.803727 0.594998 0
    outer loop
      vertex 75.7933 -14.4722 31
      vertex 75.8429 -14.5392 41
      vertex 75.8429 -14.5392 31
    endloop
  endfacet
  facet normal 0.672136 -0.740428 0
    outer loop
      vertex 75.899 -13.399 31
      vertex 75.9608 -13.3429 41
      vertex 75.899 -13.399 41
    endloop
  endfacet
  facet normal 0.672136 -0.740428 0
    outer loop
      vertex 75.9608 -13.3429 41
      vertex 75.899 -13.399 31
      vertex 75.9608 -13.3429 31
    endloop
  endfacet
  facet normal -0.243382 0.969931 0
    outer loop
      vertex 76.7467 -14.8134 31
      vertex 76.6658 -14.8337 41
      vertex 76.7467 -14.8134 41
    endloop
  endfacet
  facet normal -0.243382 0.969931 0
    outer loop
      vertex 76.6658 -14.8337 41
      vertex 76.7467 -14.8134 31
      vertex 76.6658 -14.8337 31
    endloop
  endfacet
  facet normal 0.0491602 -0.998791 0
    outer loop
      vertex 76.4167 -13.1541 31
      vertex 76.5 -13.15 41
      vertex 76.4167 -13.1541 41
    endloop
  endfacet
  facet normal 0.0491602 -0.998791 0
    outer loop
      vertex 76.5 -13.15 41
      vertex 76.4167 -13.1541 31
      vertex 76.5 -13.15 31
    endloop
  endfacet
  facet normal -0.803727 -0.594998 0
    outer loop
      vertex 77.2067 -13.5278 31
      vertex 77.1571 -13.4608 41
      vertex 77.1571 -13.4608 31
    endloop
  endfacet
  facet normal -0.803727 -0.594998 0
    outer loop
      vertex 77.1571 -13.4608 41
      vertex 77.2067 -13.5278 31
      vertex 77.2067 -13.5278 41
    endloop
  endfacet
  facet normal -0.903811 0.427932 0
    outer loop
      vertex 77.2496 -14.4007 31
      vertex 77.2853 -14.3253 41
      vertex 77.2853 -14.3253 31
    endloop
  endfacet
  facet normal -0.903811 0.427932 0
    outer loop
      vertex 77.2853 -14.3253 41
      vertex 77.2496 -14.4007 31
      vertex 77.2496 -14.4007 41
    endloop
  endfacet
  facet normal -0.857493 -0.514496 0
    outer loop
      vertex 77.2496 -13.5993 31
      vertex 77.2067 -13.5278 41
      vertex 77.2067 -13.5278 31
    endloop
  endfacet
  facet normal -0.857493 -0.514496 0
    outer loop
      vertex 77.2067 -13.5278 41
      vertex 77.2496 -13.5993 31
      vertex 77.2496 -13.5993 41
    endloop
  endfacet
  facet normal -0.740428 -0.672136 0
    outer loop
      vertex 77.1571 -13.4608 31
      vertex 77.101 -13.399 41
      vertex 77.101 -13.399 31
    endloop
  endfacet
  facet normal -0.740428 -0.672136 0
    outer loop
      vertex 77.101 -13.399 41
      vertex 77.1571 -13.4608 31
      vertex 77.1571 -13.4608 41
    endloop
  endfacet
  facet normal -0.594998 -0.803727 0
    outer loop
      vertex 76.9722 -13.2933 31
      vertex 77.0392 -13.3429 41
      vertex 76.9722 -13.2933 41
    endloop
  endfacet
  facet normal -0.594998 -0.803727 -0
    outer loop
      vertex 77.0392 -13.3429 41
      vertex 76.9722 -13.2933 31
      vertex 77.0392 -13.3429 31
    endloop
  endfacet
  facet normal 0.146288 0.989242 -0
    outer loop
      vertex 76.4167 -14.8459 31
      vertex 76.3342 -14.8337 41
      vertex 76.4167 -14.8459 41
    endloop
  endfacet
  facet normal 0.146288 0.989242 0
    outer loop
      vertex 76.3342 -14.8337 41
      vertex 76.4167 -14.8459 31
      vertex 76.3342 -14.8337 31
    endloop
  endfacet
  facet normal -0.672136 0.740428 0
    outer loop
      vertex 77.101 -14.601 31
      vertex 77.0392 -14.6571 41
      vertex 77.101 -14.601 41
    endloop
  endfacet
  facet normal -0.672136 0.740428 0
    outer loop
      vertex 77.0392 -14.6571 41
      vertex 77.101 -14.601 31
      vertex 77.0392 -14.6571 31
    endloop
  endfacet
  facet normal 0.243382 -0.969931 0
    outer loop
      vertex 76.2533 -13.1866 31
      vertex 76.3342 -13.1663 41
      vertex 76.2533 -13.1866 41
    endloop
  endfacet
  facet normal 0.243382 -0.969931 0
    outer loop
      vertex 76.3342 -13.1663 41
      vertex 76.2533 -13.1866 31
      vertex 76.3342 -13.1663 31
    endloop
  endfacet
  facet normal -0.514496 0.857493 0
    outer loop
      vertex 76.9722 -14.7067 31
      vertex 76.9007 -14.7496 41
      vertex 76.9722 -14.7067 41
    endloop
  endfacet
  facet normal -0.514496 0.857493 0
    outer loop
      vertex 76.9007 -14.7496 41
      vertex 76.9722 -14.7067 31
      vertex 76.9007 -14.7496 31
    endloop
  endfacet
  facet normal 0.33664 0.941633 -0
    outer loop
      vertex 76.2533 -14.8134 31
      vertex 76.1747 -14.7853 41
      vertex 76.2533 -14.8134 41
    endloop
  endfacet
  facet normal 0.33664 0.941633 0
    outer loop
      vertex 76.1747 -14.7853 41
      vertex 76.2533 -14.8134 31
      vertex 76.1747 -14.7853 31
    endloop
  endfacet
  facet normal 0.969931 0.243382 0
    outer loop
      vertex 75.6866 -14.2467 41
      vertex 75.6663 -14.1658 31
      vertex 75.6663 -14.1658 41
    endloop
  endfacet
  facet normal 0.969931 0.243382 0
    outer loop
      vertex 75.6663 -14.1658 31
      vertex 75.6866 -14.2467 41
      vertex 75.6866 -14.2467 31
    endloop
  endfacet
  facet normal -0.33664 0.941633 0
    outer loop
      vertex 76.8253 -14.7853 31
      vertex 76.7467 -14.8134 41
      vertex 76.8253 -14.7853 41
    endloop
  endfacet
  facet normal -0.33664 0.941633 0
    outer loop
      vertex 76.7467 -14.8134 41
      vertex 76.8253 -14.7853 31
      vertex 76.7467 -14.8134 31
    endloop
  endfacet
  facet normal -0.857493 0.514496 0
    outer loop
      vertex 77.2067 -14.4722 31
      vertex 77.2496 -14.4007 41
      vertex 77.2496 -14.4007 31
    endloop
  endfacet
  facet normal -0.857493 0.514496 0
    outer loop
      vertex 77.2496 -14.4007 41
      vertex 77.2067 -14.4722 31
      vertex 77.2067 -14.4722 41
    endloop
  endfacet
  facet normal 0.941633 0.33664 0
    outer loop
      vertex 75.7147 -14.3253 41
      vertex 75.6866 -14.2467 31
      vertex 75.6866 -14.2467 41
    endloop
  endfacet
  facet normal 0.941633 0.33664 0
    outer loop
      vertex 75.6866 -14.2467 31
      vertex 75.7147 -14.3253 41
      vertex 75.7147 -14.3253 31
    endloop
  endfacet
  facet normal -0.146288 -0.989242 0
    outer loop
      vertex 76.5833 -13.1541 31
      vertex 76.6658 -13.1663 41
      vertex 76.5833 -13.1541 41
    endloop
  endfacet
  facet normal -0.146288 -0.989242 -0
    outer loop
      vertex 76.6658 -13.1663 41
      vertex 76.5833 -13.1541 31
      vertex 76.6658 -13.1663 31
    endloop
  endfacet
  facet normal 0.740428 0.672136 0
    outer loop
      vertex 75.899 -14.601 41
      vertex 75.8429 -14.5392 31
      vertex 75.8429 -14.5392 41
    endloop
  endfacet
  facet normal 0.740428 0.672136 0
    outer loop
      vertex 75.8429 -14.5392 31
      vertex 75.899 -14.601 41
      vertex 75.899 -14.601 31
    endloop
  endfacet
  facet normal 0.903811 -0.427932 0
    outer loop
      vertex 75.7147 -13.6747 41
      vertex 75.7504 -13.5993 31
      vertex 75.7504 -13.5993 41
    endloop
  endfacet
  facet normal 0.903811 -0.427932 0
    outer loop
      vertex 75.7504 -13.5993 31
      vertex 75.7147 -13.6747 41
      vertex 75.7147 -13.6747 31
    endloop
  endfacet
  facet normal 0.857493 0.514496 0
    outer loop
      vertex 75.7933 -14.4722 41
      vertex 75.7504 -14.4007 31
      vertex 75.7504 -14.4007 41
    endloop
  endfacet
  facet normal 0.857493 0.514496 0
    outer loop
      vertex 75.7504 -14.4007 31
      vertex 75.7933 -14.4722 41
      vertex 75.7933 -14.4722 31
    endloop
  endfacet
  facet normal 0.514496 0.857493 -0
    outer loop
      vertex 76.0993 -14.7496 31
      vertex 76.0278 -14.7067 41
      vertex 76.0993 -14.7496 41
    endloop
  endfacet
  facet normal 0.514496 0.857493 0
    outer loop
      vertex 76.0278 -14.7067 41
      vertex 76.0993 -14.7496 31
      vertex 76.0278 -14.7067 31
    endloop
  endfacet
  facet normal 0.969931 -0.243382 0
    outer loop
      vertex 75.6663 -13.8342 41
      vertex 75.6866 -13.7533 31
      vertex 75.6866 -13.7533 41
    endloop
  endfacet
  facet normal 0.969931 -0.243382 0
    outer loop
      vertex 75.6866 -13.7533 31
      vertex 75.6663 -13.8342 41
      vertex 75.6663 -13.8342 31
    endloop
  endfacet
  facet normal -0.243382 -0.969931 0
    outer loop
      vertex 76.6658 -13.1663 31
      vertex 76.7467 -13.1866 41
      vertex 76.6658 -13.1663 41
    endloop
  endfacet
  facet normal -0.243382 -0.969931 -0
    outer loop
      vertex 76.7467 -13.1866 41
      vertex 76.6658 -13.1663 31
      vertex 76.7467 -13.1866 31
    endloop
  endfacet
  facet normal 0.594998 0.803727 -0
    outer loop
      vertex 76.0278 -14.7067 31
      vertex 75.9608 -14.6571 41
      vertex 76.0278 -14.7067 41
    endloop
  endfacet
  facet normal 0.594998 0.803727 0
    outer loop
      vertex 75.9608 -14.6571 41
      vertex 76.0278 -14.7067 31
      vertex 75.9608 -14.6571 31
    endloop
  endfacet
  facet normal -0.594998 0.803727 0
    outer loop
      vertex 77.0392 -14.6571 31
      vertex 76.9722 -14.7067 41
      vertex 77.0392 -14.6571 41
    endloop
  endfacet
  facet normal -0.594998 0.803727 0
    outer loop
      vertex 76.9722 -14.7067 41
      vertex 77.0392 -14.6571 31
      vertex 76.9722 -14.7067 31
    endloop
  endfacet
  facet normal 0.857493 -0.514496 0
    outer loop
      vertex 75.7504 -13.5993 41
      vertex 75.7933 -13.5278 31
      vertex 75.7933 -13.5278 41
    endloop
  endfacet
  facet normal 0.857493 -0.514496 0
    outer loop
      vertex 75.7933 -13.5278 31
      vertex 75.7504 -13.5993 41
      vertex 75.7504 -13.5993 31
    endloop
  endfacet
  facet normal 0.903811 0.427932 0
    outer loop
      vertex 75.7504 -14.4007 41
      vertex 75.7147 -14.3253 31
      vertex 75.7147 -14.3253 41
    endloop
  endfacet
  facet normal 0.903811 0.427932 0
    outer loop
      vertex 75.7147 -14.3253 31
      vertex 75.7504 -14.4007 41
      vertex 75.7504 -14.4007 31
    endloop
  endfacet
  facet normal 0.427932 -0.903811 0
    outer loop
      vertex 76.0993 -13.2504 31
      vertex 76.1747 -13.2147 41
      vertex 76.0993 -13.2504 41
    endloop
  endfacet
  facet normal 0.427932 -0.903811 0
    outer loop
      vertex 76.1747 -13.2147 41
      vertex 76.0993 -13.2504 31
      vertex 76.1747 -13.2147 31
    endloop
  endfacet
  facet normal 0 0 1
    outer loop
      vertex 77.3459 -13.9167 31
      vertex 77.3459 -14.0833 31
      vertex 77.35 -14 31
    endloop
  endfacet
  facet normal 0 0 1
    outer loop
      vertex 77.3337 -13.8342 31
      vertex 77.3459 -14.0833 31
      vertex 77.3459 -13.9167 31
    endloop
  endfacet
  facet normal 0 0 1
    outer loop
      vertex 77.3337 -13.8342 31
      vertex 77.3337 -14.1658 31
      vertex 77.3459 -14.0833 31
    endloop
  endfacet
  facet normal 0 0 1
    outer loop
      vertex 77.3134 -13.7533 31
      vertex 77.3337 -14.1658 31
      vertex 77.3337 -13.8342 31
    endloop
  endfacet
  facet normal 0 0 1
    outer loop
      vertex 77.3134 -13.7533 31
      vertex 77.3134 -14.2467 31
      vertex 77.3337 -14.1658 31
    endloop
  endfacet
  facet normal 0 0 1
    outer loop
      vertex 77.2853 -13.6747 31
      vertex 77.3134 -14.2467 31
      vertex 77.3134 -13.7533 31
    endloop
  endfacet
  facet normal 0 0 1
    outer loop
      vertex 77.2853 -13.6747 31
      vertex 77.2853 -14.3253 31
      vertex 77.3134 -14.2467 31
    endloop
  endfacet
  facet normal 0 0 1
    outer loop
      vertex 77.2496 -13.5993 31
      vertex 77.2853 -14.3253 31
      vertex 77.2853 -13.6747 31
    endloop
  endfacet
  facet normal 0 0 1
    outer loop
      vertex 77.2496 -13.5993 31
      vertex 77.2496 -14.4007 31
      vertex 77.2853 -14.3253 31
    endloop
  endfacet
  facet normal 0 0 1
    outer loop
      vertex 77.2067 -13.5278 31
      vertex 77.2496 -14.4007 31
      vertex 77.2496 -13.5993 31
    endloop
  endfacet
  facet normal 0 0 1
    outer loop
      vertex 77.2067 -13.5278 31
      vertex 77.2067 -14.4722 31
      vertex 77.2496 -14.4007 31
    endloop
  endfacet
  facet normal 0 0 1
    outer loop
      vertex 77.1571 -13.4608 31
      vertex 77.2067 -14.4722 31
      vertex 77.2067 -13.5278 31
    endloop
  endfacet
  facet normal 0 0 1
    outer loop
      vertex 77.1571 -13.4608 31
      vertex 77.1571 -14.5392 31
      vertex 77.2067 -14.4722 31
    endloop
  endfacet
  facet normal 0 0 1
    outer loop
      vertex 77.101 -13.399 31
      vertex 77.1571 -14.5392 31
      vertex 77.1571 -13.4608 31
    endloop
  endfacet
  facet normal 0 0 1
    outer loop
      vertex 77.101 -13.399 31
      vertex 77.101 -14.601 31
      vertex 77.1571 -14.5392 31
    endloop
  endfacet
  facet normal 0 0 1
    outer loop
      vertex 77.0392 -13.3429 31
      vertex 77.101 -14.601 31
      vertex 77.101 -13.399 31
    endloop
  endfacet
  facet normal 0 0 1
    outer loop
      vertex 77.0392 -13.3429 31
      vertex 77.0392 -14.6571 31
      vertex 77.101 -14.601 31
    endloop
  endfacet
  facet normal 0 0 1
    outer loop
      vertex 76.9722 -13.2933 31
      vertex 77.0392 -14.6571 31
      vertex 77.0392 -13.3429 31
    endloop
  endfacet
  facet normal 0 0 1
    outer loop
      vertex 76.9722 -13.2933 31
      vertex 76.9722 -14.7067 31
      vertex 77.0392 -14.6571 31
    endloop
  endfacet
  facet normal 0 0 1
    outer loop
      vertex 76.9007 -13.2504 31
      vertex 76.9722 -14.7067 31
      vertex 76.9722 -13.2933 31
    endloop
  endfacet
  facet normal 0 0 1
    outer loop
      vertex 76.9007 -13.2504 31
      vertex 76.9007 -14.7496 31
      vertex 76.9722 -14.7067 31
    endloop
  endfacet
  facet normal 0 0 1
    outer loop
      vertex 76.8253 -13.2147 31
      vertex 76.9007 -14.7496 31
      vertex 76.9007 -13.2504 31
    endloop
  endfacet
  facet normal 0 0 1
    outer loop
      vertex 76.8253 -13.2147 31
      vertex 76.8253 -14.7853 31
      vertex 76.9007 -14.7496 31
    endloop
  endfacet
  facet normal 0 0 1
    outer loop
      vertex 76.7467 -13.1866 31
      vertex 76.8253 -14.7853 31
      vertex 76.8253 -13.2147 31
    endloop
  endfacet
  facet normal 0 0 1
    outer loop
      vertex 76.7467 -13.1866 31
      vertex 76.7467 -14.8134 31
      vertex 76.8253 -14.7853 31
    endloop
  endfacet
  facet normal 0 0 1
    outer loop
      vertex 76.6658 -13.1663 31
      vertex 76.7467 -14.8134 31
      vertex 76.7467 -13.1866 31
    endloop
  endfacet
  facet normal 0 0 1
    outer loop
      vertex 76.6658 -13.1663 31
      vertex 76.6658 -14.8337 31
      vertex 76.7467 -14.8134 31
    endloop
  endfacet
  facet normal 0 0 1
    outer loop
      vertex 76.5833 -13.1541 31
      vertex 76.6658 -14.8337 31
      vertex 76.6658 -13.1663 31
    endloop
  endfacet
  facet normal 0 0 1
    outer loop
      vertex 76.5833 -13.1541 31
      vertex 76.5833 -14.8459 31
      vertex 76.6658 -14.8337 31
    endloop
  endfacet
  facet normal 0 0 1
    outer loop
      vertex 76.5 -13.15 31
      vertex 76.5833 -14.8459 31
      vertex 76.5833 -13.1541 31
    endloop
  endfacet
  facet normal 0 0 1
    outer loop
      vertex 76.5 -13.15 31
      vertex 76.5 -14.85 31
      vertex 76.5833 -14.8459 31
    endloop
  endfacet
  facet normal -0 0 1
    outer loop
      vertex 76.4167 -13.1541 31
      vertex 76.5 -14.85 31
      vertex 76.5 -13.15 31
    endloop
  endfacet
  facet normal 0 0 1
    outer loop
      vertex 76.4167 -13.1541 31
      vertex 76.4167 -14.8459 31
      vertex 76.5 -14.85 31
    endloop
  endfacet
  facet normal -0 0 1
    outer loop
      vertex 76.3342 -13.1663 31
      vertex 76.4167 -14.8459 31
      vertex 76.4167 -13.1541 31
    endloop
  endfacet
  facet normal 0 0 1
    outer loop
      vertex 76.3342 -13.1663 31
      vertex 76.3342 -14.8337 31
      vertex 76.4167 -14.8459 31
    endloop
  endfacet
  facet normal -0 0 1
    outer loop
      vertex 76.2533 -13.1866 31
      vertex 76.3342 -14.8337 31
      vertex 76.3342 -13.1663 31
    endloop
  endfacet
  facet normal 0 0 1
    outer loop
      vertex 76.2533 -13.1866 31
      vertex 76.2533 -14.8134 31
      vertex 76.3342 -14.8337 31
    endloop
  endfacet
  facet normal -0 0 1
    outer loop
      vertex 76.1747 -13.2147 31
      vertex 76.2533 -14.8134 31
      vertex 76.2533 -13.1866 31
    endloop
  endfacet
  facet normal 0 0 1
    outer loop
      vertex 76.1747 -13.2147 31
      vertex 76.1747 -14.7853 31
      vertex 76.2533 -14.8134 31
    endloop
  endfacet
  facet normal -0 0 1
    outer loop
      vertex 76.0993 -13.2504 31
      vertex 76.1747 -14.7853 31
      vertex 76.1747 -13.2147 31
    endloop
  endfacet
  facet normal 0 0 1
    outer loop
      vertex 76.0993 -13.2504 31
      vertex 76.0993 -14.7496 31
      vertex 76.1747 -14.7853 31
    endloop
  endfacet
  facet normal -0 0 1
    outer loop
      vertex 76.0278 -13.2933 31
      vertex 76.0993 -14.7496 31
      vertex 76.0993 -13.2504 31
    endloop
  endfacet
  facet normal 0 0 1
    outer loop
      vertex 76.0278 -13.2933 31
      vertex 76.0278 -14.7067 31
      vertex 76.0993 -14.7496 31
    endloop
  endfacet
  facet normal -0 0 1
    outer loop
      vertex 75.9608 -13.3429 31
      vertex 76.0278 -14.7067 31
      vertex 76.0278 -13.2933 31
    endloop
  endfacet
  facet normal 0 0 1
    outer loop
      vertex 75.9608 -13.3429 31
      vertex 75.9608 -14.6571 31
      vertex 76.0278 -14.7067 31
    endloop
  endfacet
  facet normal -0 0 1
    outer loop
      vertex 75.899 -13.399 31
      vertex 75.9608 -14.6571 31
      vertex 75.9608 -13.3429 31
    endloop
  endfacet
  facet normal 0 0 1
    outer loop
      vertex 75.899 -13.399 31
      vertex 75.899 -14.601 31
      vertex 75.9608 -14.6571 31
    endloop
  endfacet
  facet normal -0 0 1
    outer loop
      vertex 75.8429 -13.4608 31
      vertex 75.899 -14.601 31
      vertex 75.899 -13.399 31
    endloop
  endfacet
  facet normal 0 0 1
    outer loop
      vertex 75.8429 -13.4608 31
      vertex 75.8429 -14.5392 31
      vertex 75.899 -14.601 31
    endloop
  endfacet
  facet normal -0 0 1
    outer loop
      vertex 75.7933 -13.5278 31
      vertex 75.8429 -14.5392 31
      vertex 75.8429 -13.4608 31
    endloop
  endfacet
  facet normal 0 0 1
    outer loop
      vertex 75.7933 -13.5278 31
      vertex 75.7933 -14.4722 31
      vertex 75.8429 -14.5392 31
    endloop
  endfacet
  facet normal -0 0 1
    outer loop
      vertex 75.7504 -13.5993 31
      vertex 75.7933 -14.4722 31
      vertex 75.7933 -13.5278 31
    endloop
  endfacet
  facet normal 0 0 1
    outer loop
      vertex 75.7504 -13.5993 31
      vertex 75.7504 -14.4007 31
      vertex 75.7933 -14.4722 31
    endloop
  endfacet
  facet normal -0 0 1
    outer loop
      vertex 75.7147 -13.6747 31
      vertex 75.7504 -14.4007 31
      vertex 75.7504 -13.5993 31
    endloop
  endfacet
  facet normal 0 0 1
    outer loop
      vertex 75.7147 -13.6747 31
      vertex 75.7147 -14.3253 31
      vertex 75.7504 -14.4007 31
    endloop
  endfacet
  facet normal -0 0 1
    outer loop
      vertex 75.6866 -13.7533 31
      vertex 75.7147 -14.3253 31
      vertex 75.7147 -13.6747 31
    endloop
  endfacet
  facet normal 0 0 1
    outer loop
      vertex 75.6866 -13.7533 31
      vertex 75.6866 -14.2467 31
      vertex 75.7147 -14.3253 31
    endloop
  endfacet
  facet normal -0 0 1
    outer loop
      vertex 75.6663 -13.8342 31
      vertex 75.6866 -14.2467 31
      vertex 75.6866 -13.7533 31
    endloop
  endfacet
  facet normal 0 0 1
    outer loop
      vertex 75.6663 -13.8342 31
      vertex 75.6663 -14.1658 31
      vertex 75.6866 -14.2467 31
    endloop
  endfacet
  facet normal -0 0 1
    outer loop
      vertex 75.6541 -13.9167 31
      vertex 75.6663 -14.1658 31
      vertex 75.6663 -13.8342 31
    endloop
  endfacet
  facet normal 0 0 1
    outer loop
      vertex 75.6541 -13.9167 31
      vertex 75.6541 -14.0833 31
      vertex 75.6663 -14.1658 31
    endloop
  endfacet
  facet normal 0 -0 1
    outer loop
      vertex 75.6541 -14.0833 31
      vertex 75.6541 -13.9167 31
      vertex 75.65 -14 31
    endloop
  endfacet
  facet normal 0.803727 0.594998 0
    outer loop
      vertex 75.8429 13.4608 41
      vertex 75.7933 13.5278 31
      vertex 75.7933 13.5278 41
    endloop
  endfacet
  facet normal 0.803727 0.594998 0
    outer loop
      vertex 75.7933 13.5278 31
      vertex 75.8429 13.4608 41
      vertex 75.8429 13.4608 31
    endloop
  endfacet
  facet normal -0.672136 -0.740428 0
    outer loop
      vertex 77.0392 14.6571 31
      vertex 77.101 14.601 41
      vertex 77.0392 14.6571 41
    endloop
  endfacet
  facet normal -0.672136 -0.740428 -0
    outer loop
      vertex 77.101 14.601 41
      vertex 77.0392 14.6571 31
      vertex 77.101 14.601 31
    endloop
  endfacet
  facet normal 0.0491602 -0.998791 0
    outer loop
      vertex 76.4167 14.8459 31
      vertex 76.5 14.85 41
      vertex 76.4167 14.8459 41
    endloop
  endfacet
  facet normal 0.0491602 -0.998791 0
    outer loop
      vertex 76.5 14.85 41
      vertex 76.4167 14.8459 31
      vertex 76.5 14.85 31
    endloop
  endfacet
  facet normal -0.941633 -0.33664 0
    outer loop
      vertex 77.3134 14.2467 31
      vertex 77.2853 14.3253 41
      vertex 77.2853 14.3253 31
    endloop
  endfacet
  facet normal -0.941633 -0.33664 0
    outer loop
      vertex 77.2853 14.3253 41
      vertex 77.3134 14.2467 31
      vertex 77.3134 14.2467 41
    endloop
  endfacet
  facet normal -0.146288 -0.989242 0
    outer loop
      vertex 76.5833 14.8459 31
      vertex 76.6658 14.8337 41
      vertex 76.5833 14.8459 41
    endloop
  endfacet
  facet normal -0.146288 -0.989242 -0
    outer loop
      vertex 76.6658 14.8337 41
      vertex 76.5833 14.8459 31
      vertex 76.6658 14.8337 31
    endloop
  endfacet
  facet normal -0.903811 0.427932 0
    outer loop
      vertex 77.2496 13.5993 31
      vertex 77.2853 13.6747 41
      vertex 77.2853 13.6747 31
    endloop
  endfacet
  facet normal -0.903811 0.427932 0
    outer loop
      vertex 77.2853 13.6747 41
      vertex 77.2496 13.5993 31
      vertex 77.2496 13.5993 41
    endloop
  endfacet
  facet normal -0.427932 -0.903811 0
    outer loop
      vertex 76.8253 14.7853 31
      vertex 76.9007 14.7496 41
      vertex 76.8253 14.7853 41
    endloop
  endfacet
  facet normal -0.427932 -0.903811 -0
    outer loop
      vertex 76.9007 14.7496 41
      vertex 76.8253 14.7853 31
      vertex 76.9007 14.7496 31
    endloop
  endfacet
  facet normal -0.989242 -0.146288 0
    outer loop
      vertex 77.3459 14.0833 31
      vertex 77.3337 14.1658 41
      vertex 77.3337 14.1658 31
    endloop
  endfacet
  facet normal -0.989242 -0.146288 0
    outer loop
      vertex 77.3337 14.1658 41
      vertex 77.3459 14.0833 31
      vertex 77.3459 14.0833 41
    endloop
  endfacet
  facet normal -0.514496 0.857493 0
    outer loop
      vertex 76.9722 13.2933 31
      vertex 76.9007 13.2504 41
      vertex 76.9722 13.2933 41
    endloop
  endfacet
  facet normal -0.514496 0.857493 0
    outer loop
      vertex 76.9007 13.2504 41
      vertex 76.9722 13.2933 31
      vertex 76.9007 13.2504 31
    endloop
  endfacet
  facet normal 0.989242 -0.146288 0
    outer loop
      vertex 75.6541 14.0833 41
      vertex 75.6663 14.1658 31
      vertex 75.6663 14.1658 41
    endloop
  endfacet
  facet normal 0.989242 -0.146288 0
    outer loop
      vertex 75.6663 14.1658 31
      vertex 75.6541 14.0833 41
      vertex 75.6541 14.0833 31
    endloop
  endfacet
  facet normal -0.903811 -0.427932 0
    outer loop
      vertex 77.2853 14.3253 31
      vertex 77.2496 14.4007 41
      vertex 77.2496 14.4007 31
    endloop
  endfacet
  facet normal -0.903811 -0.427932 0
    outer loop
      vertex 77.2496 14.4007 41
      vertex 77.2853 14.3253 31
      vertex 77.2853 14.3253 41
    endloop
  endfacet
  facet normal 0.33664 -0.941633 0
    outer loop
      vertex 76.1747 14.7853 31
      vertex 76.2533 14.8134 41
      vertex 76.1747 14.7853 41
    endloop
  endfacet
  facet normal 0.33664 -0.941633 0
    outer loop
      vertex 76.2533 14.8134 41
      vertex 76.1747 14.7853 31
      vertex 76.2533 14.8134 31
    endloop
  endfacet
  facet normal -0.989242 0.146288 0
    outer loop
      vertex 77.3337 13.8342 31
      vertex 77.3459 13.9167 41
      vertex 77.3459 13.9167 31
    endloop
  endfacet
  facet normal -0.989242 0.146288 0
    outer loop
      vertex 77.3459 13.9167 41
      vertex 77.3337 13.8342 31
      vertex 77.3337 13.8342 41
    endloop
  endfacet
  facet normal -0.857493 -0.514496 0
    outer loop
      vertex 77.2496 14.4007 31
      vertex 77.2067 14.4722 41
      vertex 77.2067 14.4722 31
    endloop
  endfacet
  facet normal -0.857493 -0.514496 0
    outer loop
      vertex 77.2067 14.4722 41
      vertex 77.2496 14.4007 31
      vertex 77.2496 14.4007 41
    endloop
  endfacet
  facet normal 0.969931 0.243382 0
    outer loop
      vertex 75.6866 13.7533 41
      vertex 75.6663 13.8342 31
      vertex 75.6663 13.8342 41
    endloop
  endfacet
  facet normal 0.969931 0.243382 0
    outer loop
      vertex 75.6663 13.8342 31
      vertex 75.6866 13.7533 41
      vertex 75.6866 13.7533 31
    endloop
  endfacet
  facet normal 0.969931 -0.243382 0
    outer loop
      vertex 75.6663 14.1658 41
      vertex 75.6866 14.2467 31
      vertex 75.6866 14.2467 41
    endloop
  endfacet
  facet normal 0.969931 -0.243382 0
    outer loop
      vertex 75.6866 14.2467 31
      vertex 75.6663 14.1658 41
      vertex 75.6663 14.1658 31
    endloop
  endfacet
  facet normal -0.998791 -0.0491602 0
    outer loop
      vertex 77.35 14 31
      vertex 77.3459 14.0833 41
      vertex 77.3459 14.0833 31
    endloop
  endfacet
  facet normal -0.998791 -0.0491602 0
    outer loop
      vertex 77.3459 14.0833 41
      vertex 77.35 14 31
      vertex 77.35 14 41
    endloop
  endfacet
  facet normal 0.146288 -0.989242 0
    outer loop
      vertex 76.3342 14.8337 31
      vertex 76.4167 14.8459 41
      vertex 76.3342 14.8337 41
    endloop
  endfacet
  facet normal 0.146288 -0.989242 0
    outer loop
      vertex 76.4167 14.8459 41
      vertex 76.3342 14.8337 31
      vertex 76.4167 14.8459 31
    endloop
  endfacet
  facet normal 0.243382 0.969931 -0
    outer loop
      vertex 76.3342 13.1663 31
      vertex 76.2533 13.1866 41
      vertex 76.3342 13.1663 41
    endloop
  endfacet
  facet normal 0.243382 0.969931 0
    outer loop
      vertex 76.2533 13.1866 41
      vertex 76.3342 13.1663 31
      vertex 76.2533 13.1866 31
    endloop
  endfacet
  facet normal -0.0491602 0.998791 0
    outer loop
      vertex 76.5833 13.1541 31
      vertex 76.5 13.15 41
      vertex 76.5833 13.1541 41
    endloop
  endfacet
  facet normal -0.0491602 0.998791 0
    outer loop
      vertex 76.5 13.15 41
      vertex 76.5833 13.1541 31
      vertex 76.5 13.15 31
    endloop
  endfacet
  facet normal -0.998791 0.0491602 0
    outer loop
      vertex 77.3459 13.9167 31
      vertex 77.35 14 41
      vertex 77.35 14 31
    endloop
  endfacet
  facet normal -0.998791 0.0491602 0
    outer loop
      vertex 77.35 14 41
      vertex 77.3459 13.9167 31
      vertex 77.3459 13.9167 41
    endloop
  endfacet
  facet normal -0.969931 -0.243382 0
    outer loop
      vertex 77.3337 14.1658 31
      vertex 77.3134 14.2467 41
      vertex 77.3134 14.2467 31
    endloop
  endfacet
  facet normal -0.969931 -0.243382 0
    outer loop
      vertex 77.3134 14.2467 41
      vertex 77.3337 14.1658 31
      vertex 77.3337 14.1658 41
    endloop
  endfacet
  facet normal -0.740428 -0.672136 0
    outer loop
      vertex 77.1571 14.5392 31
      vertex 77.101 14.601 41
      vertex 77.101 14.601 31
    endloop
  endfacet
  facet normal -0.740428 -0.672136 0
    outer loop
      vertex 77.101 14.601 41
      vertex 77.1571 14.5392 31
      vertex 77.1571 14.5392 41
    endloop
  endfacet
  facet normal -0.0491602 -0.998791 0
    outer loop
      vertex 76.5 14.85 31
      vertex 76.5833 14.8459 41
      vertex 76.5 14.85 41
    endloop
  endfacet
  facet normal -0.0491602 -0.998791 -0
    outer loop
      vertex 76.5833 14.8459 41
      vertex 76.5 14.85 31
      vertex 76.5833 14.8459 31
    endloop
  endfacet
  facet normal 0.740428 -0.672136 0
    outer loop
      vertex 75.8429 14.5392 41
      vertex 75.899 14.601 31
      vertex 75.899 14.601 41
    endloop
  endfacet
  facet normal 0.740428 -0.672136 0
    outer loop
      vertex 75.899 14.601 31
      vertex 75.8429 14.5392 41
      vertex 75.8429 14.5392 31
    endloop
  endfacet
  facet normal -0.427932 0.903811 0
    outer loop
      vertex 76.9007 13.2504 31
      vertex 76.8253 13.2147 41
      vertex 76.9007 13.2504 41
    endloop
  endfacet
  facet normal -0.427932 0.903811 0
    outer loop
      vertex 76.8253 13.2147 41
      vertex 76.9007 13.2504 31
      vertex 76.8253 13.2147 31
    endloop
  endfacet
  facet normal 0.672136 0.740428 -0
    outer loop
      vertex 75.9608 13.3429 31
      vertex 75.899 13.399 41
      vertex 75.9608 13.3429 41
    endloop
  endfacet
  facet normal 0.672136 0.740428 0
    outer loop
      vertex 75.899 13.399 41
      vertex 75.9608 13.3429 31
      vertex 75.899 13.399 31
    endloop
  endfacet
  facet normal -0.857493 0.514496 0
    outer loop
      vertex 77.2067 13.5278 31
      vertex 77.2496 13.5993 41
      vertex 77.2496 13.5993 31
    endloop
  endfacet
  facet normal -0.857493 0.514496 0
    outer loop
      vertex 77.2496 13.5993 41
      vertex 77.2067 13.5278 31
      vertex 77.2067 13.5278 41
    endloop
  endfacet
  facet normal 0.941633 -0.33664 0
    outer loop
      vertex 75.6866 14.2467 41
      vertex 75.7147 14.3253 31
      vertex 75.7147 14.3253 41
    endloop
  endfacet
  facet normal 0.941633 -0.33664 0
    outer loop
      vertex 75.7147 14.3253 31
      vertex 75.6866 14.2467 41
      vertex 75.6866 14.2467 31
    endloop
  endfacet
  facet normal 0.427932 0.903811 -0
    outer loop
      vertex 76.1747 13.2147 31
      vertex 76.0993 13.2504 41
      vertex 76.1747 13.2147 41
    endloop
  endfacet
  facet normal 0.427932 0.903811 0
    outer loop
      vertex 76.0993 13.2504 41
      vertex 76.1747 13.2147 31
      vertex 76.0993 13.2504 31
    endloop
  endfacet
  facet normal 0.243382 -0.969931 0
    outer loop
      vertex 76.2533 14.8134 31
      vertex 76.3342 14.8337 41
      vertex 76.2533 14.8134 41
    endloop
  endfacet
  facet normal 0.243382 -0.969931 0
    outer loop
      vertex 76.3342 14.8337 41
      vertex 76.2533 14.8134 31
      vertex 76.3342 14.8337 31
    endloop
  endfacet
  facet normal 0.594998 -0.803727 0
    outer loop
      vertex 75.9608 14.6571 31
      vertex 76.0278 14.7067 41
      vertex 75.9608 14.6571 41
    endloop
  endfacet
  facet normal 0.594998 -0.803727 0
    outer loop
      vertex 76.0278 14.7067 41
      vertex 75.9608 14.6571 31
      vertex 76.0278 14.7067 31
    endloop
  endfacet
  facet normal -0.941633 0.33664 0
    outer loop
      vertex 77.2853 13.6747 31
      vertex 77.3134 13.7533 41
      vertex 77.3134 13.7533 31
    endloop
  endfacet
  facet normal -0.941633 0.33664 0
    outer loop
      vertex 77.3134 13.7533 41
      vertex 77.2853 13.6747 31
      vertex 77.2853 13.6747 41
    endloop
  endfacet
  facet normal 0.146288 0.989242 -0
    outer loop
      vertex 76.4167 13.1541 31
      vertex 76.3342 13.1663 41
      vertex 76.4167 13.1541 41
    endloop
  endfacet
  facet normal 0.146288 0.989242 0
    outer loop
      vertex 76.3342 13.1663 41
      vertex 76.4167 13.1541 31
      vertex 76.3342 13.1663 31
    endloop
  endfacet
  facet normal -0.594998 -0.803727 0
    outer loop
      vertex 76.9722 14.7067 31
      vertex 77.0392 14.6571 41
      vertex 76.9722 14.7067 41
    endloop
  endfacet
  facet normal -0.594998 -0.803727 -0
    outer loop
      vertex 77.0392 14.6571 41
      vertex 76.9722 14.7067 31
      vertex 77.0392 14.6571 31
    endloop
  endfacet
  facet normal -0.146288 0.989242 0
    outer loop
      vertex 76.6658 13.1663 31
      vertex 76.5833 13.1541 41
      vertex 76.6658 13.1663 41
    endloop
  endfacet
  facet normal -0.146288 0.989242 0
    outer loop
      vertex 76.5833 13.1541 41
      vertex 76.6658 13.1663 31
      vertex 76.5833 13.1541 31
    endloop
  endfacet
  facet normal -0.33664 -0.941633 0
    outer loop
      vertex 76.7467 14.8134 31
      vertex 76.8253 14.7853 41
      vertex 76.7467 14.8134 41
    endloop
  endfacet
  facet normal -0.33664 -0.941633 -0
    outer loop
      vertex 76.8253 14.7853 41
      vertex 76.7467 14.8134 31
      vertex 76.8253 14.7853 31
    endloop
  endfacet
  facet normal -0.803727 -0.594998 0
    outer loop
      vertex 77.2067 14.4722 31
      vertex 77.1571 14.5392 41
      vertex 77.1571 14.5392 31
    endloop
  endfacet
  facet normal -0.803727 -0.594998 0
    outer loop
      vertex 77.1571 14.5392 41
      vertex 77.2067 14.4722 31
      vertex 77.2067 14.4722 41
    endloop
  endfacet
  facet normal 0.672136 -0.740428 0
    outer loop
      vertex 75.899 14.601 31
      vertex 75.9608 14.6571 41
      vertex 75.899 14.601 41
    endloop
  endfacet
  facet normal 0.672136 -0.740428 0
    outer loop
      vertex 75.9608 14.6571 41
      vertex 75.899 14.601 31
      vertex 75.9608 14.6571 31
    endloop
  endfacet
  facet normal -0.514496 -0.857493 0
    outer loop
      vertex 76.9007 14.7496 31
      vertex 76.9722 14.7067 41
      vertex 76.9007 14.7496 41
    endloop
  endfacet
  facet normal -0.514496 -0.857493 -0
    outer loop
      vertex 76.9722 14.7067 41
      vertex 76.9007 14.7496 31
      vertex 76.9722 14.7067 31
    endloop
  endfacet
  facet normal 0.33664 0.941633 -0
    outer loop
      vertex 76.2533 13.1866 31
      vertex 76.1747 13.2147 41
      vertex 76.2533 13.1866 41
    endloop
  endfacet
  facet normal 0.33664 0.941633 0
    outer loop
      vertex 76.1747 13.2147 41
      vertex 76.2533 13.1866 31
      vertex 76.1747 13.2147 31
    endloop
  endfacet
  facet normal 0.998791 -0.0491602 0
    outer loop
      vertex 75.65 14 41
      vertex 75.6541 14.0833 31
      vertex 75.6541 14.0833 41
    endloop
  endfacet
  facet normal 0.998791 -0.0491602 0
    outer loop
      vertex 75.6541 14.0833 31
      vertex 75.65 14 41
      vertex 75.65 14 31
    endloop
  endfacet
  facet normal 0 0 1
    outer loop
      vertex 77.3459 14.0833 31
      vertex 77.3459 13.9167 31
      vertex 77.35 14 31
    endloop
  endfacet
  facet normal 0 0 1
    outer loop
      vertex 77.3337 14.1658 31
      vertex 77.3459 13.9167 31
      vertex 77.3459 14.0833 31
    endloop
  endfacet
  facet normal 0 0 1
    outer loop
      vertex 77.3337 14.1658 31
      vertex 77.3337 13.8342 31
      vertex 77.3459 13.9167 31
    endloop
  endfacet
  facet normal 0 0 1
    outer loop
      vertex 77.3134 14.2467 31
      vertex 77.3337 13.8342 31
      vertex 77.3337 14.1658 31
    endloop
  endfacet
  facet normal 0 0 1
    outer loop
      vertex 77.3134 14.2467 31
      vertex 77.3134 13.7533 31
      vertex 77.3337 13.8342 31
    endloop
  endfacet
  facet normal 0 0 1
    outer loop
      vertex 77.2853 14.3253 31
      vertex 77.3134 13.7533 31
      vertex 77.3134 14.2467 31
    endloop
  endfacet
  facet normal 0 0 1
    outer loop
      vertex 77.2853 14.3253 31
      vertex 77.2853 13.6747 31
      vertex 77.3134 13.7533 31
    endloop
  endfacet
  facet normal 0 0 1
    outer loop
      vertex 77.2496 14.4007 31
      vertex 77.2853 13.6747 31
      vertex 77.2853 14.3253 31
    endloop
  endfacet
  facet normal 0 0 1
    outer loop
      vertex 77.2496 14.4007 31
      vertex 77.2496 13.5993 31
      vertex 77.2853 13.6747 31
    endloop
  endfacet
  facet normal 0 0 1
    outer loop
      vertex 77.2067 14.4722 31
      vertex 77.2496 13.5993 31
      vertex 77.2496 14.4007 31
    endloop
  endfacet
  facet normal 0 0 1
    outer loop
      vertex 77.2067 14.4722 31
      vertex 77.2067 13.5278 31
      vertex 77.2496 13.5993 31
    endloop
  endfacet
  facet normal 0 0 1
    outer loop
      vertex 77.1571 14.5392 31
      vertex 77.2067 13.5278 31
      vertex 77.2067 14.4722 31
    endloop
  endfacet
  facet normal 0 0 1
    outer loop
      vertex 77.1571 14.5392 31
      vertex 77.1571 13.4608 31
      vertex 77.2067 13.5278 31
    endloop
  endfacet
  facet normal 0 0 1
    outer loop
      vertex 77.101 14.601 31
      vertex 77.1571 13.4608 31
      vertex 77.1571 14.5392 31
    endloop
  endfacet
  facet normal 0 0 1
    outer loop
      vertex 77.101 14.601 31
      vertex 77.101 13.399 31
      vertex 77.1571 13.4608 31
    endloop
  endfacet
  facet normal 0 0 1
    outer loop
      vertex 77.0392 14.6571 31
      vertex 77.101 13.399 31
      vertex 77.101 14.601 31
    endloop
  endfacet
  facet normal 0 0 1
    outer loop
      vertex 77.0392 14.6571 31
      vertex 77.0392 13.3429 31
      vertex 77.101 13.399 31
    endloop
  endfacet
  facet normal 0 0 1
    outer loop
      vertex 76.9722 14.7067 31
      vertex 77.0392 13.3429 31
      vertex 77.0392 14.6571 31
    endloop
  endfacet
  facet normal 0 0 1
    outer loop
      vertex 76.9722 14.7067 31
      vertex 76.9722 13.2933 31
      vertex 77.0392 13.3429 31
    endloop
  endfacet
  facet normal 0 0 1
    outer loop
      vertex 76.9007 14.7496 31
      vertex 76.9722 13.2933 31
      vertex 76.9722 14.7067 31
    endloop
  endfacet
  facet normal 0 0 1
    outer loop
      vertex 76.9007 14.7496 31
      vertex 76.9007 13.2504 31
      vertex 76.9722 13.2933 31
    endloop
  endfacet
  facet normal 0 0 1
    outer loop
      vertex 76.8253 14.7853 31
      vertex 76.9007 13.2504 31
      vertex 76.9007 14.7496 31
    endloop
  endfacet
  facet normal 0 0 1
    outer loop
      vertex 76.8253 14.7853 31
      vertex 76.8253 13.2147 31
      vertex 76.9007 13.2504 31
    endloop
  endfacet
  facet normal 0 0 1
    outer loop
      vertex 76.7467 14.8134 31
      vertex 76.8253 13.2147 31
      vertex 76.8253 14.7853 31
    endloop
  endfacet
  facet normal 0 0 1
    outer loop
      vertex 76.7467 14.8134 31
      vertex 76.7467 13.1866 31
      vertex 76.8253 13.2147 31
    endloop
  endfacet
  facet normal 0 0 1
    outer loop
      vertex 76.6658 14.8337 31
      vertex 76.7467 13.1866 31
      vertex 76.7467 14.8134 31
    endloop
  endfacet
  facet normal 0 0 1
    outer loop
      vertex 76.6658 14.8337 31
      vertex 76.6658 13.1663 31
      vertex 76.7467 13.1866 31
    endloop
  endfacet
  facet normal 0 0 1
    outer loop
      vertex 76.5833 14.8459 31
      vertex 76.6658 13.1663 31
      vertex 76.6658 14.8337 31
    endloop
  endfacet
  facet normal 0 0 1
    outer loop
      vertex 76.5833 14.8459 31
      vertex 76.5833 13.1541 31
      vertex 76.6658 13.1663 31
    endloop
  endfacet
  facet normal 0 0 1
    outer loop
      vertex 76.5 14.85 31
      vertex 76.5833 13.1541 31
      vertex 76.5833 14.8459 31
    endloop
  endfacet
  facet normal 0 0 1
    outer loop
      vertex 76.5 14.85 31
      vertex 76.5 13.15 31
      vertex 76.5833 13.1541 31
    endloop
  endfacet
  facet normal -0 0 1
    outer loop
      vertex 76.4167 14.8459 31
      vertex 76.5 13.15 31
      vertex 76.5 14.85 31
    endloop
  endfacet
  facet normal 0 0 1
    outer loop
      vertex 76.4167 14.8459 31
      vertex 76.4167 13.1541 31
      vertex 76.5 13.15 31
    endloop
  endfacet
  facet normal -0 0 1
    outer loop
      vertex 76.3342 14.8337 31
      vertex 76.4167 13.1541 31
      vertex 76.4167 14.8459 31
    endloop
  endfacet
  facet normal 0 0 1
    outer loop
      vertex 76.3342 14.8337 31
      vertex 76.3342 13.1663 31
      vertex 76.4167 13.1541 31
    endloop
  endfacet
  facet normal -0 0 1
    outer loop
      vertex 76.2533 14.8134 31
      vertex 76.3342 13.1663 31
      vertex 76.3342 14.8337 31
    endloop
  endfacet
  facet normal 0 0 1
    outer loop
      vertex 76.2533 14.8134 31
      vertex 76.2533 13.1866 31
      vertex 76.3342 13.1663 31
    endloop
  endfacet
  facet normal -0 0 1
    outer loop
      vertex 76.1747 14.7853 31
      vertex 76.2533 13.1866 31
      vertex 76.2533 14.8134 31
    endloop
  endfacet
  facet normal 0 0 1
    outer loop
      vertex 76.1747 14.7853 31
      vertex 76.1747 13.2147 31
      vertex 76.2533 13.1866 31
    endloop
  endfacet
  facet normal -0 0 1
    outer loop
      vertex 76.0993 14.7496 31
      vertex 76.1747 13.2147 31
      vertex 76.1747 14.7853 31
    endloop
  endfacet
  facet normal 0 0 1
    outer loop
      vertex 76.0993 14.7496 31
      vertex 76.0993 13.2504 31
      vertex 76.1747 13.2147 31
    endloop
  endfacet
  facet normal -0 0 1
    outer loop
      vertex 76.0278 14.7067 31
      vertex 76.0993 13.2504 31
      vertex 76.0993 14.7496 31
    endloop
  endfacet
  facet normal 0 0 1
    outer loop
      vertex 76.0278 14.7067 31
      vertex 76.0278 13.2933 31
      vertex 76.0993 13.2504 31
    endloop
  endfacet
  facet normal -0 0 1
    outer loop
      vertex 75.9608 14.6571 31
      vertex 76.0278 13.2933 31
      vertex 76.0278 14.7067 31
    endloop
  endfacet
  facet normal 0 0 1
    outer loop
      vertex 75.9608 14.6571 31
      vertex 75.9608 13.3429 31
      vertex 76.0278 13.2933 31
    endloop
  endfacet
  facet normal -0 0 1
    outer loop
      vertex 75.899 14.601 31
      vertex 75.9608 13.3429 31
      vertex 75.9608 14.6571 31
    endloop
  endfacet
  facet normal 0 0 1
    outer loop
      vertex 75.899 14.601 31
      vertex 75.899 13.399 31
      vertex 75.9608 13.3429 31
    endloop
  endfacet
  facet normal -0 0 1
    outer loop
      vertex 75.8429 14.5392 31
      vertex 75.899 13.399 31
      vertex 75.899 14.601 31
    endloop
  endfacet
  facet normal 0 0 1
    outer loop
      vertex 75.8429 14.5392 31
      vertex 75.8429 13.4608 31
      vertex 75.899 13.399 31
    endloop
  endfacet
  facet normal -0 0 1
    outer loop
      vertex 75.7933 14.4722 31
      vertex 75.8429 13.4608 31
      vertex 75.8429 14.5392 31
    endloop
  endfacet
  facet normal 0 0 1
    outer loop
      vertex 75.7933 14.4722 31
      vertex 75.7933 13.5278 31
      vertex 75.8429 13.4608 31
    endloop
  endfacet
  facet normal -0 0 1
    outer loop
      vertex 75.7504 14.4007 31
      vertex 75.7933 13.5278 31
      vertex 75.7933 14.4722 31
    endloop
  endfacet
  facet normal 0 0 1
    outer loop
      vertex 75.7504 14.4007 31
      vertex 75.7504 13.5993 31
      vertex 75.7933 13.5278 31
    endloop
  endfacet
  facet normal -0 0 1
    outer loop
      vertex 75.7147 14.3253 31
      vertex 75.7504 13.5993 31
      vertex 75.7504 14.4007 31
    endloop
  endfacet
  facet normal 0 0 1
    outer loop
      vertex 75.7147 14.3253 31
      vertex 75.7147 13.6747 31
      vertex 75.7504 13.5993 31
    endloop
  endfacet
  facet normal -0 0 1
    outer loop
      vertex 75.6866 14.2467 31
      vertex 75.7147 13.6747 31
      vertex 75.7147 14.3253 31
    endloop
  endfacet
  facet normal 0 0 1
    outer loop
      vertex 75.6866 14.2467 31
      vertex 75.6866 13.7533 31
      vertex 75.7147 13.6747 31
    endloop
  endfacet
  facet normal -0 0 1
    outer loop
      vertex 75.6663 14.1658 31
      vertex 75.6866 13.7533 31
      vertex 75.6866 14.2467 31
    endloop
  endfacet
  facet normal 0 0 1
    outer loop
      vertex 75.6663 14.1658 31
      vertex 75.6663 13.8342 31
      vertex 75.6866 13.7533 31
    endloop
  endfacet
  facet normal -0 0 1
    outer loop
      vertex 75.6541 14.0833 31
      vertex 75.6663 13.8342 31
      vertex 75.6663 14.1658 31
    endloop
  endfacet
  facet normal 0 0 1
    outer loop
      vertex 75.6541 14.0833 31
      vertex 75.6541 13.9167 31
      vertex 75.6663 13.8342 31
    endloop
  endfacet
  facet normal 0 -0 1
    outer loop
      vertex 75.6541 13.9167 31
      vertex 75.6541 14.0833 31
      vertex 75.65 14 31
    endloop
  endfacet
  facet normal 0.740428 0.672136 0
    outer loop
      vertex 75.899 13.399 41
      vertex 75.8429 13.4608 31
      vertex 75.8429 13.4608 41
    endloop
  endfacet
  facet normal 0.740428 0.672136 0
    outer loop
      vertex 75.8429 13.4608 31
      vertex 75.899 13.399 41
      vertex 75.899 13.399 31
    endloop
  endfacet
  facet normal -0.740428 0.672136 0
    outer loop
      vertex 77.101 13.399 31
      vertex 77.1571 13.4608 41
      vertex 77.1571 13.4608 31
    endloop
  endfacet
  facet normal -0.740428 0.672136 0
    outer loop
      vertex 77.1571 13.4608 41
      vertex 77.101 13.399 31
      vertex 77.101 13.399 41
    endloop
  endfacet
  facet normal 0.941633 0.33664 0
    outer loop
      vertex 75.7147 13.6747 41
      vertex 75.6866 13.7533 31
      vertex 75.6866 13.7533 41
    endloop
  endfacet
  facet normal 0.941633 0.33664 0
    outer loop
      vertex 75.6866 13.7533 31
      vertex 75.7147 13.6747 41
      vertex 75.7147 13.6747 31
    endloop
  endfacet
  facet normal 0.427932 -0.903811 0
    outer loop
      vertex 76.0993 14.7496 31
      vertex 76.1747 14.7853 41
      vertex 76.0993 14.7496 41
    endloop
  endfacet
  facet normal 0.427932 -0.903811 0
    outer loop
      vertex 76.1747 14.7853 41
      vertex 76.0993 14.7496 31
      vertex 76.1747 14.7853 31
    endloop
  endfacet
  facet normal 0.903811 0.427932 0
    outer loop
      vertex 75.7504 13.5993 41
      vertex 75.7147 13.6747 31
      vertex 75.7147 13.6747 41
    endloop
  endfacet
  facet normal 0.903811 0.427932 0
    outer loop
      vertex 75.7147 13.6747 31
      vertex 75.7504 13.5993 41
      vertex 75.7504 13.5993 31
    endloop
  endfacet
  facet normal 0.998791 0.0491602 0
    outer loop
      vertex 75.6541 13.9167 41
      vertex 75.65 14 31
      vertex 75.65 14 41
    endloop
  endfacet
  facet normal 0.998791 0.0491602 0
    outer loop
      vertex 75.65 14 31
      vertex 75.6541 13.9167 41
      vertex 75.6541 13.9167 31
    endloop
  endfacet
  facet normal -0.969931 0.243382 0
    outer loop
      vertex 77.3134 13.7533 31
      vertex 77.3337 13.8342 41
      vertex 77.3337 13.8342 31
    endloop
  endfacet
  facet normal -0.969931 0.243382 0
    outer loop
      vertex 77.3337 13.8342 41
      vertex 77.3134 13.7533 31
      vertex 77.3134 13.7533 41
    endloop
  endfacet
  facet normal 0.857493 0.514496 0
    outer loop
      vertex 75.7933 13.5278 41
      vertex 75.7504 13.5993 31
      vertex 75.7504 13.5993 41
    endloop
  endfacet
  facet normal 0.857493 0.514496 0
    outer loop
      vertex 75.7504 13.5993 31
      vertex 75.7933 13.5278 41
      vertex 75.7933 13.5278 31
    endloop
  endfacet
  facet normal -0.803727 0.594998 0
    outer loop
      vertex 77.1571 13.4608 31
      vertex 77.2067 13.5278 41
      vertex 77.2067 13.5278 31
    endloop
  endfacet
  facet normal -0.803727 0.594998 0
    outer loop
      vertex 77.2067 13.5278 41
      vertex 77.1571 13.4608 31
      vertex 77.1571 13.4608 41
    endloop
  endfacet
  facet normal 0.594998 0.803727 -0
    outer loop
      vertex 76.0278 13.2933 31
      vertex 75.9608 13.3429 41
      vertex 76.0278 13.2933 41
    endloop
  endfacet
  facet normal 0.594998 0.803727 0
    outer loop
      vertex 75.9608 13.3429 41
      vertex 76.0278 13.2933 31
      vertex 75.9608 13.3429 31
    endloop
  endfacet
  facet normal 0.0491602 0.998791 -0
    outer loop
      vertex 76.5 13.15 31
      vertex 76.4167 13.1541 41
      vertex 76.5 13.15 41
    endloop
  endfacet
  facet normal 0.0491602 0.998791 0
    outer loop
      vertex 76.4167 13.1541 41
      vertex 76.5 13.15 31
      vertex 76.4167 13.1541 31
    endloop
  endfacet
  facet normal -0.594998 0.803727 0
    outer loop
      vertex 77.0392 13.3429 31
      vertex 76.9722 13.2933 41
      vertex 77.0392 13.3429 41
    endloop
  endfacet
  facet normal -0.594998 0.803727 0
    outer loop
      vertex 76.9722 13.2933 41
      vertex 77.0392 13.3429 31
      vertex 76.9722 13.2933 31
    endloop
  endfacet
  facet normal 0.989242 0.146288 0
    outer loop
      vertex 75.6663 13.8342 41
      vertex 75.6541 13.9167 31
      vertex 75.6541 13.9167 41
    endloop
  endfacet
  facet normal 0.989242 0.146288 0
    outer loop
      vertex 75.6541 13.9167 31
      vertex 75.6663 13.8342 41
      vertex 75.6663 13.8342 31
    endloop
  endfacet
  facet normal 0.857493 -0.514496 0
    outer loop
      vertex 75.7504 14.4007 41
      vertex 75.7933 14.4722 31
      vertex 75.7933 14.4722 41
    endloop
  endfacet
  facet normal 0.857493 -0.514496 0
    outer loop
      vertex 75.7933 14.4722 31
      vertex 75.7504 14.4007 41
      vertex 75.7504 14.4007 31
    endloop
  endfacet
  facet normal -0.672136 0.740428 0
    outer loop
      vertex 77.101 13.399 31
      vertex 77.0392 13.3429 41
      vertex 77.101 13.399 41
    endloop
  endfacet
  facet normal -0.672136 0.740428 0
    outer loop
      vertex 77.0392 13.3429 41
      vertex 77.101 13.399 31
      vertex 77.0392 13.3429 31
    endloop
  endfacet
  facet normal 0.514496 -0.857493 0
    outer loop
      vertex 76.0278 14.7067 31
      vertex 76.0993 14.7496 41
      vertex 76.0278 14.7067 41
    endloop
  endfacet
  facet normal 0.514496 -0.857493 0
    outer loop
      vertex 76.0993 14.7496 41
      vertex 76.0278 14.7067 31
      vertex 76.0993 14.7496 31
    endloop
  endfacet
  facet normal -0.33664 0.941633 0
    outer loop
      vertex 76.8253 13.2147 31
      vertex 76.7467 13.1866 41
      vertex 76.8253 13.2147 41
    endloop
  endfacet
  facet normal -0.33664 0.941633 0
    outer loop
      vertex 76.7467 13.1866 41
      vertex 76.8253 13.2147 31
      vertex 76.7467 13.1866 31
    endloop
  endfacet
  facet normal 0.803727 -0.594998 0
    outer loop
      vertex 75.7933 14.4722 41
      vertex 75.8429 14.5392 31
      vertex 75.8429 14.5392 41
    endloop
  endfacet
  facet normal 0.803727 -0.594998 0
    outer loop
      vertex 75.8429 14.5392 31
      vertex 75.7933 14.4722 41
      vertex 75.7933 14.4722 31
    endloop
  endfacet
  facet normal -0.243382 -0.969931 0
    outer loop
      vertex 76.6658 14.8337 31
      vertex 76.7467 14.8134 41
      vertex 76.6658 14.8337 41
    endloop
  endfacet
  facet normal -0.243382 -0.969931 -0
    outer loop
      vertex 76.7467 14.8134 41
      vertex 76.6658 14.8337 31
      vertex 76.7467 14.8134 31
    endloop
  endfacet
  facet normal -0.243382 0.969931 0
    outer loop
      vertex 76.7467 13.1866 31
      vertex 76.6658 13.1663 41
      vertex 76.7467 13.1866 41
    endloop
  endfacet
  facet normal -0.243382 0.969931 0
    outer loop
      vertex 76.6658 13.1663 41
      vertex 76.7467 13.1866 31
      vertex 76.6658 13.1663 31
    endloop
  endfacet
  facet normal 0.903811 -0.427932 0
    outer loop
      vertex 75.7147 14.3253 41
      vertex 75.7504 14.4007 31
      vertex 75.7504 14.4007 41
    endloop
  endfacet
  facet normal 0.903811 -0.427932 0
    outer loop
      vertex 75.7504 14.4007 31
      vertex 75.7147 14.3253 41
      vertex 75.7147 14.3253 31
    endloop
  endfacet
  facet normal 0.514496 0.857493 -0
    outer loop
      vertex 76.0993 13.2504 31
      vertex 76.0278 13.2933 41
      vertex 76.0993 13.2504 41
    endloop
  endfacet
  facet normal 0.514496 0.857493 0
    outer loop
      vertex 76.0278 13.2933 41
      vertex 76.0993 13.2504 31
      vertex 76.0278 13.2933 31
    endloop
  endfacet
  facet normal 0.707107 0.707107 0
    outer loop
      vertex -8.37922 -10.0056 10.8
      vertex -10.0056 -8.37922 9.3
      vertex -10.0056 -8.37922 10.8
    endloop
  endfacet
  facet normal 0.707107 0.707107 0
    outer loop
      vertex -10.0056 -8.37922 9.3
      vertex -8.37922 -10.0056 10.8
      vertex -8.37922 -10.0056 9.3
    endloop
  endfacet
  facet normal 0.707107 -0.707107 0
    outer loop
      vertex -10.0056 -8.37922 10.8
      vertex 8.37922 10.0056 9.3
      vertex 8.37922 10.0056 10.8
    endloop
  endfacet
  facet normal 0.707107 -0.707107 0
    outer loop
      vertex 8.37922 10.0056 9.3
      vertex -10.0056 -8.37922 10.8
      vertex -10.0056 -8.37922 9.3
    endloop
  endfacet
  facet normal 0 0 1
    outer loop
      vertex 8.37922 10.0056 9.3
      vertex -8.37922 -10.0056 9.3
      vertex 10.0056 8.37922 9.3
    endloop
  endfacet
  facet normal 0 -0 1
    outer loop
      vertex -8.37922 -10.0056 9.3
      vertex 8.37922 10.0056 9.3
      vertex -10.0056 -8.37922 9.3
    endloop
  endfacet
  facet normal -0.707107 0.707107 0
    outer loop
      vertex -8.37922 -10.0056 9.3
      vertex 10.0056 8.37922 10.8
      vertex 10.0056 8.37922 9.3
    endloop
  endfacet
  facet normal -0.707107 0.707107 0
    outer loop
      vertex 10.0056 8.37922 10.8
      vertex -8.37922 -10.0056 9.3
      vertex -8.37922 -10.0056 10.8
    endloop
  endfacet
  facet normal -0.707107 -0.707107 0
    outer loop
      vertex 10.0056 8.37922 9.3
      vertex 8.37922 10.0056 10.8
      vertex 8.37922 10.0056 9.3
    endloop
  endfacet
  facet normal -0.707107 -0.707107 0
    outer loop
      vertex 8.37922 10.0056 10.8
      vertex 10.0056 8.37922 9.3
      vertex 10.0056 8.37922 10.8
    endloop
  endfacet
  facet normal 0 -0.514103 0.857728
    outer loop
      vertex 15.8 9.61136 7.61559
      vertex 20.2 8.15515 6.74277
      vertex 20.2 9.61136 7.61559
    endloop
  endfacet
  facet normal 0 -0.514103 0.857728
    outer loop
      vertex 20.2 8.15515 6.74277
      vertex 15.8 9.61136 7.61559
      vertex 15.8 8.15515 6.74277
    endloop
  endfacet
  facet normal -0 0.671574 0.740938
    outer loop
      vertex 15.8 -10.975 8.62692
      vertex 20.2 -12.2329 9.76706
      vertex 20.2 -10.975 8.62692
    endloop
  endfacet
  facet normal 0 0.671574 0.740938
    outer loop
      vertex 20.2 -12.2329 9.76706
      vertex 15.8 -10.975 8.62692
      vertex 15.8 -12.2329 9.76706
    endloop
  endfacet
  facet normal 0 0.740931 0.671581
    outer loop
      vertex 20.2 -12.2329 9.76706
      vertex 15.8 -13.3731 11.025
      vertex 20.2 -13.3731 11.025
    endloop
  endfacet
  facet normal 0 0.740931 0.671581
    outer loop
      vertex 15.8 -13.3731 11.025
      vertex 20.2 -12.2329 9.76706
      vertex 15.8 -12.2329 9.76706
    endloop
  endfacet
  facet normal 0 -0.595694 0.803212
    outer loop
      vertex 15.8 10.975 8.62692
      vertex 20.2 9.61136 7.61559
      vertex 20.2 10.975 8.62692
    endloop
  endfacet
  facet normal 0 -0.595694 0.803212
    outer loop
      vertex 20.2 9.61136 7.61559
      vertex 15.8 10.975 8.62692
      vertex 15.8 9.61136 7.61559
    endloop
  endfacet
  facet normal 0 1 -0
    outer loop
      vertex 20.2 -17.3 22
      vertex 15.8 -17.3 41
      vertex 20.2 -17.3 41
    endloop
  endfacet
  facet normal 0 1 0
    outer loop
      vertex 15.8 -17.3 41
      vertex 20.2 -17.3 22
      vertex 15.8 -17.3 22
    endloop
  endfacet
  facet normal 0 0.857732 0.514097
    outer loop
      vertex 20.2 -14.3844 12.3886
      vertex 15.8 -15.2572 13.8448
      vertex 20.2 -15.2572 13.8448
    endloop
  endfacet
  facet normal 0 0.857732 0.514097
    outer loop
      vertex 15.8 -15.2572 13.8448
      vertex 20.2 -14.3844 12.3886
      vertex 15.8 -14.3844 12.3886
    endloop
  endfacet
  facet normal 0 -0.671574 0.740938
    outer loop
      vertex 15.8 12.2329 9.76706
      vertex 20.2 10.975 8.62692
      vertex 20.2 12.2329 9.76706
    endloop
  endfacet
  facet normal 0 -0.671574 0.740938
    outer loop
      vertex 20.2 10.975 8.62692
      vertex 15.8 12.2329 9.76706
      vertex 15.8 10.975 8.62692
    endloop
  endfacet
  facet normal -0 0.595694 0.803212
    outer loop
      vertex 15.8 -9.61136 7.61559
      vertex 20.2 -10.975 8.62692
      vertex 20.2 -9.61136 7.61559
    endloop
  endfacet
  facet normal 0 0.595694 0.803212
    outer loop
      vertex 20.2 -10.975 8.62692
      vertex 15.8 -9.61136 7.61559
      vertex 15.8 -10.975 8.62692
    endloop
  endfacet
  facet normal 0 -0.998796 0.0490651
    outer loop
      vertex 15.8 17.2167 20.3043
      vertex 20.2 17.3 22
      vertex 15.8 17.3 22
    endloop
  endfacet
  facet normal 0 -0.998796 0.0490651
    outer loop
      vertex 20.2 17.3 22
      vertex 15.8 17.2167 20.3043
      vertex 20.2 17.2167 20.3043
    endloop
  endfacet
  facet normal -0 0.427558 0.903988
    outer loop
      vertex 15.8 -6.62042 6.01689
      vertex 20.2 -8.15515 6.74277
      vertex 20.2 -6.62042 6.01689
    endloop
  endfacet
  facet normal 0 0.427558 0.903988
    outer loop
      vertex 20.2 -8.15515 6.74277
      vertex 15.8 -6.62042 6.01689
      vertex 15.8 -8.15515 6.74277
    endloop
  endfacet
  facet normal 0 0.941535 0.336915
    outer loop
      vertex 20.2 -15.9831 15.3796
      vertex 15.8 -16.5551 16.9781
      vertex 20.2 -16.5551 16.9781
    endloop
  endfacet
  facet normal 0 0.941535 0.336915
    outer loop
      vertex 15.8 -16.5551 16.9781
      vertex 20.2 -15.9831 15.3796
      vertex 15.8 -15.9831 15.3796
    endloop
  endfacet
  facet normal 0 -0.14673 0.989177
    outer loop
      vertex 15.8 3.37506 5.03242
      vertex 20.2 1.69569 4.78331
      vertex 20.2 3.37506 5.03242
    endloop
  endfacet
  facet normal 0 -0.14673 0.989177
    outer loop
      vertex 20.2 1.69569 4.78331
      vertex 15.8 3.37506 5.03242
      vertex 15.8 1.69569 4.78331
    endloop
  endfacet
  facet normal 0 -0.903991 0.427552
    outer loop
      vertex 15.8 15.2572 13.8448
      vertex 20.2 15.9831 15.3796
      vertex 15.8 15.9831 15.3796
    endloop
  endfacet
  facet normal 0 -0.903991 0.427552
    outer loop
      vertex 20.2 15.9831 15.3796
      vertex 15.8 15.2572 13.8448
      vertex 20.2 15.2572 13.8448
    endloop
  endfacet
  facet normal 0 -0.857732 0.514097
    outer loop
      vertex 15.8 14.3844 12.3886
      vertex 20.2 15.2572 13.8448
      vertex 15.8 15.2572 13.8448
    endloop
  endfacet
  facet normal 0 -0.857732 0.514097
    outer loop
      vertex 20.2 15.2572 13.8448
      vertex 15.8 14.3844 12.3886
      vertex 20.2 14.3844 12.3886
    endloop
  endfacet
  facet normal 0 -1 0
    outer loop
      vertex 15.8 17.3 22
      vertex 20.2 17.3 41
      vertex 15.8 17.3 41
    endloop
  endfacet
  facet normal 0 -1 -0
    outer loop
      vertex 20.2 17.3 41
      vertex 15.8 17.3 22
      vertex 20.2 17.3 22
    endloop
  endfacet
  facet normal 0 -0.0490654 0.998796
    outer loop
      vertex 15.8 1.69569 4.78331
      vertex 20.2 0 4.70001
      vertex 20.2 1.69569 4.78331
    endloop
  endfacet
  facet normal 0 -0.0490654 0.998796
    outer loop
      vertex 20.2 0 4.70001
      vertex 15.8 1.69569 4.78331
      vertex 15.8 0 4.70001
    endloop
  endfacet
  facet normal 0 0.903991 0.427552
    outer loop
      vertex 20.2 -15.2572 13.8448
      vertex 15.8 -15.9831 15.3796
      vertex 20.2 -15.9831 15.3796
    endloop
  endfacet
  facet normal 0 0.903991 0.427552
    outer loop
      vertex 15.8 -15.9831 15.3796
      vertex 20.2 -15.2572 13.8448
      vertex 15.8 -15.2572 13.8448
    endloop
  endfacet
  facet normal 0 -0.941535 0.336915
    outer loop
      vertex 15.8 15.9831 15.3796
      vertex 20.2 16.5551 16.9781
      vertex 15.8 16.5551 16.9781
    endloop
  endfacet
  facet normal 0 -0.941535 0.336915
    outer loop
      vertex 20.2 16.5551 16.9781
      vertex 15.8 15.9831 15.3796
      vertex 20.2 15.9831 15.3796
    endloop
  endfacet
  facet normal 0 0.998796 0.0490651
    outer loop
      vertex 20.2 -17.2167 20.3043
      vertex 15.8 -17.3 22
      vertex 20.2 -17.3 22
    endloop
  endfacet
  facet normal 0 0.998796 0.0490651
    outer loop
      vertex 15.8 -17.3 22
      vertex 20.2 -17.2167 20.3043
      vertex 15.8 -17.2167 20.3043
    endloop
  endfacet
  facet normal 0 -0.740931 0.671581
    outer loop
      vertex 15.8 12.2329 9.76706
      vertex 20.2 13.3731 11.025
      vertex 15.8 13.3731 11.025
    endloop
  endfacet
  facet normal 0 -0.740931 0.671581
    outer loop
      vertex 20.2 13.3731 11.025
      vertex 15.8 12.2329 9.76706
      vertex 20.2 12.2329 9.76706
    endloop
  endfacet
  facet normal 0 -0.970032 0.242979
    outer loop
      vertex 15.8 16.5551 16.9781
      vertex 20.2 16.9676 18.6249
      vertex 15.8 16.9676 18.6249
    endloop
  endfacet
  facet normal 0 -0.970032 0.242979
    outer loop
      vertex 20.2 16.9676 18.6249
      vertex 15.8 16.5551 16.9781
      vertex 20.2 16.5551 16.9781
    endloop
  endfacet
  facet normal 0 -0.427558 0.903988
    outer loop
      vertex 15.8 8.15515 6.74277
      vertex 20.2 6.62042 6.01689
      vertex 20.2 8.15515 6.74277
    endloop
  endfacet
  facet normal 0 -0.427558 0.903988
    outer loop
      vertex 20.2 6.62042 6.01689
      vertex 15.8 8.15515 6.74277
      vertex 15.8 6.62042 6.01689
    endloop
  endfacet
  facet normal 0 0.989178 0.146722
    outer loop
      vertex 20.2 -16.9676 18.6249
      vertex 15.8 -17.2167 20.3043
      vertex 20.2 -17.2167 20.3043
    endloop
  endfacet
  facet normal 0 0.989178 0.146722
    outer loop
      vertex 15.8 -17.2167 20.3043
      vertex 20.2 -16.9676 18.6249
      vertex 15.8 -16.9676 18.6249
    endloop
  endfacet
  facet normal -0 0.242989 0.970029
    outer loop
      vertex 15.8 -3.37506 5.03242
      vertex 20.2 -5.02191 5.44495
      vertex 20.2 -3.37506 5.03242
    endloop
  endfacet
  facet normal 0 0.242989 0.970029
    outer loop
      vertex 20.2 -5.02191 5.44495
      vertex 15.8 -3.37506 5.03242
      vertex 15.8 -5.02191 5.44495
    endloop
  endfacet
  facet normal 0 -0.336881 0.941547
    outer loop
      vertex 15.8 6.62042 6.01689
      vertex 20.2 5.02191 5.44495
      vertex 20.2 6.62042 6.01689
    endloop
  endfacet
  facet normal 0 -0.336881 0.941547
    outer loop
      vertex 20.2 5.02191 5.44495
      vertex 15.8 6.62042 6.01689
      vertex 15.8 5.02191 5.44495
    endloop
  endfacet
  facet normal -0 0.0490654 0.998796
    outer loop
      vertex 15.8 0 4.70001
      vertex 20.2 -1.69569 4.78331
      vertex 20.2 0 4.70001
    endloop
  endfacet
  facet normal 0 0.0490654 0.998796
    outer loop
      vertex 20.2 -1.69569 4.78331
      vertex 15.8 0 4.70001
      vertex 15.8 -1.69569 4.78331
    endloop
  endfacet
  facet normal -0 0.336881 0.941547
    outer loop
      vertex 15.8 -5.02191 5.44495
      vertex 20.2 -6.62042 6.01689
      vertex 20.2 -5.02191 5.44495
    endloop
  endfacet
  facet normal 0 0.336881 0.941547
    outer loop
      vertex 20.2 -6.62042 6.01689
      vertex 15.8 -5.02191 5.44495
      vertex 15.8 -6.62042 6.01689
    endloop
  endfacet
  facet normal 0 0.803212 0.595694
    outer loop
      vertex 20.2 -13.3731 11.025
      vertex 15.8 -14.3844 12.3886
      vertex 20.2 -14.3844 12.3886
    endloop
  endfacet
  facet normal 0 0.803212 0.595694
    outer loop
      vertex 15.8 -14.3844 12.3886
      vertex 20.2 -13.3731 11.025
      vertex 15.8 -13.3731 11.025
    endloop
  endfacet
  facet normal -0 0.514103 0.857728
    outer loop
      vertex 15.8 -8.15515 6.74277
      vertex 20.2 -9.61136 7.61559
      vertex 20.2 -8.15515 6.74277
    endloop
  endfacet
  facet normal 0 0.514103 0.857728
    outer loop
      vertex 20.2 -9.61136 7.61559
      vertex 15.8 -8.15515 6.74277
      vertex 15.8 -9.61136 7.61559
    endloop
  endfacet
  facet normal -1 0 0
    outer loop
      vertex 20.2 17.2167 20.3043
      vertex 20.2 15.6244 20.4611
      vertex 20.2 15.7 22
    endloop
  endfacet
  facet normal -1 0 0
    outer loop
      vertex 20.2 16.5551 16.9781
      vertex 20.2 15.3983 18.9371
      vertex 20.2 15.6244 20.4611
    endloop
  endfacet
  facet normal -1 0 0
    outer loop
      vertex 20.2 14.5049 15.9919
      vertex 20.2 15.9831 15.3796
      vertex 20.2 15.2572 13.8448
    endloop
  endfacet
  facet normal -1 0 0
    outer loop
      vertex 20.2 16.5551 16.9781
      vertex 20.2 15.024 17.4425
      vertex 20.2 15.3983 18.9371
    endloop
  endfacet
  facet normal -1 0 0
    outer loop
      vertex 20.2 15.9831 15.3796
      vertex 20.2 14.5049 15.9919
      vertex 20.2 15.024 17.4425
    endloop
  endfacet
  facet normal -1 0 0
    outer loop
      vertex 20.2 13.8462 14.5991
      vertex 20.2 15.2572 13.8448
      vertex 20.2 14.3844 12.3886
    endloop
  endfacet
  facet normal -1 0 0
    outer loop
      vertex 20.2 15.2572 13.8448
      vertex 20.2 13.8462 14.5991
      vertex 20.2 14.5049 15.9919
    endloop
  endfacet
  facet normal -1 0 0
    outer loop
      vertex 20.2 13.0541 13.2776
      vertex 20.2 14.3844 12.3886
      vertex 20.2 13.3731 11.025
    endloop
  endfacet
  facet normal -1 0 0
    outer loop
      vertex 20.2 14.3844 12.3886
      vertex 20.2 13.0541 13.2776
      vertex 20.2 13.8462 14.5991
    endloop
  endfacet
  facet normal -1 0 0
    outer loop
      vertex 20.2 12.1363 12.04
      vertex 20.2 13.3731 11.025
      vertex 20.2 12.2329 9.76706
    endloop
  endfacet
  facet normal -1 0 0
    outer loop
      vertex 20.2 13.3731 11.025
      vertex 20.2 12.1363 12.04
      vertex 20.2 13.0541 13.2776
    endloop
  endfacet
  facet normal -1 0 0
    outer loop
      vertex 20.2 12.2329 9.76706
      vertex 20.2 11.1016 10.8984
      vertex 20.2 12.1363 12.04
    endloop
  endfacet
  facet normal -1 0 0
    outer loop
      vertex 20.2 10.975 8.62692
      vertex 20.2 11.1016 10.8984
      vertex 20.2 12.2329 9.76706
    endloop
  endfacet
  facet normal -1 0 0
    outer loop
      vertex 20.2 10.975 8.62692
      vertex 20.2 9.95996 9.86374
      vertex 20.2 11.1016 10.8984
    endloop
  endfacet
  facet normal -1 0 0
    outer loop
      vertex 20.2 9.61136 7.61559
      vertex 20.2 9.95996 9.86374
      vertex 20.2 10.975 8.62692
    endloop
  endfacet
  facet normal -1 0 0
    outer loop
      vertex 20.2 9.61136 7.61559
      vertex 20.2 8.72244 8.94594
      vertex 20.2 9.95996 9.86374
    endloop
  endfacet
  facet normal -1 0 0
    outer loop
      vertex 20.2 8.15515 6.74277
      vertex 20.2 8.72244 8.94594
      vertex 20.2 9.61136 7.61559
    endloop
  endfacet
  facet normal -1 0 0
    outer loop
      vertex 20.2 8.15515 6.74277
      vertex 20.2 7.40092 8.15384
      vertex 20.2 8.72244 8.94594
    endloop
  endfacet
  facet normal -1 0 0
    outer loop
      vertex 20.2 6.62042 6.01689
      vertex 20.2 7.40092 8.15384
      vertex 20.2 8.15515 6.74277
    endloop
  endfacet
  facet normal -1 0 0
    outer loop
      vertex 20.2 6.62042 6.01689
      vertex 20.2 6.00812 7.4951
      vertex 20.2 7.40092 8.15384
    endloop
  endfacet
  facet normal -1 0 0
    outer loop
      vertex 20.2 5.02191 5.44495
      vertex 20.2 6.00812 7.4951
      vertex 20.2 6.62042 6.01689
    endloop
  endfacet
  facet normal -1 0 0
    outer loop
      vertex 20.2 5.02191 5.44495
      vertex 20.2 4.55746 6.97604
      vertex 20.2 6.00812 7.4951
    endloop
  endfacet
  facet normal -1 0 0
    outer loop
      vertex 20.2 3.37506 5.03242
      vertex 20.2 4.55746 6.97604
      vertex 20.2 5.02191 5.44495
    endloop
  endfacet
  facet normal -1 0 0
    outer loop
      vertex 20.2 3.37506 5.03242
      vertex 20.2 3.06291 6.60168
      vertex 20.2 4.55746 6.97604
    endloop
  endfacet
  facet normal -1 0 0
    outer loop
      vertex 20.2 1.69569 4.78331
      vertex 20.2 3.06291 6.60168
      vertex 20.2 3.37506 5.03242
    endloop
  endfacet
  facet normal -1 0 0
    outer loop
      vertex 20.2 1.69569 4.78331
      vertex 20.2 1.53886 6.37561
      vertex 20.2 3.06291 6.60168
    endloop
  endfacet
  facet normal -1 0 0
    outer loop
      vertex 20.2 0 4.70001
      vertex 20.2 1.53886 6.37561
      vertex 20.2 1.69569 4.78331
    endloop
  endfacet
  facet normal -1 0 0
    outer loop
      vertex 20.2 0 4.70001
      vertex 20.2 0 6.3
      vertex 20.2 1.53886 6.37561
    endloop
  endfacet
  facet normal -1 0 0
    outer loop
      vertex 20.2 0 4.70001
      vertex 20.2 -1.53886 6.37561
      vertex 20.2 0 6.3
    endloop
  endfacet
  facet normal -1 0 0
    outer loop
      vertex 20.2 -1.69569 4.78331
      vertex 20.2 -1.53886 6.37561
      vertex 20.2 0 4.70001
    endloop
  endfacet
  facet normal -1 0 0
    outer loop
      vertex 20.2 -1.69569 4.78331
      vertex 20.2 -3.06291 6.60168
      vertex 20.2 -1.53886 6.37561
    endloop
  endfacet
  facet normal -1 0 0
    outer loop
      vertex 20.2 -3.37506 5.03242
      vertex 20.2 -3.06291 6.60168
      vertex 20.2 -1.69569 4.78331
    endloop
  endfacet
  facet normal -1 0 0
    outer loop
      vertex 20.2 -3.37506 5.03242
      vertex 20.2 -4.55746 6.97604
      vertex 20.2 -3.06291 6.60168
    endloop
  endfacet
  facet normal -1 0 0
    outer loop
      vertex 20.2 -5.02191 5.44495
      vertex 20.2 -4.55746 6.97604
      vertex 20.2 -3.37506 5.03242
    endloop
  endfacet
  facet normal -1 0 0
    outer loop
      vertex 20.2 -5.02191 5.44495
      vertex 20.2 -6.00812 7.4951
      vertex 20.2 -4.55746 6.97604
    endloop
  endfacet
  facet normal -1 0 0
    outer loop
      vertex 20.2 -6.62042 6.01689
      vertex 20.2 -6.00812 7.4951
      vertex 20.2 -5.02191 5.44495
    endloop
  endfacet
  facet normal -1 0 0
    outer loop
      vertex 20.2 -6.62042 6.01689
      vertex 20.2 -7.40092 8.15384
      vertex 20.2 -6.00812 7.4951
    endloop
  endfacet
  facet normal -1 0 0
    outer loop
      vertex 20.2 -8.15515 6.74277
      vertex 20.2 -7.40092 8.15384
      vertex 20.2 -6.62042 6.01689
    endloop
  endfacet
  facet normal -1 0 0
    outer loop
      vertex 20.2 -8.15515 6.74277
      vertex 20.2 -8.72244 8.94594
      vertex 20.2 -7.40092 8.15384
    endloop
  endfacet
  facet normal -1 0 0
    outer loop
      vertex 20.2 -9.61136 7.61559
      vertex 20.2 -8.72244 8.94594
      vertex 20.2 -8.15515 6.74277
    endloop
  endfacet
  facet normal -1 0 0
    outer loop
      vertex 20.2 -9.61136 7.61559
      vertex 20.2 -9.95996 9.86374
      vertex 20.2 -8.72244 8.94594
    endloop
  endfacet
  facet normal -1 0 0
    outer loop
      vertex 20.2 -10.975 8.62692
      vertex 20.2 -9.95996 9.86374
      vertex 20.2 -9.61136 7.61559
    endloop
  endfacet
  facet normal -1 0 0
    outer loop
      vertex 20.2 -10.975 8.62692
      vertex 20.2 -11.1016 10.8984
      vertex 20.2 -9.95996 9.86374
    endloop
  endfacet
  facet normal -1 0 0
    outer loop
      vertex 20.2 -12.2329 9.76706
      vertex 20.2 -11.1016 10.8984
      vertex 20.2 -10.975 8.62692
    endloop
  endfacet
  facet normal -1 -0 0
    outer loop
      vertex 20.2 -11.1016 10.8984
      vertex 20.2 -12.2329 9.76706
      vertex 20.2 -12.1363 12.04
    endloop
  endfacet
  facet normal -1 0 0
    outer loop
      vertex 20.2 -13.3731 11.025
      vertex 20.2 -12.1363 12.04
      vertex 20.2 -12.2329 9.76706
    endloop
  endfacet
  facet normal -1 -0 0
    outer loop
      vertex 20.2 -12.1363 12.04
      vertex 20.2 -13.3731 11.025
      vertex 20.2 -13.0541 13.2776
    endloop
  endfacet
  facet normal -1 0 0
    outer loop
      vertex 20.2 -14.3844 12.3886
      vertex 20.2 -13.0541 13.2776
      vertex 20.2 -13.3731 11.025
    endloop
  endfacet
  facet normal -1 -0 0
    outer loop
      vertex 20.2 -13.0541 13.2776
      vertex 20.2 -14.3844 12.3886
      vertex 20.2 -13.8462 14.5991
    endloop
  endfacet
  facet normal -1 0 0
    outer loop
      vertex 20.2 -15.2572 13.8448
      vertex 20.2 -13.8462 14.5991
      vertex 20.2 -14.3844 12.3886
    endloop
  endfacet
  facet normal -1 -0 0
    outer loop
      vertex 20.2 -13.8462 14.5991
      vertex 20.2 -15.2572 13.8448
      vertex 20.2 -14.5049 15.9919
    endloop
  endfacet
  facet normal -1 0 0
    outer loop
      vertex 20.2 -15.9831 15.3796
      vertex 20.2 -14.5049 15.9919
      vertex 20.2 -15.2572 13.8448
    endloop
  endfacet
  facet normal -1 -0 0
    outer loop
      vertex 20.2 -14.5049 15.9919
      vertex 20.2 -15.9831 15.3796
      vertex 20.2 -15.024 17.4425
    endloop
  endfacet
  facet normal -1 0 0
    outer loop
      vertex 20.2 -16.5551 16.9781
      vertex 20.2 -15.024 17.4425
      vertex 20.2 -15.9831 15.3796
    endloop
  endfacet
  facet normal -1 -0 0
    outer loop
      vertex 20.2 -15.024 17.4425
      vertex 20.2 -16.5551 16.9781
      vertex 20.2 -15.3983 18.9371
    endloop
  endfacet
  facet normal -1 0 0
    outer loop
      vertex 20.2 -16.9676 18.6249
      vertex 20.2 -15.3983 18.9371
      vertex 20.2 -16.5551 16.9781
    endloop
  endfacet
  facet normal -1 -0 0
    outer loop
      vertex 20.2 -15.3983 18.9371
      vertex 20.2 -16.9676 18.6249
      vertex 20.2 -15.6244 20.4611
    endloop
  endfacet
  facet normal -1 0 0
    outer loop
      vertex 20.2 -17.2167 20.3043
      vertex 20.2 -15.6244 20.4611
      vertex 20.2 -16.9676 18.6249
    endloop
  endfacet
  facet normal -1 -0 0
    outer loop
      vertex 20.2 -15.6244 20.4611
      vertex 20.2 -17.2167 20.3043
      vertex 20.2 -15.7 22
    endloop
  endfacet
  facet normal -1 -0 0
    outer loop
      vertex 20.2 -15.7 22
      vertex 20.2 -17.2167 20.3043
      vertex 20.2 -17.3 22
    endloop
  endfacet
  facet normal -1 0 0
    outer loop
      vertex 20.2 -15.7 22
      vertex 20.2 -17.3 22
      vertex 20.2 -15.7 41
    endloop
  endfacet
  facet normal -1 -0 0
    outer loop
      vertex 20.2 -15.7 41
      vertex 20.2 -17.3 22
      vertex 20.2 -17.3 41
    endloop
  endfacet
  facet normal -1 0 0
    outer loop
      vertex 20.2 15.7 22
      vertex 20.2 17.3 22
      vertex 20.2 17.2167 20.3043
    endloop
  endfacet
  facet normal -1 0 0
    outer loop
      vertex 20.2 15.6244 20.4611
      vertex 20.2 17.2167 20.3043
      vertex 20.2 16.9676 18.6249
    endloop
  endfacet
  facet normal -1 0 0
    outer loop
      vertex 20.2 15.6244 20.4611
      vertex 20.2 16.9676 18.6249
      vertex 20.2 16.5551 16.9781
    endloop
  endfacet
  facet normal -1 0 0
    outer loop
      vertex 20.2 15.024 17.4425
      vertex 20.2 16.5551 16.9781
      vertex 20.2 15.9831 15.3796
    endloop
  endfacet
  facet normal -1 0 0
    outer loop
      vertex 20.2 17.3 22
      vertex 20.2 15.7 22
      vertex 20.2 17.3 41
    endloop
  endfacet
  facet normal -1 -0 0
    outer loop
      vertex 20.2 17.3 41
      vertex 20.2 15.7 22
      vertex 20.2 15.7 41
    endloop
  endfacet
  facet normal 0 -0.803212 0.595694
    outer loop
      vertex 15.8 13.3731 11.025
      vertex 20.2 14.3844 12.3886
      vertex 15.8 14.3844 12.3886
    endloop
  endfacet
  facet normal 0 -0.803212 0.595694
    outer loop
      vertex 20.2 14.3844 12.3886
      vertex 15.8 13.3731 11.025
      vertex 20.2 13.3731 11.025
    endloop
  endfacet
  facet normal 0 -0.989178 0.146722
    outer loop
      vertex 15.8 16.9676 18.6249
      vertex 20.2 17.2167 20.3043
      vertex 15.8 17.2167 20.3043
    endloop
  endfacet
  facet normal 0 -0.989178 0.146722
    outer loop
      vertex 20.2 17.2167 20.3043
      vertex 15.8 16.9676 18.6249
      vertex 20.2 16.9676 18.6249
    endloop
  endfacet
  facet normal 0 0.970032 0.242979
    outer loop
      vertex 20.2 -16.5551 16.9781
      vertex 15.8 -16.9676 18.6249
      vertex 20.2 -16.9676 18.6249
    endloop
  endfacet
  facet normal 0 0.970032 0.242979
    outer loop
      vertex 15.8 -16.9676 18.6249
      vertex 20.2 -16.5551 16.9781
      vertex 15.8 -16.5551 16.9781
    endloop
  endfacet
  facet normal 1 0 0
    outer loop
      vertex 15.8 -17.3 22
      vertex 15.8 -15.7 22
      vertex 15.8 -15.7 41
    endloop
  endfacet
  facet normal 1 0 -0
    outer loop
      vertex 15.8 -17.2167 20.3043
      vertex 15.8 -15.7 22
      vertex 15.8 -17.3 22
    endloop
  endfacet
  facet normal 1 0 0
    outer loop
      vertex 15.8 -15.7 22
      vertex 15.8 -16.5551 16.9781
      vertex 15.8 -15.9831 15.3796
    endloop
  endfacet
  facet normal 1 0 0
    outer loop
      vertex 15.8 -15.7 22
      vertex 15.8 -16.9676 18.6249
      vertex 15.8 -16.5551 16.9781
    endloop
  endfacet
  facet normal 1 0 0
    outer loop
      vertex 15.8 -17.3 22
      vertex 15.8 -15.7 41
      vertex 15.8 -17.3 41
    endloop
  endfacet
  facet normal 1 0 0
    outer loop
      vertex 15.8 -15.7 22
      vertex 15.8 -17.2167 20.3043
      vertex 15.8 -16.9676 18.6249
    endloop
  endfacet
  facet normal 1 0 0
    outer loop
      vertex 15.8 15.7 22
      vertex 15.8 17.3 22
      vertex 15.8 17.3 41
    endloop
  endfacet
  facet normal 1 0 0
    outer loop
      vertex 15.8 17.3 22
      vertex 15.8 15.7 22
      vertex 15.8 17.2167 20.3043
    endloop
  endfacet
  facet normal 1 -0 0
    outer loop
      vertex 15.8 15.6244 20.4611
      vertex 15.8 17.2167 20.3043
      vertex 15.8 15.7 22
    endloop
  endfacet
  facet normal 1 0 0
    outer loop
      vertex 15.8 17.2167 20.3043
      vertex 15.8 15.6244 20.4611
      vertex 15.8 16.9676 18.6249
    endloop
  endfacet
  facet normal 1 0 0
    outer loop
      vertex 15.8 15.7 22
      vertex 15.8 17.3 41
      vertex 15.8 15.7 41
    endloop
  endfacet
  facet normal 1 -0 0
    outer loop
      vertex 15.8 15.3983 18.9371
      vertex 15.8 16.9676 18.6249
      vertex 15.8 15.6244 20.4611
    endloop
  endfacet
  facet normal 1 0 0
    outer loop
      vertex 15.8 16.9676 18.6249
      vertex 15.8 15.3983 18.9371
      vertex 15.8 16.5551 16.9781
    endloop
  endfacet
  facet normal 1 -0 0
    outer loop
      vertex 15.8 15.024 17.4425
      vertex 15.8 16.5551 16.9781
      vertex 15.8 15.3983 18.9371
    endloop
  endfacet
  facet normal 1 0 0
    outer loop
      vertex 15.8 16.5551 16.9781
      vertex 15.8 15.024 17.4425
      vertex 15.8 15.9831 15.3796
    endloop
  endfacet
  facet normal 1 -0 0
    outer loop
      vertex 15.8 14.5049 15.9919
      vertex 15.8 15.9831 15.3796
      vertex 15.8 15.024 17.4425
    endloop
  endfacet
  facet normal 1 0 0
    outer loop
      vertex 15.8 15.9831 15.3796
      vertex 15.8 14.5049 15.9919
      vertex 15.8 15.2572 13.8448
    endloop
  endfacet
  facet normal 1 -0 0
    outer loop
      vertex 15.8 13.8462 14.5991
      vertex 15.8 15.2572 13.8448
      vertex 15.8 14.5049 15.9919
    endloop
  endfacet
  facet normal 1 0 0
    outer loop
      vertex 15.8 15.2572 13.8448
      vertex 15.8 13.8462 14.5991
      vertex 15.8 14.3844 12.3886
    endloop
  endfacet
  facet normal 1 -0 0
    outer loop
      vertex 15.8 13.0541 13.2776
      vertex 15.8 14.3844 12.3886
      vertex 15.8 13.8462 14.5991
    endloop
  endfacet
  facet normal 1 0 0
    outer loop
      vertex 15.8 14.3844 12.3886
      vertex 15.8 13.0541 13.2776
      vertex 15.8 13.3731 11.025
    endloop
  endfacet
  facet normal 1 -0 0
    outer loop
      vertex 15.8 12.1363 12.04
      vertex 15.8 13.3731 11.025
      vertex 15.8 13.0541 13.2776
    endloop
  endfacet
  facet normal 1 0 0
    outer loop
      vertex 15.8 13.3731 11.025
      vertex 15.8 12.1363 12.04
      vertex 15.8 12.2329 9.76706
    endloop
  endfacet
  facet normal 1 -0 0
    outer loop
      vertex 15.8 11.1016 10.8984
      vertex 15.8 12.2329 9.76706
      vertex 15.8 12.1363 12.04
    endloop
  endfacet
  facet normal 1 0 0
    outer loop
      vertex 15.8 11.1016 10.8984
      vertex 15.8 10.975 8.62692
      vertex 15.8 12.2329 9.76706
    endloop
  endfacet
  facet normal 1 -0 0
    outer loop
      vertex 15.8 9.95996 9.86374
      vertex 15.8 10.975 8.62692
      vertex 15.8 11.1016 10.8984
    endloop
  endfacet
  facet normal 1 0 0
    outer loop
      vertex 15.8 9.95996 9.86374
      vertex 15.8 9.61136 7.61559
      vertex 15.8 10.975 8.62692
    endloop
  endfacet
  facet normal 1 -0 0
    outer loop
      vertex 15.8 8.72244 8.94594
      vertex 15.8 9.61136 7.61559
      vertex 15.8 9.95996 9.86374
    endloop
  endfacet
  facet normal 1 0 0
    outer loop
      vertex 15.8 8.72244 8.94594
      vertex 15.8 8.15515 6.74277
      vertex 15.8 9.61136 7.61559
    endloop
  endfacet
  facet normal 1 -0 0
    outer loop
      vertex 15.8 7.40092 8.15384
      vertex 15.8 8.15515 6.74277
      vertex 15.8 8.72244 8.94594
    endloop
  endfacet
  facet normal 1 0 0
    outer loop
      vertex 15.8 7.40092 8.15384
      vertex 15.8 6.62042 6.01689
      vertex 15.8 8.15515 6.74277
    endloop
  endfacet
  facet normal 1 -0 0
    outer loop
      vertex 15.8 6.00812 7.4951
      vertex 15.8 6.62042 6.01689
      vertex 15.8 7.40092 8.15384
    endloop
  endfacet
  facet normal 1 0 0
    outer loop
      vertex 15.8 6.00812 7.4951
      vertex 15.8 5.02191 5.44495
      vertex 15.8 6.62042 6.01689
    endloop
  endfacet
  facet normal 1 -0 0
    outer loop
      vertex 15.8 4.55746 6.97604
      vertex 15.8 5.02191 5.44495
      vertex 15.8 6.00812 7.4951
    endloop
  endfacet
  facet normal 1 0 0
    outer loop
      vertex 15.8 4.55746 6.97604
      vertex 15.8 3.37506 5.03242
      vertex 15.8 5.02191 5.44495
    endloop
  endfacet
  facet normal 1 -0 0
    outer loop
      vertex 15.8 3.06291 6.60168
      vertex 15.8 3.37506 5.03242
      vertex 15.8 4.55746 6.97604
    endloop
  endfacet
  facet normal 1 0 0
    outer loop
      vertex 15.8 3.06291 6.60168
      vertex 15.8 1.69569 4.78331
      vertex 15.8 3.37506 5.03242
    endloop
  endfacet
  facet normal 1 -0 0
    outer loop
      vertex 15.8 1.53886 6.37561
      vertex 15.8 1.69569 4.78331
      vertex 15.8 3.06291 6.60168
    endloop
  endfacet
  facet normal 1 -0 0
    outer loop
      vertex 15.8 0 6.3
      vertex 15.8 1.69569 4.78331
      vertex 15.8 1.53886 6.37561
    endloop
  endfacet
  facet normal 1 0 0
    outer loop
      vertex 15.8 0 6.3
      vertex 15.8 0 4.70001
      vertex 15.8 1.69569 4.78331
    endloop
  endfacet
  facet normal 1 0 0
    outer loop
      vertex 15.8 -1.53886 6.37561
      vertex 15.8 0 4.70001
      vertex 15.8 0 6.3
    endloop
  endfacet
  facet normal 1 0 0
    outer loop
      vertex 15.8 -1.53886 6.37561
      vertex 15.8 -1.69569 4.78331
      vertex 15.8 0 4.70001
    endloop
  endfacet
  facet normal 1 0 0
    outer loop
      vertex 15.8 -3.06291 6.60168
      vertex 15.8 -1.69569 4.78331
      vertex 15.8 -1.53886 6.37561
    endloop
  endfacet
  facet normal 1 0 0
    outer loop
      vertex 15.8 -3.06291 6.60168
      vertex 15.8 -3.37506 5.03242
      vertex 15.8 -1.69569 4.78331
    endloop
  endfacet
  facet normal 1 0 0
    outer loop
      vertex 15.8 -4.55746 6.97604
      vertex 15.8 -3.37506 5.03242
      vertex 15.8 -3.06291 6.60168
    endloop
  endfacet
  facet normal 1 0 0
    outer loop
      vertex 15.8 -4.55746 6.97604
      vertex 15.8 -5.02191 5.44495
      vertex 15.8 -3.37506 5.03242
    endloop
  endfacet
  facet normal 1 0 0
    outer loop
      vertex 15.8 -6.00812 7.4951
      vertex 15.8 -5.02191 5.44495
      vertex 15.8 -4.55746 6.97604
    endloop
  endfacet
  facet normal 1 0 0
    outer loop
      vertex 15.8 -6.00812 7.4951
      vertex 15.8 -6.62042 6.01689
      vertex 15.8 -5.02191 5.44495
    endloop
  endfacet
  facet normal 1 0 0
    outer loop
      vertex 15.8 -7.40092 8.15384
      vertex 15.8 -6.62042 6.01689
      vertex 15.8 -6.00812 7.4951
    endloop
  endfacet
  facet normal 1 0 0
    outer loop
      vertex 15.8 -7.40092 8.15384
      vertex 15.8 -8.15515 6.74277
      vertex 15.8 -6.62042 6.01689
    endloop
  endfacet
  facet normal 1 0 0
    outer loop
      vertex 15.8 -8.72244 8.94594
      vertex 15.8 -8.15515 6.74277
      vertex 15.8 -7.40092 8.15384
    endloop
  endfacet
  facet normal 1 0 0
    outer loop
      vertex 15.8 -8.72244 8.94594
      vertex 15.8 -9.61136 7.61559
      vertex 15.8 -8.15515 6.74277
    endloop
  endfacet
  facet normal 1 0 0
    outer loop
      vertex 15.8 -9.95996 9.86374
      vertex 15.8 -9.61136 7.61559
      vertex 15.8 -8.72244 8.94594
    endloop
  endfacet
  facet normal 1 0 0
    outer loop
      vertex 15.8 -9.95996 9.86374
      vertex 15.8 -10.975 8.62692
      vertex 15.8 -9.61136 7.61559
    endloop
  endfacet
  facet normal 1 0 0
    outer loop
      vertex 15.8 -11.1016 10.8984
      vertex 15.8 -10.975 8.62692
      vertex 15.8 -9.95996 9.86374
    endloop
  endfacet
  facet normal 1 0 0
    outer loop
      vertex 15.8 -12.2329 9.76706
      vertex 15.8 -11.1016 10.8984
      vertex 15.8 -12.1363 12.04
    endloop
  endfacet
  facet normal 1 0 0
    outer loop
      vertex 15.8 -11.1016 10.8984
      vertex 15.8 -12.2329 9.76706
      vertex 15.8 -10.975 8.62692
    endloop
  endfacet
  facet normal 1 0 0
    outer loop
      vertex 15.8 -13.3731 11.025
      vertex 15.8 -12.1363 12.04
      vertex 15.8 -13.0541 13.2776
    endloop
  endfacet
  facet normal 1 0 0
    outer loop
      vertex 15.8 -12.1363 12.04
      vertex 15.8 -13.3731 11.025
      vertex 15.8 -12.2329 9.76706
    endloop
  endfacet
  facet normal 1 0 0
    outer loop
      vertex 15.8 -14.3844 12.3886
      vertex 15.8 -13.0541 13.2776
      vertex 15.8 -13.8462 14.5991
    endloop
  endfacet
  facet normal 1 0 0
    outer loop
      vertex 15.8 -13.0541 13.2776
      vertex 15.8 -14.3844 12.3886
      vertex 15.8 -13.3731 11.025
    endloop
  endfacet
  facet normal 1 0 0
    outer loop
      vertex 15.8 -15.2572 13.8448
      vertex 15.8 -13.8462 14.5991
      vertex 15.8 -14.5049 15.9919
    endloop
  endfacet
  facet normal 1 0 0
    outer loop
      vertex 15.8 -15.9831 15.3796
      vertex 15.8 -14.5049 15.9919
      vertex 15.8 -15.024 17.4425
    endloop
  endfacet
  facet normal 1 0 0
    outer loop
      vertex 15.8 -13.8462 14.5991
      vertex 15.8 -15.2572 13.8448
      vertex 15.8 -14.3844 12.3886
    endloop
  endfacet
  facet normal 1 0 0
    outer loop
      vertex 15.8 -15.9831 15.3796
      vertex 15.8 -15.024 17.4425
      vertex 15.8 -15.3983 18.9371
    endloop
  endfacet
  facet normal 1 0 0
    outer loop
      vertex 15.8 -15.9831 15.3796
      vertex 15.8 -15.3983 18.9371
      vertex 15.8 -15.6244 20.4611
    endloop
  endfacet
  facet normal 1 0 0
    outer loop
      vertex 15.8 -14.5049 15.9919
      vertex 15.8 -15.9831 15.3796
      vertex 15.8 -15.2572 13.8448
    endloop
  endfacet
  facet normal 1 0 0
    outer loop
      vertex 15.8 -15.9831 15.3796
      vertex 15.8 -15.6244 20.4611
      vertex 15.8 -15.7 22
    endloop
  endfacet
  facet normal -0 0.14673 0.989177
    outer loop
      vertex 15.8 -1.69569 4.78331
      vertex 20.2 -3.37506 5.03242
      vertex 20.2 -1.69569 4.78331
    endloop
  endfacet
  facet normal 0 0.14673 0.989177
    outer loop
      vertex 20.2 -3.37506 5.03242
      vertex 15.8 -1.69569 4.78331
      vertex 15.8 -3.37506 5.03242
    endloop
  endfacet
  facet normal 0 -0.242989 0.970029
    outer loop
      vertex 15.8 5.02191 5.44495
      vertex 20.2 3.37506 5.03242
      vertex 20.2 5.02191 5.44495
    endloop
  endfacet
  facet normal 0 -0.242989 0.970029
    outer loop
      vertex 20.2 3.37506 5.03242
      vertex 15.8 5.02191 5.44495
      vertex 15.8 3.37506 5.03242
    endloop
  endfacet
  facet normal -0 0.336893 0.941543
    outer loop
      vertex 15 -4.55746 6.97604
      vertex 15.8 -6.00812 7.4951
      vertex 15.8 -4.55746 6.97604
    endloop
  endfacet
  facet normal 0 0.336893 0.941543
    outer loop
      vertex 15.8 -6.00812 7.4951
      vertex 15 -4.55746 6.97604
      vertex 15 -6.00812 7.4951
    endloop
  endfacet
  facet normal -0 0.336893 0.941543
    outer loop
      vertex 20.2 -4.55746 6.97604
      vertex 21 -6.00812 7.4951
      vertex 21 -4.55746 6.97604
    endloop
  endfacet
  facet normal 0 0.336893 0.941543
    outer loop
      vertex 21 -6.00812 7.4951
      vertex 20.2 -4.55746 6.97604
      vertex 20.2 -6.00812 7.4951
    endloop
  endfacet
  facet normal 0 -0.0490746 0.998795
    outer loop
      vertex 15 1.53886 6.37561
      vertex 15.8 0 6.3
      vertex 15.8 1.53886 6.37561
    endloop
  endfacet
  facet normal 0 -0.0490746 0.998795
    outer loop
      vertex 15.8 0 6.3
      vertex 15 1.53886 6.37561
      vertex 15 0 6.3
    endloop
  endfacet
  facet normal 0 -0.0490746 0.998795
    outer loop
      vertex 20.2 1.53886 6.37561
      vertex 21 0 6.3
      vertex 21 1.53886 6.37561
    endloop
  endfacet
  facet normal 0 -0.0490746 0.998795
    outer loop
      vertex 21 0 6.3
      vertex 20.2 1.53886 6.37561
      vertex 20.2 0 6.3
    endloop
  endfacet
  facet normal 0 -0.14673 0.989177
    outer loop
      vertex 15 3.06291 6.60168
      vertex 15.8 1.53886 6.37561
      vertex 15.8 3.06291 6.60168
    endloop
  endfacet
  facet normal 0 -0.14673 0.989177
    outer loop
      vertex 15.8 1.53886 6.37561
      vertex 15 3.06291 6.60168
      vertex 15 1.53886 6.37561
    endloop
  endfacet
  facet normal 0 -0.14673 0.989177
    outer loop
      vertex 20.2 3.06291 6.60168
      vertex 21 1.53886 6.37561
      vertex 21 3.06291 6.60168
    endloop
  endfacet
  facet normal 0 -0.14673 0.989177
    outer loop
      vertex 21 1.53886 6.37561
      vertex 20.2 3.06291 6.60168
      vertex 20.2 1.53886 6.37561
    endloop
  endfacet
  facet normal 0 -0.998795 0.0490668
    outer loop
      vertex 15 15.6244 20.4611
      vertex 15.8 15.7 22
      vertex 15 15.7 22
    endloop
  endfacet
  facet normal 0 -0.998795 0.0490668
    outer loop
      vertex 15.8 15.7 22
      vertex 15 15.6244 20.4611
      vertex 15.8 15.6244 20.4611
    endloop
  endfacet
  facet normal 0 -0.998795 0.0490668
    outer loop
      vertex 20.2 15.6244 20.4611
      vertex 21 15.7 22
      vertex 20.2 15.7 22
    endloop
  endfacet
  facet normal 0 -0.998795 0.0490668
    outer loop
      vertex 21 15.7 22
      vertex 20.2 15.6244 20.4611
      vertex 21 15.6244 20.4611
    endloop
  endfacet
  facet normal 0 0.904001 0.427531
    outer loop
      vertex 15.8 -13.8462 14.5991
      vertex 15 -14.5049 15.9919
      vertex 15.8 -14.5049 15.9919
    endloop
  endfacet
  facet normal 0 0.904001 0.427531
    outer loop
      vertex 15 -14.5049 15.9919
      vertex 15.8 -13.8462 14.5991
      vertex 15 -13.8462 14.5991
    endloop
  endfacet
  facet normal 0 0.904001 0.427531
    outer loop
      vertex 21 -13.8462 14.5991
      vertex 20.2 -14.5049 15.9919
      vertex 21 -14.5049 15.9919
    endloop
  endfacet
  facet normal 0 0.904001 0.427531
    outer loop
      vertex 20.2 -14.5049 15.9919
      vertex 21 -13.8462 14.5991
      vertex 20.2 -13.8462 14.5991
    endloop
  endfacet
  facet normal 0 0.94153 0.336928
    outer loop
      vertex 15.8 -14.5049 15.9919
      vertex 15 -15.024 17.4425
      vertex 15.8 -15.024 17.4425
    endloop
  endfacet
  facet normal 0 0.94153 0.336928
    outer loop
      vertex 15 -15.024 17.4425
      vertex 15.8 -14.5049 15.9919
      vertex 15 -14.5049 15.9919
    endloop
  endfacet
  facet normal 0 0.94153 0.336928
    outer loop
      vertex 21 -14.5049 15.9919
      vertex 20.2 -15.024 17.4425
      vertex 21 -15.024 17.4425
    endloop
  endfacet
  facet normal 0 0.94153 0.336928
    outer loop
      vertex 20.2 -15.024 17.4425
      vertex 21 -14.5049 15.9919
      vertex 20.2 -14.5049 15.9919
    endloop
  endfacet
  facet normal -0 0.595696 0.80321
    outer loop
      vertex 15 -8.72244 8.94594
      vertex 15.8 -9.95996 9.86374
      vertex 15.8 -8.72244 8.94594
    endloop
  endfacet
  facet normal 0 0.595696 0.80321
    outer loop
      vertex 15.8 -9.95996 9.86374
      vertex 15 -8.72244 8.94594
      vertex 15 -9.95996 9.86374
    endloop
  endfacet
  facet normal -0 0.595696 0.80321
    outer loop
      vertex 20.2 -8.72244 8.94594
      vertex 21 -9.95996 9.86374
      vertex 21 -8.72244 8.94594
    endloop
  endfacet
  facet normal 0 0.595696 0.80321
    outer loop
      vertex 21 -9.95996 9.86374
      vertex 20.2 -8.72244 8.94594
      vertex 20.2 -9.95996 9.86374
    endloop
  endfacet
  facet normal 0 1 -0
    outer loop
      vertex 15.8 -15.7 22
      vertex 15 -15.7 41
      vertex 15.8 -15.7 41
    endloop
  endfacet
  facet normal 0 1 0
    outer loop
      vertex 15 -15.7 41
      vertex 15.8 -15.7 22
      vertex 15 -15.7 22
    endloop
  endfacet
  facet normal 0 1 -0
    outer loop
      vertex 21 -15.7 22
      vertex 20.2 -15.7 41
      vertex 21 -15.7 41
    endloop
  endfacet
  facet normal 0 1 0
    outer loop
      vertex 20.2 -15.7 41
      vertex 21 -15.7 22
      vertex 20.2 -15.7 22
    endloop
  endfacet
  facet normal 0 -0.94153 0.336928
    outer loop
      vertex 15 14.5049 15.9919
      vertex 15.8 15.024 17.4425
      vertex 15 15.024 17.4425
    endloop
  endfacet
  facet normal 0 -0.94153 0.336928
    outer loop
      vertex 15.8 15.024 17.4425
      vertex 15 14.5049 15.9919
      vertex 15.8 14.5049 15.9919
    endloop
  endfacet
  facet normal 0 -0.94153 0.336928
    outer loop
      vertex 20.2 14.5049 15.9919
      vertex 21 15.024 17.4425
      vertex 20.2 15.024 17.4425
    endloop
  endfacet
  facet normal 0 -0.94153 0.336928
    outer loop
      vertex 21 15.024 17.4425
      vertex 20.2 14.5049 15.9919
      vertex 21 14.5049 15.9919
    endloop
  endfacet
  facet normal -0 0.242977 0.970032
    outer loop
      vertex 15 -3.06291 6.60168
      vertex 15.8 -4.55746 6.97604
      vertex 15.8 -3.06291 6.60168
    endloop
  endfacet
  facet normal 0 0.242977 0.970032
    outer loop
      vertex 15.8 -4.55746 6.97604
      vertex 15 -3.06291 6.60168
      vertex 15 -4.55746 6.97604
    endloop
  endfacet
  facet normal -0 0.242977 0.970032
    outer loop
      vertex 20.2 -3.06291 6.60168
      vertex 21 -4.55746 6.97604
      vertex 21 -3.06291 6.60168
    endloop
  endfacet
  facet normal 0 0.242977 0.970032
    outer loop
      vertex 21 -4.55746 6.97604
      vertex 20.2 -3.06291 6.60168
      vertex 20.2 -4.55746 6.97604
    endloop
  endfacet
  facet normal 0 -0.514108 0.857725
    outer loop
      vertex 15 8.72244 8.94594
      vertex 15.8 7.40092 8.15384
      vertex 15.8 8.72244 8.94594
    endloop
  endfacet
  facet normal 0 -0.514108 0.857725
    outer loop
      vertex 15.8 7.40092 8.15384
      vertex 15 8.72244 8.94594
      vertex 15 7.40092 8.15384
    endloop
  endfacet
  facet normal 0 -0.514108 0.857725
    outer loop
      vertex 20.2 8.72244 8.94594
      vertex 21 7.40092 8.15384
      vertex 21 8.72244 8.94594
    endloop
  endfacet
  facet normal 0 -0.514108 0.857725
    outer loop
      vertex 21 7.40092 8.15384
      vertex 20.2 8.72244 8.94594
      vertex 20.2 7.40092 8.15384
    endloop
  endfacet
  facet normal 0 -1 0
    outer loop
      vertex 15 15.7 22
      vertex 15.8 15.7 41
      vertex 15 15.7 41
    endloop
  endfacet
  facet normal 0 -1 -0
    outer loop
      vertex 15.8 15.7 41
      vertex 15 15.7 22
      vertex 15.8 15.7 22
    endloop
  endfacet
  facet normal 0 -1 0
    outer loop
      vertex 20.2 15.7 22
      vertex 21 15.7 41
      vertex 20.2 15.7 41
    endloop
  endfacet
  facet normal 0 -1 -0
    outer loop
      vertex 21 15.7 41
      vertex 20.2 15.7 22
      vertex 21 15.7 22
    endloop
  endfacet
  facet normal -0 0.671537 0.740971
    outer loop
      vertex 15 -9.95996 9.86374
      vertex 15.8 -11.1016 10.8984
      vertex 15.8 -9.95996 9.86374
    endloop
  endfacet
  facet normal 0 0.671537 0.740971
    outer loop
      vertex 15.8 -11.1016 10.8984
      vertex 15 -9.95996 9.86374
      vertex 15 -11.1016 10.8984
    endloop
  endfacet
  facet normal -0 0.671537 0.740971
    outer loop
      vertex 20.2 -9.95996 9.86374
      vertex 21 -11.1016 10.8984
      vertex 21 -9.95996 9.86374
    endloop
  endfacet
  facet normal 0 0.671537 0.740971
    outer loop
      vertex 21 -11.1016 10.8984
      vertex 20.2 -9.95996 9.86374
      vertex 20.2 -11.1016 10.8984
    endloop
  endfacet
  facet normal 0 -0.595696 0.80321
    outer loop
      vertex 15 9.95996 9.86374
      vertex 15.8 8.72244 8.94594
      vertex 15.8 9.95996 9.86374
    endloop
  endfacet
  facet normal 0 -0.595696 0.80321
    outer loop
      vertex 15.8 8.72244 8.94594
      vertex 15 9.95996 9.86374
      vertex 15 8.72244 8.94594
    endloop
  endfacet
  facet normal 0 -0.595696 0.80321
    outer loop
      vertex 20.2 9.95996 9.86374
      vertex 21 8.72244 8.94594
      vertex 21 9.95996 9.86374
    endloop
  endfacet
  facet normal 0 -0.595696 0.80321
    outer loop
      vertex 21 8.72244 8.94594
      vertex 20.2 9.95996 9.86374
      vertex 20.2 8.72244 8.94594
    endloop
  endfacet
  facet normal 0 -0.904001 0.427531
    outer loop
      vertex 15 13.8462 14.5991
      vertex 15.8 14.5049 15.9919
      vertex 15 14.5049 15.9919
    endloop
  endfacet
  facet normal 0 -0.904001 0.427531
    outer loop
      vertex 15.8 14.5049 15.9919
      vertex 15 13.8462 14.5991
      vertex 15.8 13.8462 14.5991
    endloop
  endfacet
  facet normal 0 -0.904001 0.427531
    outer loop
      vertex 20.2 13.8462 14.5991
      vertex 21 14.5049 15.9919
      vertex 20.2 14.5049 15.9919
    endloop
  endfacet
  facet normal 0 -0.904001 0.427531
    outer loop
      vertex 21 14.5049 15.9919
      vertex 20.2 13.8462 14.5991
      vertex 21 13.8462 14.5991
    endloop
  endfacet
  facet normal 0 -0.671537 0.740971
    outer loop
      vertex 15 11.1016 10.8984
      vertex 15.8 9.95996 9.86374
      vertex 15.8 11.1016 10.8984
    endloop
  endfacet
  facet normal 0 -0.671537 0.740971
    outer loop
      vertex 15.8 9.95996 9.86374
      vertex 15 11.1016 10.8984
      vertex 15 9.95996 9.86374
    endloop
  endfacet
  facet normal 0 -0.671537 0.740971
    outer loop
      vertex 20.2 11.1016 10.8984
      vertex 21 9.95996 9.86374
      vertex 21 11.1016 10.8984
    endloop
  endfacet
  facet normal 0 -0.671537 0.740971
    outer loop
      vertex 21 9.95996 9.86374
      vertex 20.2 11.1016 10.8984
      vertex 20.2 9.95996 9.86374
    endloop
  endfacet
  facet normal -0 0.0490746 0.998795
    outer loop
      vertex 15 0 6.3
      vertex 15.8 -1.53886 6.37561
      vertex 15.8 0 6.3
    endloop
  endfacet
  facet normal 0 0.0490746 0.998795
    outer loop
      vertex 15.8 -1.53886 6.37561
      vertex 15 0 6.3
      vertex 15 -1.53886 6.37561
    endloop
  endfacet
  facet normal -0 0.0490746 0.998795
    outer loop
      vertex 20.2 0 6.3
      vertex 21 -1.53886 6.37561
      vertex 21 0 6.3
    endloop
  endfacet
  facet normal 0 0.0490746 0.998795
    outer loop
      vertex 21 -1.53886 6.37561
      vertex 20.2 0 6.3
      vertex 20.2 -1.53886 6.37561
    endloop
  endfacet
  facet normal 0 0.857722 0.514114
    outer loop
      vertex 15.8 -13.0541 13.2776
      vertex 15 -13.8462 14.5991
      vertex 15.8 -13.8462 14.5991
    endloop
  endfacet
  facet normal 0 0.857722 0.514114
    outer loop
      vertex 15 -13.8462 14.5991
      vertex 15.8 -13.0541 13.2776
      vertex 15 -13.0541 13.2776
    endloop
  endfacet
  facet normal 0 0.857722 0.514114
    outer loop
      vertex 21 -13.0541 13.2776
      vertex 20.2 -13.8462 14.5991
      vertex 21 -13.8462 14.5991
    endloop
  endfacet
  facet normal 0 0.857722 0.514114
    outer loop
      vertex 20.2 -13.8462 14.5991
      vertex 21 -13.0541 13.2776
      vertex 20.2 -13.0541 13.2776
    endloop
  endfacet
  facet normal 0 -0.803228 0.595671
    outer loop
      vertex 15 12.1363 12.04
      vertex 15.8 13.0541 13.2776
      vertex 15 13.0541 13.2776
    endloop
  endfacet
  facet normal 0 -0.803228 0.595671
    outer loop
      vertex 15.8 13.0541 13.2776
      vertex 15 12.1363 12.04
      vertex 15.8 12.1363 12.04
    endloop
  endfacet
  facet normal 0 -0.803228 0.595671
    outer loop
      vertex 20.2 12.1363 12.04
      vertex 21 13.0541 13.2776
      vertex 20.2 13.0541 13.2776
    endloop
  endfacet
  facet normal 0 -0.803228 0.595671
    outer loop
      vertex 21 13.0541 13.2776
      vertex 20.2 12.1363 12.04
      vertex 21 12.1363 12.04
    endloop
  endfacet
  facet normal 0 -0.740947 0.671564
    outer loop
      vertex 15 11.1016 10.8984
      vertex 15.8 12.1363 12.04
      vertex 15 12.1363 12.04
    endloop
  endfacet
  facet normal 0 -0.740947 0.671564
    outer loop
      vertex 15.8 12.1363 12.04
      vertex 15 11.1016 10.8984
      vertex 15.8 11.1016 10.8984
    endloop
  endfacet
  facet normal 0 -0.740947 0.671564
    outer loop
      vertex 20.2 11.1016 10.8984
      vertex 21 12.1363 12.04
      vertex 20.2 12.1363 12.04
    endloop
  endfacet
  facet normal 0 -0.740947 0.671564
    outer loop
      vertex 21 12.1363 12.04
      vertex 20.2 11.1016 10.8984
      vertex 21 11.1016 10.8984
    endloop
  endfacet
  facet normal -0 0.14673 0.989177
    outer loop
      vertex 15 -1.53886 6.37561
      vertex 15.8 -3.06291 6.60168
      vertex 15.8 -1.53886 6.37561
    endloop
  endfacet
  facet normal 0 0.14673 0.989177
    outer loop
      vertex 15.8 -3.06291 6.60168
      vertex 15 -1.53886 6.37561
      vertex 15 -3.06291 6.60168
    endloop
  endfacet
  facet normal -0 0.14673 0.989177
    outer loop
      vertex 20.2 -1.53886 6.37561
      vertex 21 -3.06291 6.60168
      vertex 21 -1.53886 6.37561
    endloop
  endfacet
  facet normal 0 0.14673 0.989177
    outer loop
      vertex 21 -3.06291 6.60168
      vertex 20.2 -1.53886 6.37561
      vertex 20.2 -3.06291 6.60168
    endloop
  endfacet
  facet normal 0 -0.970043 0.242933
    outer loop
      vertex 15 15.024 17.4425
      vertex 15.8 15.3983 18.9371
      vertex 15 15.3983 18.9371
    endloop
  endfacet
  facet normal 0 -0.970043 0.242933
    outer loop
      vertex 15.8 15.3983 18.9371
      vertex 15 15.024 17.4425
      vertex 15.8 15.024 17.4425
    endloop
  endfacet
  facet normal 0 -0.970043 0.242933
    outer loop
      vertex 20.2 15.024 17.4425
      vertex 21 15.3983 18.9371
      vertex 20.2 15.3983 18.9371
    endloop
  endfacet
  facet normal 0 -0.970043 0.242933
    outer loop
      vertex 21 15.3983 18.9371
      vertex 20.2 15.024 17.4425
      vertex 21 15.024 17.4425
    endloop
  endfacet
  facet normal 0 -0.989173 0.146753
    outer loop
      vertex 15 15.3983 18.9371
      vertex 15.8 15.6244 20.4611
      vertex 15 15.6244 20.4611
    endloop
  endfacet
  facet normal 0 -0.989173 0.146753
    outer loop
      vertex 15.8 15.6244 20.4611
      vertex 15 15.3983 18.9371
      vertex 15.8 15.3983 18.9371
    endloop
  endfacet
  facet normal 0 -0.989173 0.146753
    outer loop
      vertex 20.2 15.3983 18.9371
      vertex 21 15.6244 20.4611
      vertex 20.2 15.6244 20.4611
    endloop
  endfacet
  facet normal 0 -0.989173 0.146753
    outer loop
      vertex 21 15.6244 20.4611
      vertex 20.2 15.3983 18.9371
      vertex 21 15.3983 18.9371
    endloop
  endfacet
  facet normal 0 0.970043 0.242933
    outer loop
      vertex 15.8 -15.024 17.4425
      vertex 15 -15.3983 18.9371
      vertex 15.8 -15.3983 18.9371
    endloop
  endfacet
  facet normal 0 0.970043 0.242933
    outer loop
      vertex 15 -15.3983 18.9371
      vertex 15.8 -15.024 17.4425
      vertex 15 -15.024 17.4425
    endloop
  endfacet
  facet normal 0 0.970043 0.242933
    outer loop
      vertex 21 -15.024 17.4425
      vertex 20.2 -15.3983 18.9371
      vertex 21 -15.3983 18.9371
    endloop
  endfacet
  facet normal 0 0.970043 0.242933
    outer loop
      vertex 20.2 -15.3983 18.9371
      vertex 21 -15.024 17.4425
      vertex 20.2 -15.024 17.4425
    endloop
  endfacet
  facet normal -0 0.514108 0.857725
    outer loop
      vertex 15 -7.40092 8.15384
      vertex 15.8 -8.72244 8.94594
      vertex 15.8 -7.40092 8.15384
    endloop
  endfacet
  facet normal 0 0.514108 0.857725
    outer loop
      vertex 15.8 -8.72244 8.94594
      vertex 15 -7.40092 8.15384
      vertex 15 -8.72244 8.94594
    endloop
  endfacet
  facet normal -0 0.514108 0.857725
    outer loop
      vertex 20.2 -7.40092 8.15384
      vertex 21 -8.72244 8.94594
      vertex 21 -7.40092 8.15384
    endloop
  endfacet
  facet normal 0 0.514108 0.857725
    outer loop
      vertex 21 -8.72244 8.94594
      vertex 20.2 -7.40092 8.15384
      vertex 20.2 -8.72244 8.94594
    endloop
  endfacet
  facet normal 0 0.989173 0.146753
    outer loop
      vertex 15.8 -15.3983 18.9371
      vertex 15 -15.6244 20.4611
      vertex 15.8 -15.6244 20.4611
    endloop
  endfacet
  facet normal 0 0.989173 0.146753
    outer loop
      vertex 15 -15.6244 20.4611
      vertex 15.8 -15.3983 18.9371
      vertex 15 -15.3983 18.9371
    endloop
  endfacet
  facet normal 0 0.989173 0.146753
    outer loop
      vertex 21 -15.3983 18.9371
      vertex 20.2 -15.6244 20.4611
      vertex 21 -15.6244 20.4611
    endloop
  endfacet
  facet normal 0 0.989173 0.146753
    outer loop
      vertex 20.2 -15.6244 20.4611
      vertex 21 -15.3983 18.9371
      vertex 20.2 -15.3983 18.9371
    endloop
  endfacet
  facet normal 0 0.803228 0.595671
    outer loop
      vertex 15.8 -12.1363 12.04
      vertex 15 -13.0541 13.2776
      vertex 15.8 -13.0541 13.2776
    endloop
  endfacet
  facet normal 0 0.803228 0.595671
    outer loop
      vertex 15 -13.0541 13.2776
      vertex 15.8 -12.1363 12.04
      vertex 15 -12.1363 12.04
    endloop
  endfacet
  facet normal 0 0.803228 0.595671
    outer loop
      vertex 21 -12.1363 12.04
      vertex 20.2 -13.0541 13.2776
      vertex 21 -13.0541 13.2776
    endloop
  endfacet
  facet normal 0 0.803228 0.595671
    outer loop
      vertex 20.2 -13.0541 13.2776
      vertex 21 -12.1363 12.04
      vertex 20.2 -12.1363 12.04
    endloop
  endfacet
  facet normal 0 -0.857722 0.514114
    outer loop
      vertex 15 13.0541 13.2776
      vertex 15.8 13.8462 14.5991
      vertex 15 13.8462 14.5991
    endloop
  endfacet
  facet normal 0 -0.857722 0.514114
    outer loop
      vertex 15.8 13.8462 14.5991
      vertex 15 13.0541 13.2776
      vertex 15.8 13.0541 13.2776
    endloop
  endfacet
  facet normal 0 -0.857722 0.514114
    outer loop
      vertex 20.2 13.0541 13.2776
      vertex 21 13.8462 14.5991
      vertex 20.2 13.8462 14.5991
    endloop
  endfacet
  facet normal 0 -0.857722 0.514114
    outer loop
      vertex 21 13.8462 14.5991
      vertex 20.2 13.0541 13.2776
      vertex 21 13.0541 13.2776
    endloop
  endfacet
  facet normal 0 -0.242977 0.970032
    outer loop
      vertex 15 4.55746 6.97604
      vertex 15.8 3.06291 6.60168
      vertex 15.8 4.55746 6.97604
    endloop
  endfacet
  facet normal 0 -0.242977 0.970032
    outer loop
      vertex 15.8 3.06291 6.60168
      vertex 15 4.55746 6.97604
      vertex 15 3.06291 6.60168
    endloop
  endfacet
  facet normal 0 -0.242977 0.970032
    outer loop
      vertex 20.2 4.55746 6.97604
      vertex 21 3.06291 6.60168
      vertex 21 4.55746 6.97604
    endloop
  endfacet
  facet normal 0 -0.242977 0.970032
    outer loop
      vertex 21 3.06291 6.60168
      vertex 20.2 4.55746 6.97604
      vertex 20.2 3.06291 6.60168
    endloop
  endfacet
  facet normal -0 0.427552 0.903991
    outer loop
      vertex 15 -6.00812 7.4951
      vertex 15.8 -7.40092 8.15384
      vertex 15.8 -6.00812 7.4951
    endloop
  endfacet
  facet normal 0 0.427552 0.903991
    outer loop
      vertex 15.8 -7.40092 8.15384
      vertex 15 -6.00812 7.4951
      vertex 15 -7.40092 8.15384
    endloop
  endfacet
  facet normal -0 0.427552 0.903991
    outer loop
      vertex 20.2 -6.00812 7.4951
      vertex 21 -7.40092 8.15384
      vertex 21 -6.00812 7.4951
    endloop
  endfacet
  facet normal 0 0.427552 0.903991
    outer loop
      vertex 21 -7.40092 8.15384
      vertex 20.2 -6.00812 7.4951
      vertex 20.2 -7.40092 8.15384
    endloop
  endfacet
  facet normal 0 0.740947 0.671564
    outer loop
      vertex 15.8 -11.1016 10.8984
      vertex 15 -12.1363 12.04
      vertex 15.8 -12.1363 12.04
    endloop
  endfacet
  facet normal 0 0.740947 0.671564
    outer loop
      vertex 15 -12.1363 12.04
      vertex 15.8 -11.1016 10.8984
      vertex 15 -11.1016 10.8984
    endloop
  endfacet
  facet normal 0 0.740947 0.671564
    outer loop
      vertex 21 -11.1016 10.8984
      vertex 20.2 -12.1363 12.04
      vertex 21 -12.1363 12.04
    endloop
  endfacet
  facet normal 0 0.740947 0.671564
    outer loop
      vertex 20.2 -12.1363 12.04
      vertex 21 -11.1016 10.8984
      vertex 20.2 -11.1016 10.8984
    endloop
  endfacet
  facet normal 0 -0.336893 0.941543
    outer loop
      vertex 15 6.00812 7.4951
      vertex 15.8 4.55746 6.97604
      vertex 15.8 6.00812 7.4951
    endloop
  endfacet
  facet normal 0 -0.336893 0.941543
    outer loop
      vertex 15.8 4.55746 6.97604
      vertex 15 6.00812 7.4951
      vertex 15 4.55746 6.97604
    endloop
  endfacet
  facet normal 0 -0.336893 0.941543
    outer loop
      vertex 20.2 6.00812 7.4951
      vertex 21 4.55746 6.97604
      vertex 21 6.00812 7.4951
    endloop
  endfacet
  facet normal 0 -0.336893 0.941543
    outer loop
      vertex 21 4.55746 6.97604
      vertex 20.2 6.00812 7.4951
      vertex 20.2 4.55746 6.97604
    endloop
  endfacet
  facet normal 0 0.998795 0.0490668
    outer loop
      vertex 15.8 -15.6244 20.4611
      vertex 15 -15.7 22
      vertex 15.8 -15.7 22
    endloop
  endfacet
  facet normal 0 0.998795 0.0490668
    outer loop
      vertex 15 -15.7 22
      vertex 15.8 -15.6244 20.4611
      vertex 15 -15.6244 20.4611
    endloop
  endfacet
  facet normal 0 0.998795 0.0490668
    outer loop
      vertex 21 -15.6244 20.4611
      vertex 20.2 -15.7 22
      vertex 21 -15.7 22
    endloop
  endfacet
  facet normal 0 0.998795 0.0490668
    outer loop
      vertex 20.2 -15.7 22
      vertex 21 -15.6244 20.4611
      vertex 20.2 -15.6244 20.4611
    endloop
  endfacet
  facet normal 0 -0.427552 0.903991
    outer loop
      vertex 15 7.40092 8.15384
      vertex 15.8 6.00812 7.4951
      vertex 15.8 7.40092 8.15384
    endloop
  endfacet
  facet normal 0 -0.427552 0.903991
    outer loop
      vertex 15.8 6.00812 7.4951
      vertex 15 7.40092 8.15384
      vertex 15 6.00812 7.4951
    endloop
  endfacet
  facet normal 0 -0.427552 0.903991
    outer loop
      vertex 20.2 7.40092 8.15384
      vertex 21 6.00812 7.4951
      vertex 21 7.40092 8.15384
    endloop
  endfacet
  facet normal 0 -0.427552 0.903991
    outer loop
      vertex 21 6.00812 7.4951
      vertex 20.2 7.40092 8.15384
      vertex 20.2 6.00812 7.4951
    endloop
  endfacet
  facet normal -0.989151 0.146902 0
    outer loop
      vertex 70.6769 -0.234108 0
      vertex 70.6942 -0.11762 3
      vertex 70.6942 -0.11762 0
    endloop
  endfacet
  facet normal -0.989151 0.146902 0
    outer loop
      vertex 70.6942 -0.11762 3
      vertex 70.6769 -0.234108 0
      vertex 70.6769 -0.234108 3
    endloop
  endfacet
  facet normal 0.427411 0.904057 -0
    outer loop
      vertex 57.0408 -1.10865 0
      vertex 56.9343 -1.0583 3
      vertex 57.0408 -1.10865 3
    endloop
  endfacet
  facet normal 0.427411 0.904057 0
    outer loop
      vertex 56.9343 -1.0583 3
      vertex 57.0408 -1.10865 0
      vertex 56.9343 -1.0583 0
    endloop
  endfacet
  facet normal 0.243015 0.970022 -0
    outer loop
      vertex 57.2659 -1.17694 0
      vertex 57.1517 -1.14833 3
      vertex 57.2659 -1.17694 3
    endloop
  endfacet
  facet normal 0.243015 0.970022 0
    outer loop
      vertex 57.1517 -1.14833 3
      vertex 57.2659 -1.17694 0
      vertex 57.1517 -1.14833 0
    endloop
  endfacet
  facet normal -0.427411 0.904057 0
    outer loop
      vertex 70.0657 -1.0583 0
      vertex 69.9592 -1.10865 3
      vertex 70.0657 -1.0583 3
    endloop
  endfacet
  facet normal -0.427411 0.904057 0
    outer loop
      vertex 69.9592 -1.10865 3
      vertex 70.0657 -1.0583 0
      vertex 69.9592 -1.10865 0
    endloop
  endfacet
  facet normal 0.595649 -0.803245 0
    outer loop
      vertex 56.7387 0.927612 0
      vertex 56.8333 0.997763 3
      vertex 56.7387 0.927612 3
    endloop
  endfacet
  facet normal 0.595649 -0.803245 0
    outer loop
      vertex 56.8333 0.997763 3
      vertex 56.7387 0.927612 0
      vertex 56.8333 0.997763 0
    endloop
  endfacet
  facet normal -0.0490904 0.998794 0
    outer loop
      vertex 69.6176 -1.19422 0
      vertex 69.5 -1.2 3
      vertex 69.6176 -1.19422 3
    endloop
  endfacet
  facet normal -0.0490904 0.998794 0
    outer loop
      vertex 69.5 -1.2 3
      vertex 69.6176 -1.19422 0
      vertex 69.5 -1.2 0
    endloop
  endfacet
  facet normal 0.740888 0.671628 0
    outer loop
      vertex 56.6515 -0.848528 3
      vertex 56.5724 -0.761271 0
      vertex 56.5724 -0.761271 3
    endloop
  endfacet
  facet normal 0.740888 0.671628 0
    outer loop
      vertex 56.5724 -0.761271 0
      vertex 56.6515 -0.848528 3
      vertex 56.6515 -0.848528 0
    endloop
  endfacet
  facet normal 0.671795 0.740738 -0
    outer loop
      vertex 56.7387 -0.927612 0
      vertex 56.6515 -0.848528 3
      vertex 56.7387 -0.927612 3
    endloop
  endfacet
  facet normal 0.671795 0.740738 0
    outer loop
      vertex 56.6515 -0.848528 3
      vertex 56.7387 -0.927612 0
      vertex 56.6515 -0.848528 0
    endloop
  endfacet
  facet normal 0.941741 -0.336339 0
    outer loop
      vertex 56.3517 0.348341 3
      vertex 56.3913 0.45922 0
      vertex 56.3913 0.45922 3
    endloop
  endfacet
  facet normal 0.941741 -0.336339 0
    outer loop
      vertex 56.3913 0.45922 0
      vertex 56.3517 0.348341 3
      vertex 56.3517 0.348341 0
    endloop
  endfacet
  facet normal -0.427411 -0.904057 0
    outer loop
      vertex 69.9592 1.10865 0
      vertex 70.0657 1.0583 3
      vertex 69.9592 1.10865 3
    endloop
  endfacet
  facet normal -0.427411 -0.904057 -0
    outer loop
      vertex 70.0657 1.0583 3
      vertex 69.9592 1.10865 0
      vertex 70.0657 1.0583 0
    endloop
  endfacet
  facet normal -0.671795 0.740738 0
    outer loop
      vertex 70.3485 -0.848528 0
      vertex 70.2613 -0.927612 3
      vertex 70.3485 -0.848528 3
    endloop
  endfacet
  facet normal -0.671795 0.740738 0
    outer loop
      vertex 70.2613 -0.927612 3
      vertex 70.3485 -0.848528 0
      vertex 70.2613 -0.927612 0
    endloop
  endfacet
  facet normal -0.146721 -0.989178 0
    outer loop
      vertex 69.6176 1.19422 0
      vertex 69.7341 1.17694 3
      vertex 69.6176 1.19422 3
    endloop
  endfacet
  facet normal -0.146721 -0.989178 -0
    outer loop
      vertex 69.7341 1.17694 3
      vertex 69.6176 1.19422 0
      vertex 69.7341 1.17694 0
    endloop
  endfacet
  facet normal 0.0490904 0.998794 -0
    outer loop
      vertex 57.5 -1.2 0
      vertex 57.3824 -1.19422 3
      vertex 57.5 -1.2 3
    endloop
  endfacet
  facet normal 0.0490904 0.998794 0
    outer loop
      vertex 57.3824 -1.19422 3
      vertex 57.5 -1.2 0
      vertex 57.3824 -1.19422 0
    endloop
  endfacet
  facet normal 0 -1 0
    outer loop
      vertex 57.5 1.2 0
      vertex 69.5 1.2 3
      vertex 57.5 1.2 3
    endloop
  endfacet
  facet normal 0 -1 -0
    outer loop
      vertex 69.5 1.2 3
      vertex 57.5 1.2 0
      vertex 69.5 1.2 0
    endloop
  endfacet
  facet normal -0.803006 0.59597 0
    outer loop
      vertex 70.4276 -0.761271 0
      vertex 70.4978 -0.666684 3
      vertex 70.4978 -0.666684 0
    endloop
  endfacet
  facet normal -0.803006 0.59597 0
    outer loop
      vertex 70.4978 -0.666684 3
      vertex 70.4276 -0.761271 0
      vertex 70.4276 -0.761271 3
    endloop
  endfacet
  facet normal 0 1 -0
    outer loop
      vertex 69.5 -1.2 0
      vertex 57.5 -1.2 3
      vertex 69.5 -1.2 3
    endloop
  endfacet
  facet normal 0 1 0
    outer loop
      vertex 57.5 -1.2 3
      vertex 69.5 -1.2 0
      vertex 57.5 -1.2 0
    endloop
  endfacet
  facet normal -0.595649 0.803245 0
    outer loop
      vertex 70.2613 -0.927612 0
      vertex 70.1667 -0.997763 3
      vertex 70.2613 -0.927612 3
    endloop
  endfacet
  facet normal -0.595649 0.803245 0
    outer loop
      vertex 70.1667 -0.997763 3
      vertex 70.2613 -0.927612 0
      vertex 70.1667 -0.997763 0
    endloop
  endfacet
  facet normal -0.903825 0.427902 0
    outer loop
      vertex 70.5583 -0.565676 0
      vertex 70.6087 -0.45922 3
      vertex 70.6087 -0.45922 0
    endloop
  endfacet
  facet normal -0.903825 0.427902 0
    outer loop
      vertex 70.6087 -0.45922 3
      vertex 70.5583 -0.565676 0
      vertex 70.5583 -0.565676 3
    endloop
  endfacet
  facet normal 0.0490904 -0.998794 0
    outer loop
      vertex 57.3824 1.19422 0
      vertex 57.5 1.2 3
      vertex 57.3824 1.19422 3
    endloop
  endfacet
  facet normal 0.0490904 -0.998794 0
    outer loop
      vertex 57.5 1.2 3
      vertex 57.3824 1.19422 0
      vertex 57.5 1.2 0
    endloop
  endfacet
  facet normal -0.998786 0.0492515 0
    outer loop
      vertex 70.6942 -0.11762 0
      vertex 70.7 0 3
      vertex 70.7 0 0
    endloop
  endfacet
  facet normal -0.998786 0.0492515 0
    outer loop
      vertex 70.7 0 3
      vertex 70.6942 -0.11762 0
      vertex 70.6942 -0.11762 3
    endloop
  endfacet
  facet normal -0.970059 -0.242869 0
    outer loop
      vertex 70.6769 0.234108 0
      vertex 70.6483 0.348341 3
      vertex 70.6483 0.348341 0
    endloop
  endfacet
  facet normal -0.970059 -0.242869 0
    outer loop
      vertex 70.6483 0.348341 3
      vertex 70.6769 0.234108 0
      vertex 70.6769 0.234108 3
    endloop
  endfacet
  facet normal 0.803006 -0.59597 0
    outer loop
      vertex 56.5022 0.666684 3
      vertex 56.5724 0.761271 0
      vertex 56.5724 0.761271 3
    endloop
  endfacet
  facet normal 0.803006 -0.59597 0
    outer loop
      vertex 56.5724 0.761271 0
      vertex 56.5022 0.666684 3
      vertex 56.5022 0.666684 0
    endloop
  endfacet
  facet normal 0.941741 0.336339 0
    outer loop
      vertex 56.3913 -0.45922 3
      vertex 56.3517 -0.348341 0
      vertex 56.3517 -0.348341 3
    endloop
  endfacet
  facet normal 0.941741 0.336339 0
    outer loop
      vertex 56.3517 -0.348341 0
      vertex 56.3913 -0.45922 3
      vertex 56.3913 -0.45922 0
    endloop
  endfacet
  facet normal -0.998786 -0.0492515 0
    outer loop
      vertex 70.7 0 0
      vertex 70.6942 0.11762 3
      vertex 70.6942 0.11762 0
    endloop
  endfacet
  facet normal -0.998786 -0.0492515 0
    outer loop
      vertex 70.6942 0.11762 3
      vertex 70.7 0 0
      vertex 70.7 0 3
    endloop
  endfacet
  facet normal -0.857885 0.513841 0
    outer loop
      vertex 70.4978 -0.666684 0
      vertex 70.5583 -0.565676 3
      vertex 70.5583 -0.565676 0
    endloop
  endfacet
  facet normal -0.857885 0.513841 0
    outer loop
      vertex 70.5583 -0.565676 3
      vertex 70.4978 -0.666684 0
      vertex 70.4978 -0.666684 3
    endloop
  endfacet
  facet normal -0.336885 -0.941546 0
    outer loop
      vertex 69.8483 1.14833 0
      vertex 69.9592 1.10865 3
      vertex 69.8483 1.14833 3
    endloop
  endfacet
  facet normal -0.336885 -0.941546 -0
    outer loop
      vertex 69.9592 1.10865 3
      vertex 69.8483 1.14833 0
      vertex 69.9592 1.10865 0
    endloop
  endfacet
  facet normal 0.903825 0.427902 0
    outer loop
      vertex 56.4417 -0.565676 3
      vertex 56.3913 -0.45922 0
      vertex 56.3913 -0.45922 3
    endloop
  endfacet
  facet normal 0.903825 0.427902 0
    outer loop
      vertex 56.3913 -0.45922 0
      vertex 56.4417 -0.565676 3
      vertex 56.4417 -0.565676 0
    endloop
  endfacet
  facet normal 0.146721 0.989178 -0
    outer loop
      vertex 57.3824 -1.19422 0
      vertex 57.2659 -1.17694 3
      vertex 57.3824 -1.19422 3
    endloop
  endfacet
  facet normal 0.146721 0.989178 0
    outer loop
      vertex 57.2659 -1.17694 3
      vertex 57.3824 -1.19422 0
      vertex 57.2659 -1.17694 0
    endloop
  endfacet
  facet normal -0.336885 0.941546 0
    outer loop
      vertex 69.9592 -1.10865 0
      vertex 69.8483 -1.14833 3
      vertex 69.9592 -1.10865 3
    endloop
  endfacet
  facet normal -0.336885 0.941546 0
    outer loop
      vertex 69.8483 -1.14833 3
      vertex 69.9592 -1.10865 0
      vertex 69.8483 -1.14833 0
    endloop
  endfacet
  facet normal -0.857885 -0.513841 0
    outer loop
      vertex 70.5583 0.565676 0
      vertex 70.4978 0.666684 3
      vertex 70.4978 0.666684 0
    endloop
  endfacet
  facet normal -0.857885 -0.513841 0
    outer loop
      vertex 70.4978 0.666684 3
      vertex 70.5583 0.565676 0
      vertex 70.5583 0.565676 3
    endloop
  endfacet
  facet normal -0.970059 0.242869 0
    outer loop
      vertex 70.6483 -0.348341 0
      vertex 70.6769 -0.234108 3
      vertex 70.6769 -0.234108 0
    endloop
  endfacet
  facet normal -0.970059 0.242869 0
    outer loop
      vertex 70.6769 -0.234108 3
      vertex 70.6483 -0.348341 0
      vertex 70.6483 -0.348341 3
    endloop
  endfacet
  facet normal 0.427411 -0.904057 0
    outer loop
      vertex 56.9343 1.0583 0
      vertex 57.0408 1.10865 3
      vertex 56.9343 1.0583 3
    endloop
  endfacet
  facet normal 0.427411 -0.904057 0
    outer loop
      vertex 57.0408 1.10865 3
      vertex 56.9343 1.0583 0
      vertex 57.0408 1.10865 0
    endloop
  endfacet
  facet normal 0.998786 0.0492515 0
    outer loop
      vertex 56.3058 -0.11762 3
      vertex 56.3 0 0
      vertex 56.3 0 3
    endloop
  endfacet
  facet normal 0.998786 0.0492515 0
    outer loop
      vertex 56.3 0 0
      vertex 56.3058 -0.11762 3
      vertex 56.3058 -0.11762 0
    endloop
  endfacet
  facet normal -0.941741 -0.336339 0
    outer loop
      vertex 70.6483 0.348341 0
      vertex 70.6087 0.45922 3
      vertex 70.6087 0.45922 0
    endloop
  endfacet
  facet normal -0.941741 -0.336339 0
    outer loop
      vertex 70.6087 0.45922 3
      vertex 70.6483 0.348341 0
      vertex 70.6483 0.348341 3
    endloop
  endfacet
  facet normal -0.0490904 -0.998794 0
    outer loop
      vertex 69.5 1.2 0
      vertex 69.6176 1.19422 3
      vertex 69.5 1.2 3
    endloop
  endfacet
  facet normal -0.0490904 -0.998794 -0
    outer loop
      vertex 69.6176 1.19422 3
      vertex 69.5 1.2 0
      vertex 69.6176 1.19422 0
    endloop
  endfacet
  facet normal 0.989151 0.146902 0
    outer loop
      vertex 56.3231 -0.234108 3
      vertex 56.3058 -0.11762 0
      vertex 56.3058 -0.11762 3
    endloop
  endfacet
  facet normal 0.989151 0.146902 0
    outer loop
      vertex 56.3058 -0.11762 0
      vertex 56.3231 -0.234108 3
      vertex 56.3231 -0.234108 0
    endloop
  endfacet
  facet normal -0.146721 0.989178 0
    outer loop
      vertex 69.7341 -1.17694 0
      vertex 69.6176 -1.19422 3
      vertex 69.7341 -1.17694 3
    endloop
  endfacet
  facet normal -0.146721 0.989178 0
    outer loop
      vertex 69.6176 -1.19422 3
      vertex 69.7341 -1.17694 0
      vertex 69.6176 -1.19422 0
    endloop
  endfacet
  facet normal 0.803006 0.59597 0
    outer loop
      vertex 56.5724 -0.761271 3
      vertex 56.5022 -0.666684 0
      vertex 56.5022 -0.666684 3
    endloop
  endfacet
  facet normal 0.803006 0.59597 0
    outer loop
      vertex 56.5022 -0.666684 0
      vertex 56.5724 -0.761271 3
      vertex 56.5724 -0.761271 0
    endloop
  endfacet
  facet normal -0.671795 -0.740738 0
    outer loop
      vertex 70.2613 0.927612 0
      vertex 70.3485 0.848528 3
      vertex 70.2613 0.927612 3
    endloop
  endfacet
  facet normal -0.671795 -0.740738 -0
    outer loop
      vertex 70.3485 0.848528 3
      vertex 70.2613 0.927612 0
      vertex 70.3485 0.848528 0
    endloop
  endfacet
  facet normal 0.243015 -0.970022 0
    outer loop
      vertex 57.1517 1.14833 0
      vertex 57.2659 1.17694 3
      vertex 57.1517 1.14833 3
    endloop
  endfacet
  facet normal 0.243015 -0.970022 0
    outer loop
      vertex 57.2659 1.17694 3
      vertex 57.1517 1.14833 0
      vertex 57.2659 1.17694 0
    endloop
  endfacet
  facet normal 0.740888 -0.671628 0
    outer loop
      vertex 56.5724 0.761271 3
      vertex 56.6515 0.848528 0
      vertex 56.6515 0.848528 3
    endloop
  endfacet
  facet normal 0.740888 -0.671628 0
    outer loop
      vertex 56.6515 0.848528 0
      vertex 56.5724 0.761271 3
      vertex 56.5724 0.761271 0
    endloop
  endfacet
  facet normal -0.243015 -0.970022 0
    outer loop
      vertex 69.7341 1.17694 0
      vertex 69.8483 1.14833 3
      vertex 69.7341 1.17694 3
    endloop
  endfacet
  facet normal -0.243015 -0.970022 -0
    outer loop
      vertex 69.8483 1.14833 3
      vertex 69.7341 1.17694 0
      vertex 69.8483 1.14833 0
    endloop
  endfacet
  facet normal 0.857885 0.513841 0
    outer loop
      vertex 56.5022 -0.666684 3
      vertex 56.4417 -0.565676 0
      vertex 56.4417 -0.565676 3
    endloop
  endfacet
  facet normal 0.857885 0.513841 0
    outer loop
      vertex 56.4417 -0.565676 0
      vertex 56.5022 -0.666684 3
      vertex 56.5022 -0.666684 0
    endloop
  endfacet
  facet normal 0.514102 -0.857729 0
    outer loop
      vertex 56.8333 0.997763 0
      vertex 56.9343 1.0583 3
      vertex 56.8333 0.997763 3
    endloop
  endfacet
  facet normal 0.514102 -0.857729 0
    outer loop
      vertex 56.9343 1.0583 3
      vertex 56.8333 0.997763 0
      vertex 56.9343 1.0583 0
    endloop
  endfacet
  facet normal -0.989151 -0.146902 0
    outer loop
      vertex 70.6942 0.11762 0
      vertex 70.6769 0.234108 3
      vertex 70.6769 0.234108 0
    endloop
  endfacet
  facet normal -0.989151 -0.146902 0
    outer loop
      vertex 70.6769 0.234108 3
      vertex 70.6942 0.11762 0
      vertex 70.6942 0.11762 3
    endloop
  endfacet
  facet normal 0.989151 -0.146902 0
    outer loop
      vertex 56.3058 0.11762 3
      vertex 56.3231 0.234108 0
      vertex 56.3231 0.234108 3
    endloop
  endfacet
  facet normal 0.989151 -0.146902 0
    outer loop
      vertex 56.3231 0.234108 0
      vertex 56.3058 0.11762 3
      vertex 56.3058 0.11762 0
    endloop
  endfacet
  facet normal -0.514102 0.857729 0
    outer loop
      vertex 70.1667 -0.997763 0
      vertex 70.0657 -1.0583 3
      vertex 70.1667 -0.997763 3
    endloop
  endfacet
  facet normal -0.514102 0.857729 0
    outer loop
      vertex 70.0657 -1.0583 3
      vertex 70.1667 -0.997763 0
      vertex 70.0657 -1.0583 0
    endloop
  endfacet
  facet normal 0.336885 -0.941546 0
    outer loop
      vertex 57.0408 1.10865 0
      vertex 57.1517 1.14833 3
      vertex 57.0408 1.10865 3
    endloop
  endfacet
  facet normal 0.336885 -0.941546 0
    outer loop
      vertex 57.1517 1.14833 3
      vertex 57.0408 1.10865 0
      vertex 57.1517 1.14833 0
    endloop
  endfacet
  facet normal 0.336885 0.941546 -0
    outer loop
      vertex 57.1517 -1.14833 0
      vertex 57.0408 -1.10865 3
      vertex 57.1517 -1.14833 3
    endloop
  endfacet
  facet normal 0.336885 0.941546 0
    outer loop
      vertex 57.0408 -1.10865 3
      vertex 57.1517 -1.14833 0
      vertex 57.0408 -1.10865 0
    endloop
  endfacet
  facet normal -0.740888 -0.671628 0
    outer loop
      vertex 70.4276 0.761271 0
      vertex 70.3485 0.848528 3
      vertex 70.3485 0.848528 0
    endloop
  endfacet
  facet normal -0.740888 -0.671628 0
    outer loop
      vertex 70.3485 0.848528 3
      vertex 70.4276 0.761271 0
      vertex 70.4276 0.761271 3
    endloop
  endfacet
  facet normal -0.514102 -0.857729 0
    outer loop
      vertex 70.0657 1.0583 0
      vertex 70.1667 0.997763 3
      vertex 70.0657 1.0583 3
    endloop
  endfacet
  facet normal -0.514102 -0.857729 -0
    outer loop
      vertex 70.1667 0.997763 3
      vertex 70.0657 1.0583 0
      vertex 70.1667 0.997763 0
    endloop
  endfacet
  facet normal 0.998786 -0.0492515 0
    outer loop
      vertex 56.3 0 3
      vertex 56.3058 0.11762 0
      vertex 56.3058 0.11762 3
    endloop
  endfacet
  facet normal 0.998786 -0.0492515 0
    outer loop
      vertex 56.3058 0.11762 0
      vertex 56.3 0 3
      vertex 56.3 0 0
    endloop
  endfacet
  facet normal -0.941741 0.336339 0
    outer loop
      vertex 70.6087 -0.45922 0
      vertex 70.6483 -0.348341 3
      vertex 70.6483 -0.348341 0
    endloop
  endfacet
  facet normal -0.941741 0.336339 0
    outer loop
      vertex 70.6483 -0.348341 3
      vertex 70.6087 -0.45922 0
      vertex 70.6087 -0.45922 3
    endloop
  endfacet
  facet normal 0.514102 0.857729 -0
    outer loop
      vertex 56.9343 -1.0583 0
      vertex 56.8333 -0.997763 3
      vertex 56.9343 -1.0583 3
    endloop
  endfacet
  facet normal 0.514102 0.857729 0
    outer loop
      vertex 56.8333 -0.997763 3
      vertex 56.9343 -1.0583 0
      vertex 56.8333 -0.997763 0
    endloop
  endfacet
  facet normal -0.243015 0.970022 0
    outer loop
      vertex 69.8483 -1.14833 0
      vertex 69.7341 -1.17694 3
      vertex 69.8483 -1.14833 3
    endloop
  endfacet
  facet normal -0.243015 0.970022 0
    outer loop
      vertex 69.7341 -1.17694 3
      vertex 69.8483 -1.14833 0
      vertex 69.7341 -1.17694 0
    endloop
  endfacet
  facet normal 0.970059 0.242869 0
    outer loop
      vertex 56.3517 -0.348341 3
      vertex 56.3231 -0.234108 0
      vertex 56.3231 -0.234108 3
    endloop
  endfacet
  facet normal 0.970059 0.242869 0
    outer loop
      vertex 56.3231 -0.234108 0
      vertex 56.3517 -0.348341 3
      vertex 56.3517 -0.348341 0
    endloop
  endfacet
  facet normal 0.595649 0.803245 -0
    outer loop
      vertex 56.8333 -0.997763 0
      vertex 56.7387 -0.927612 3
      vertex 56.8333 -0.997763 3
    endloop
  endfacet
  facet normal 0.595649 0.803245 0
    outer loop
      vertex 56.7387 -0.927612 3
      vertex 56.8333 -0.997763 0
      vertex 56.7387 -0.927612 0
    endloop
  endfacet
  facet normal 0.146721 -0.989178 0
    outer loop
      vertex 57.2659 1.17694 0
      vertex 57.3824 1.19422 3
      vertex 57.2659 1.17694 3
    endloop
  endfacet
  facet normal 0.146721 -0.989178 0
    outer loop
      vertex 57.3824 1.19422 3
      vertex 57.2659 1.17694 0
      vertex 57.3824 1.19422 0
    endloop
  endfacet
  facet normal -0.803006 -0.59597 0
    outer loop
      vertex 70.4978 0.666684 0
      vertex 70.4276 0.761271 3
      vertex 70.4276 0.761271 0
    endloop
  endfacet
  facet normal -0.803006 -0.59597 0
    outer loop
      vertex 70.4276 0.761271 3
      vertex 70.4978 0.666684 0
      vertex 70.4978 0.666684 3
    endloop
  endfacet
  facet normal 0.970059 -0.242869 0
    outer loop
      vertex 56.3231 0.234108 3
      vertex 56.3517 0.348341 0
      vertex 56.3517 0.348341 3
    endloop
  endfacet
  facet normal 0.970059 -0.242869 0
    outer loop
      vertex 56.3517 0.348341 0
      vertex 56.3231 0.234108 3
      vertex 56.3231 0.234108 0
    endloop
  endfacet
  facet normal -0.595649 -0.803245 0
    outer loop
      vertex 70.1667 0.997763 0
      vertex 70.2613 0.927612 3
      vertex 70.1667 0.997763 3
    endloop
  endfacet
  facet normal -0.595649 -0.803245 -0
    outer loop
      vertex 70.2613 0.927612 3
      vertex 70.1667 0.997763 0
      vertex 70.2613 0.927612 0
    endloop
  endfacet
  facet normal -0.740888 0.671628 0
    outer loop
      vertex 70.3485 -0.848528 0
      vertex 70.4276 -0.761271 3
      vertex 70.4276 -0.761271 0
    endloop
  endfacet
  facet normal -0.740888 0.671628 0
    outer loop
      vertex 70.4276 -0.761271 3
      vertex 70.3485 -0.848528 0
      vertex 70.3485 -0.848528 3
    endloop
  endfacet
  facet normal -0.903825 -0.427902 0
    outer loop
      vertex 70.6087 0.45922 0
      vertex 70.5583 0.565676 3
      vertex 70.5583 0.565676 0
    endloop
  endfacet
  facet normal -0.903825 -0.427902 0
    outer loop
      vertex 70.5583 0.565676 3
      vertex 70.6087 0.45922 0
      vertex 70.6087 0.45922 3
    endloop
  endfacet
  facet normal 0.857885 -0.513841 0
    outer loop
      vertex 56.4417 0.565676 3
      vertex 56.5022 0.666684 0
      vertex 56.5022 0.666684 3
    endloop
  endfacet
  facet normal 0.857885 -0.513841 0
    outer loop
      vertex 56.5022 0.666684 0
      vertex 56.4417 0.565676 3
      vertex 56.4417 0.565676 0
    endloop
  endfacet
  facet normal 0.671795 -0.740738 0
    outer loop
      vertex 56.6515 0.848528 0
      vertex 56.7387 0.927612 3
      vertex 56.6515 0.848528 3
    endloop
  endfacet
  facet normal 0.671795 -0.740738 0
    outer loop
      vertex 56.7387 0.927612 3
      vertex 56.6515 0.848528 0
      vertex 56.7387 0.927612 0
    endloop
  endfacet
  facet normal 0.903825 -0.427902 0
    outer loop
      vertex 56.3913 0.45922 3
      vertex 56.4417 0.565676 0
      vertex 56.4417 0.565676 3
    endloop
  endfacet
  facet normal 0.903825 -0.427902 0
    outer loop
      vertex 56.4417 0.565676 0
      vertex 56.3913 0.45922 3
      vertex 56.3913 0.45922 0
    endloop
  endfacet
  facet normal -0 0 1
    outer loop
      vertex 74 5 31
      vertex 79 -5 31
      vertex 79 5 31
    endloop
  endfacet
  facet normal 0 0 1
    outer loop
      vertex 79 -5 31
      vertex 74 5 31
      vertex 74 -5 31
    endloop
  endfacet
  facet normal 0 -1 0
    outer loop
      vertex 74 5 31
      vertex 79 5 41
      vertex 74 5 41
    endloop
  endfacet
  facet normal 0 -1 -0
    outer loop
      vertex 79 5 41
      vertex 74 5 31
      vertex 79 5 31
    endloop
  endfacet
  facet normal 0 1 -0
    outer loop
      vertex 79 -5 31
      vertex 74 -5 41
      vertex 79 -5 41
    endloop
  endfacet
  facet normal 0 1 0
    outer loop
      vertex 74 -5 41
      vertex 79 -5 31
      vertex 74 -5 31
    endloop
  endfacet
endsolid OpenSCAD_Model
