solid OpenSCAD_Model
  facet normal 0 0 1
    outer loop
      vertex 79 21 41
      vertex 77.35 14 41
      vertex 79 5 41
    endloop
  endfacet
  facet normal 0 0 1
    outer loop
      vertex 79 21 41
      vertex 77.3459 14.0833 41
      vertex 77.35 14 41
    endloop
  endfacet
  facet normal 0 0 1
    outer loop
      vertex 79 21 41
      vertex 77.3337 14.1658 41
      vertex 77.3459 14.0833 41
    endloop
  endfacet
  facet normal 0 0 1
    outer loop
      vertex 79 21 41
      vertex 77.3134 14.2467 41
      vertex 77.3337 14.1658 41
    endloop
  endfacet
  facet normal 0 0 1
    outer loop
      vertex 79 21 41
      vertex 77.2853 14.3253 41
      vertex 77.3134 14.2467 41
    endloop
  endfacet
  facet normal 0 0 1
    outer loop
      vertex 79 21 41
      vertex 77.2496 14.4007 41
      vertex 77.2853 14.3253 41
    endloop
  endfacet
  facet normal 0 0 1
    outer loop
      vertex 79 21 41
      vertex 77.2067 14.4722 41
      vertex 77.2496 14.4007 41
    endloop
  endfacet
  facet normal 0 0 1
    outer loop
      vertex 79 21 41
      vertex 77.1571 14.5392 41
      vertex 77.2067 14.4722 41
    endloop
  endfacet
  facet normal 0 0 1
    outer loop
      vertex 79 21 41
      vertex 77.101 14.601 41
      vertex 77.1571 14.5392 41
    endloop
  endfacet
  facet normal 0 0 1
    outer loop
      vertex 79 21 41
      vertex 77.0392 14.6571 41
      vertex 77.101 14.601 41
    endloop
  endfacet
  facet normal 0 0 1
    outer loop
      vertex 79 21 41
      vertex 76.9722 14.7067 41
      vertex 77.0392 14.6571 41
    endloop
  endfacet
  facet normal 0 0 1
    outer loop
      vertex 79 21 41
      vertex 76.9007 14.7496 41
      vertex 76.9722 14.7067 41
    endloop
  endfacet
  facet normal 0 0 1
    outer loop
      vertex 79 21 41
      vertex 76.8253 14.7853 41
      vertex 76.9007 14.7496 41
    endloop
  endfacet
  facet normal 0 0 1
    outer loop
      vertex 79 21 41
      vertex 76.7467 14.8134 41
      vertex 76.8253 14.7853 41
    endloop
  endfacet
  facet normal 0 0 1
    outer loop
      vertex 79 21 41
      vertex 76.6658 14.8337 41
      vertex 76.7467 14.8134 41
    endloop
  endfacet
  facet normal -0 0 1
    outer loop
      vertex 74 19 41
      vertex 76.6658 14.8337 41
      vertex 79 21 41
    endloop
  endfacet
  facet normal 0 0 1
    outer loop
      vertex 76.6658 14.8337 41
      vertex 74 19 41
      vertex 76.5833 14.8459 41
    endloop
  endfacet
  facet normal 0 0 1
    outer loop
      vertex 76.5833 14.8459 41
      vertex 74 19 41
      vertex 76.5 14.85 41
    endloop
  endfacet
  facet normal 0 0 1
    outer loop
      vertex 76.5 14.85 41
      vertex 74 19 41
      vertex 76.4167 14.8459 41
    endloop
  endfacet
  facet normal 0 0 1
    outer loop
      vertex 76.4167 14.8459 41
      vertex 74 19 41
      vertex 76.3342 14.8337 41
    endloop
  endfacet
  facet normal 0 0 1
    outer loop
      vertex 76.3342 14.8337 41
      vertex 74 19 41
      vertex 76.2533 14.8134 41
    endloop
  endfacet
  facet normal 0 0 1
    outer loop
      vertex 76.2533 14.8134 41
      vertex 74 19 41
      vertex 76.1747 14.7853 41
    endloop
  endfacet
  facet normal 0 0 1
    outer loop
      vertex 76.1747 14.7853 41
      vertex 74 19 41
      vertex 76.0993 14.7496 41
    endloop
  endfacet
  facet normal 0 0 1
    outer loop
      vertex 76.0993 14.7496 41
      vertex 74 19 41
      vertex 76.0278 14.7067 41
    endloop
  endfacet
  facet normal 0 0 1
    outer loop
      vertex 76.0278 14.7067 41
      vertex 74 19 41
      vertex 75.9608 14.6571 41
    endloop
  endfacet
  facet normal 0 0 1
    outer loop
      vertex 75.9608 14.6571 41
      vertex 74 19 41
      vertex 75.899 14.601 41
    endloop
  endfacet
  facet normal 0 0 1
    outer loop
      vertex 75.899 14.601 41
      vertex 74 19 41
      vertex 75.8429 14.5392 41
    endloop
  endfacet
  facet normal 0 0 1
    outer loop
      vertex 75.8429 14.5392 41
      vertex 74 19 41
      vertex 75.7933 14.4722 41
    endloop
  endfacet
  facet normal 0 0 1
    outer loop
      vertex 75.6541 14.0833 41
      vertex 74 19 41
      vertex 75.65 14 41
    endloop
  endfacet
  facet normal 0 0 1
    outer loop
      vertex 75.6663 14.1658 41
      vertex 74 19 41
      vertex 75.6541 14.0833 41
    endloop
  endfacet
  facet normal 0 0 1
    outer loop
      vertex 75.6866 14.2467 41
      vertex 74 19 41
      vertex 75.6663 14.1658 41
    endloop
  endfacet
  facet normal 0 0 1
    outer loop
      vertex 75.7147 14.3253 41
      vertex 74 19 41
      vertex 75.6866 14.2467 41
    endloop
  endfacet
  facet normal 0 0 1
    outer loop
      vertex 75.7504 14.4007 41
      vertex 74 19 41
      vertex 75.7147 14.3253 41
    endloop
  endfacet
  facet normal 0 0 1
    outer loop
      vertex 75.7933 14.4722 41
      vertex 74 19 41
      vertex 75.7504 14.4007 41
    endloop
  endfacet
  facet normal 0 0 1
    outer loop
      vertex 79 21 41
      vertex 21 19 41
      vertex 74 19 41
    endloop
  endfacet
  facet normal 0 0 1
    outer loop
      vertex 21 19 41
      vertex 20.2 17.3 41
      vertex 21 15.7 41
    endloop
  endfacet
  facet normal 0 0 1
    outer loop
      vertex 21 19 41
      vertex 15.8 17.3 41
      vertex 20.2 17.3 41
    endloop
  endfacet
  facet normal -0 0 1
    outer loop
      vertex 15 21 41
      vertex 21 19 41
      vertex 79 21 41
    endloop
  endfacet
  facet normal 0 0 1
    outer loop
      vertex 15 21 41
      vertex 15.8 17.3 41
      vertex 21 19 41
    endloop
  endfacet
  facet normal 0 0 1
    outer loop
      vertex 15 15.7 41
      vertex 15.8 17.3 41
      vertex 15 21 41
    endloop
  endfacet
  facet normal 0 0 1
    outer loop
      vertex 15.8 17.3 41
      vertex 15 15.7 41
      vertex 15.8 15.7 41
    endloop
  endfacet
  facet normal -0 0 1
    outer loop
      vertex 77.3459 13.9167 41
      vertex 79 5 41
      vertex 77.35 14 41
    endloop
  endfacet
  facet normal -0 0 1
    outer loop
      vertex 77.3337 13.8342 41
      vertex 79 5 41
      vertex 77.3459 13.9167 41
    endloop
  endfacet
  facet normal -0 0 1
    outer loop
      vertex 77.3134 13.7533 41
      vertex 79 5 41
      vertex 77.3337 13.8342 41
    endloop
  endfacet
  facet normal -0 0 1
    outer loop
      vertex 77.2853 13.6747 41
      vertex 79 5 41
      vertex 77.3134 13.7533 41
    endloop
  endfacet
  facet normal -0 0 1
    outer loop
      vertex 77.2496 13.5993 41
      vertex 79 5 41
      vertex 77.2853 13.6747 41
    endloop
  endfacet
  facet normal -0 0 1
    outer loop
      vertex 77.2067 13.5278 41
      vertex 79 5 41
      vertex 77.2496 13.5993 41
    endloop
  endfacet
  facet normal -0 0 1
    outer loop
      vertex 77.1571 13.4608 41
      vertex 79 5 41
      vertex 77.2067 13.5278 41
    endloop
  endfacet
  facet normal -0 0 1
    outer loop
      vertex 77.101 13.399 41
      vertex 79 5 41
      vertex 77.1571 13.4608 41
    endloop
  endfacet
  facet normal -0 0 1
    outer loop
      vertex 77.0392 13.3429 41
      vertex 79 5 41
      vertex 77.101 13.399 41
    endloop
  endfacet
  facet normal -0 0 1
    outer loop
      vertex 76.9722 13.2933 41
      vertex 79 5 41
      vertex 77.0392 13.3429 41
    endloop
  endfacet
  facet normal -0 0 1
    outer loop
      vertex 76.9007 13.2504 41
      vertex 79 5 41
      vertex 76.9722 13.2933 41
    endloop
  endfacet
  facet normal -0 0 1
    outer loop
      vertex 76.8253 13.2147 41
      vertex 79 5 41
      vertex 76.9007 13.2504 41
    endloop
  endfacet
  facet normal -0 0 1
    outer loop
      vertex 76.7467 13.1866 41
      vertex 79 5 41
      vertex 76.8253 13.2147 41
    endloop
  endfacet
  facet normal -0 0 1
    outer loop
      vertex 76.6658 13.1663 41
      vertex 79 5 41
      vertex 76.7467 13.1866 41
    endloop
  endfacet
  facet normal -0 0 1
    outer loop
      vertex 76.5833 13.1541 41
      vertex 79 5 41
      vertex 76.6658 13.1663 41
    endloop
  endfacet
  facet normal -0 0 1
    outer loop
      vertex 76.5 13.15 41
      vertex 79 5 41
      vertex 76.5833 13.1541 41
    endloop
  endfacet
  facet normal 0 0 1
    outer loop
      vertex 74 5 41
      vertex 76.5 13.15 41
      vertex 76.4167 13.1541 41
    endloop
  endfacet
  facet normal 0 0 1
    outer loop
      vertex 74 5 41
      vertex 76.4167 13.1541 41
      vertex 76.3342 13.1663 41
    endloop
  endfacet
  facet normal 0 0 1
    outer loop
      vertex 74 5 41
      vertex 76.3342 13.1663 41
      vertex 76.2533 13.1866 41
    endloop
  endfacet
  facet normal 0 0 1
    outer loop
      vertex 74 5 41
      vertex 76.2533 13.1866 41
      vertex 76.1747 13.2147 41
    endloop
  endfacet
  facet normal 0 0 1
    outer loop
      vertex 74 5 41
      vertex 76.1747 13.2147 41
      vertex 76.0993 13.2504 41
    endloop
  endfacet
  facet normal 0 0 1
    outer loop
      vertex 74 5 41
      vertex 76.0993 13.2504 41
      vertex 76.0278 13.2933 41
    endloop
  endfacet
  facet normal 0 0 1
    outer loop
      vertex 74 5 41
      vertex 76.0278 13.2933 41
      vertex 75.9608 13.3429 41
    endloop
  endfacet
  facet normal 0 0 1
    outer loop
      vertex 74 5 41
      vertex 75.9608 13.3429 41
      vertex 75.899 13.399 41
    endloop
  endfacet
  facet normal 0 0 1
    outer loop
      vertex 74 5 41
      vertex 75.899 13.399 41
      vertex 75.8429 13.4608 41
    endloop
  endfacet
  facet normal 0 0 1
    outer loop
      vertex 74 5 41
      vertex 75.8429 13.4608 41
      vertex 75.7933 13.5278 41
    endloop
  endfacet
  facet normal 0 0 1
    outer loop
      vertex 74 5 41
      vertex 75.7933 13.5278 41
      vertex 75.7504 13.5993 41
    endloop
  endfacet
  facet normal 0 0 1
    outer loop
      vertex 74 5 41
      vertex 75.7504 13.5993 41
      vertex 75.7147 13.6747 41
    endloop
  endfacet
  facet normal 0 0 1
    outer loop
      vertex 74 19 41
      vertex 75.6541 13.9167 41
      vertex 75.65 14 41
    endloop
  endfacet
  facet normal 0 0 1
    outer loop
      vertex 74 5 41
      vertex 75.6541 13.9167 41
      vertex 74 19 41
    endloop
  endfacet
  facet normal 0 0 1
    outer loop
      vertex 75.6541 13.9167 41
      vertex 74 5 41
      vertex 75.6663 13.8342 41
    endloop
  endfacet
  facet normal 0 0 1
    outer loop
      vertex 76.5 13.15 41
      vertex 74 5 41
      vertex 79 5 41
    endloop
  endfacet
  facet normal 0 0 1
    outer loop
      vertex 75.6866 13.7533 41
      vertex 74 5 41
      vertex 75.7147 13.6747 41
    endloop
  endfacet
  facet normal 0 0 1
    outer loop
      vertex 75.6663 13.8342 41
      vertex 74 5 41
      vertex 75.6866 13.7533 41
    endloop
  endfacet
  facet normal 0 0 1
    outer loop
      vertex 21 15.7 41
      vertex 20.2 17.3 41
      vertex 20.2 15.7 41
    endloop
  endfacet
  facet normal 0 0 1
    outer loop
      vertex 15.8 -15.7 41
      vertex 15 -15.7 41
      vertex 15.8 -17.3 41
    endloop
  endfacet
  facet normal 0 0 1
    outer loop
      vertex 20.2 -17.3 41
      vertex 21 -15.7 41
      vertex 20.2 -15.7 41
    endloop
  endfacet
  facet normal 0 0 1
    outer loop
      vertex 79 -5 41
      vertex 77.35 -14 41
      vertex 79 -21 41
    endloop
  endfacet
  facet normal 0 0 1
    outer loop
      vertex 79 -5 41
      vertex 77.3459 -13.9167 41
      vertex 77.35 -14 41
    endloop
  endfacet
  facet normal 0 0 1
    outer loop
      vertex 79 -5 41
      vertex 77.3337 -13.8342 41
      vertex 77.3459 -13.9167 41
    endloop
  endfacet
  facet normal 0 0 1
    outer loop
      vertex 79 -5 41
      vertex 77.3134 -13.7533 41
      vertex 77.3337 -13.8342 41
    endloop
  endfacet
  facet normal 0 0 1
    outer loop
      vertex 79 -5 41
      vertex 77.2853 -13.6747 41
      vertex 77.3134 -13.7533 41
    endloop
  endfacet
  facet normal 0 0 1
    outer loop
      vertex 79 -5 41
      vertex 77.2496 -13.5993 41
      vertex 77.2853 -13.6747 41
    endloop
  endfacet
  facet normal 0 0 1
    outer loop
      vertex 79 -5 41
      vertex 77.2067 -13.5278 41
      vertex 77.2496 -13.5993 41
    endloop
  endfacet
  facet normal 0 0 1
    outer loop
      vertex 79 -5 41
      vertex 77.1571 -13.4608 41
      vertex 77.2067 -13.5278 41
    endloop
  endfacet
  facet normal 0 0 1
    outer loop
      vertex 79 -5 41
      vertex 77.101 -13.399 41
      vertex 77.1571 -13.4608 41
    endloop
  endfacet
  facet normal 0 0 1
    outer loop
      vertex 79 -5 41
      vertex 77.0392 -13.3429 41
      vertex 77.101 -13.399 41
    endloop
  endfacet
  facet normal 0 0 1
    outer loop
      vertex 79 -5 41
      vertex 76.9722 -13.2933 41
      vertex 77.0392 -13.3429 41
    endloop
  endfacet
  facet normal 0 0 1
    outer loop
      vertex 79 -5 41
      vertex 76.9007 -13.2504 41
      vertex 76.9722 -13.2933 41
    endloop
  endfacet
  facet normal 0 0 1
    outer loop
      vertex 79 -5 41
      vertex 76.8253 -13.2147 41
      vertex 76.9007 -13.2504 41
    endloop
  endfacet
  facet normal 0 0 1
    outer loop
      vertex 79 -5 41
      vertex 76.7467 -13.1866 41
      vertex 76.8253 -13.2147 41
    endloop
  endfacet
  facet normal 0 0 1
    outer loop
      vertex 79 -5 41
      vertex 76.6658 -13.1663 41
      vertex 76.7467 -13.1866 41
    endloop
  endfacet
  facet normal 0 0 1
    outer loop
      vertex 79 -5 41
      vertex 76.5833 -13.1541 41
      vertex 76.6658 -13.1663 41
    endloop
  endfacet
  facet normal 0 0 1
    outer loop
      vertex 79 -5 41
      vertex 76.5 -13.15 41
      vertex 76.5833 -13.1541 41
    endloop
  endfacet
  facet normal -0 0 1
    outer loop
      vertex 74 -5 41
      vertex 76.5 -13.15 41
      vertex 79 -5 41
    endloop
  endfacet
  facet normal 0 0 1
    outer loop
      vertex 76.5 -13.15 41
      vertex 74 -5 41
      vertex 76.4167 -13.1541 41
    endloop
  endfacet
  facet normal 0 0 1
    outer loop
      vertex 76.4167 -13.1541 41
      vertex 74 -5 41
      vertex 76.3342 -13.1663 41
    endloop
  endfacet
  facet normal 0 0 1
    outer loop
      vertex 76.3342 -13.1663 41
      vertex 74 -5 41
      vertex 76.2533 -13.1866 41
    endloop
  endfacet
  facet normal 0 0 1
    outer loop
      vertex 76.2533 -13.1866 41
      vertex 74 -5 41
      vertex 76.1747 -13.2147 41
    endloop
  endfacet
  facet normal 0 0 1
    outer loop
      vertex 76.1747 -13.2147 41
      vertex 74 -5 41
      vertex 76.0993 -13.2504 41
    endloop
  endfacet
  facet normal 0 0 1
    outer loop
      vertex 76.0993 -13.2504 41
      vertex 74 -5 41
      vertex 76.0278 -13.2933 41
    endloop
  endfacet
  facet normal 0 0 1
    outer loop
      vertex 76.0278 -13.2933 41
      vertex 74 -5 41
      vertex 75.9608 -13.3429 41
    endloop
  endfacet
  facet normal 0 0 1
    outer loop
      vertex 75.9608 -13.3429 41
      vertex 74 -5 41
      vertex 75.899 -13.399 41
    endloop
  endfacet
  facet normal 0 0 1
    outer loop
      vertex 75.899 -13.399 41
      vertex 74 -5 41
      vertex 75.8429 -13.4608 41
    endloop
  endfacet
  facet normal 0 0 1
    outer loop
      vertex 75.8429 -13.4608 41
      vertex 74 -5 41
      vertex 75.7933 -13.5278 41
    endloop
  endfacet
  facet normal 0 0 1
    outer loop
      vertex 75.7933 -13.5278 41
      vertex 74 -5 41
      vertex 75.7504 -13.5993 41
    endloop
  endfacet
  facet normal 0 0 1
    outer loop
      vertex 74 -19 41
      vertex 75.6541 -13.9167 41
      vertex 74 -5 41
    endloop
  endfacet
  facet normal 0 0 1
    outer loop
      vertex 75.6663 -13.8342 41
      vertex 74 -5 41
      vertex 75.6541 -13.9167 41
    endloop
  endfacet
  facet normal 0 0 1
    outer loop
      vertex 75.6866 -13.7533 41
      vertex 74 -5 41
      vertex 75.6663 -13.8342 41
    endloop
  endfacet
  facet normal 0 0 1
    outer loop
      vertex 75.7147 -13.6747 41
      vertex 74 -5 41
      vertex 75.6866 -13.7533 41
    endloop
  endfacet
  facet normal 0 0 1
    outer loop
      vertex 75.7504 -13.5993 41
      vertex 74 -5 41
      vertex 75.7147 -13.6747 41
    endloop
  endfacet
  facet normal -0 0 1
    outer loop
      vertex 77.3459 -14.0833 41
      vertex 79 -21 41
      vertex 77.35 -14 41
    endloop
  endfacet
  facet normal -0 0 1
    outer loop
      vertex 77.3337 -14.1658 41
      vertex 79 -21 41
      vertex 77.3459 -14.0833 41
    endloop
  endfacet
  facet normal -0 0 1
    outer loop
      vertex 77.3134 -14.2467 41
      vertex 79 -21 41
      vertex 77.3337 -14.1658 41
    endloop
  endfacet
  facet normal -0 0 1
    outer loop
      vertex 77.2853 -14.3253 41
      vertex 79 -21 41
      vertex 77.3134 -14.2467 41
    endloop
  endfacet
  facet normal -0 0 1
    outer loop
      vertex 77.2496 -14.4007 41
      vertex 79 -21 41
      vertex 77.2853 -14.3253 41
    endloop
  endfacet
  facet normal -0 0 1
    outer loop
      vertex 77.2067 -14.4722 41
      vertex 79 -21 41
      vertex 77.2496 -14.4007 41
    endloop
  endfacet
  facet normal -0 0 1
    outer loop
      vertex 77.1571 -14.5392 41
      vertex 79 -21 41
      vertex 77.2067 -14.4722 41
    endloop
  endfacet
  facet normal -0 0 1
    outer loop
      vertex 77.101 -14.601 41
      vertex 79 -21 41
      vertex 77.1571 -14.5392 41
    endloop
  endfacet
  facet normal -0 0 1
    outer loop
      vertex 77.0392 -14.6571 41
      vertex 79 -21 41
      vertex 77.101 -14.601 41
    endloop
  endfacet
  facet normal -0 0 1
    outer loop
      vertex 76.9722 -14.7067 41
      vertex 79 -21 41
      vertex 77.0392 -14.6571 41
    endloop
  endfacet
  facet normal -0 0 1
    outer loop
      vertex 76.9007 -14.7496 41
      vertex 79 -21 41
      vertex 76.9722 -14.7067 41
    endloop
  endfacet
  facet normal -0 0 1
    outer loop
      vertex 76.8253 -14.7853 41
      vertex 79 -21 41
      vertex 76.9007 -14.7496 41
    endloop
  endfacet
  facet normal -0 0 1
    outer loop
      vertex 76.7467 -14.8134 41
      vertex 79 -21 41
      vertex 76.8253 -14.7853 41
    endloop
  endfacet
  facet normal -0 0 1
    outer loop
      vertex 76.6658 -14.8337 41
      vertex 79 -21 41
      vertex 76.7467 -14.8134 41
    endloop
  endfacet
  facet normal 0 0 1
    outer loop
      vertex 74 -19 41
      vertex 76.6658 -14.8337 41
      vertex 76.5833 -14.8459 41
    endloop
  endfacet
  facet normal 0 0 1
    outer loop
      vertex 74 -19 41
      vertex 76.5833 -14.8459 41
      vertex 76.5 -14.85 41
    endloop
  endfacet
  facet normal 0 0 1
    outer loop
      vertex 74 -19 41
      vertex 76.5 -14.85 41
      vertex 76.4167 -14.8459 41
    endloop
  endfacet
  facet normal 0 0 1
    outer loop
      vertex 74 -19 41
      vertex 76.4167 -14.8459 41
      vertex 76.3342 -14.8337 41
    endloop
  endfacet
  facet normal 0 0 1
    outer loop
      vertex 74 -19 41
      vertex 76.3342 -14.8337 41
      vertex 76.2533 -14.8134 41
    endloop
  endfacet
  facet normal 0 0 1
    outer loop
      vertex 74 -19 41
      vertex 76.2533 -14.8134 41
      vertex 76.1747 -14.7853 41
    endloop
  endfacet
  facet normal 0 0 1
    outer loop
      vertex 74 -19 41
      vertex 76.1747 -14.7853 41
      vertex 76.0993 -14.7496 41
    endloop
  endfacet
  facet normal 0 0 1
    outer loop
      vertex 74 -19 41
      vertex 76.0993 -14.7496 41
      vertex 76.0278 -14.7067 41
    endloop
  endfacet
  facet normal 0 0 1
    outer loop
      vertex 74 -19 41
      vertex 76.0278 -14.7067 41
      vertex 75.9608 -14.6571 41
    endloop
  endfacet
  facet normal 0 0 1
    outer loop
      vertex 74 -19 41
      vertex 75.9608 -14.6571 41
      vertex 75.899 -14.601 41
    endloop
  endfacet
  facet normal 0 0 1
    outer loop
      vertex 74 -19 41
      vertex 75.899 -14.601 41
      vertex 75.8429 -14.5392 41
    endloop
  endfacet
  facet normal 0 0 1
    outer loop
      vertex 74 -19 41
      vertex 75.8429 -14.5392 41
      vertex 75.7933 -14.4722 41
    endloop
  endfacet
  facet normal 0 0 1
    outer loop
      vertex 74 -19 41
      vertex 75.7933 -14.4722 41
      vertex 75.7504 -14.4007 41
    endloop
  endfacet
  facet normal 0 0 1
    outer loop
      vertex 75.6541 -13.9167 41
      vertex 74 -19 41
      vertex 75.65 -14 41
    endloop
  endfacet
  facet normal 0 0 1
    outer loop
      vertex 75.65 -14 41
      vertex 74 -19 41
      vertex 75.6541 -14.0833 41
    endloop
  endfacet
  facet normal 0 0 1
    outer loop
      vertex 75.6541 -14.0833 41
      vertex 74 -19 41
      vertex 75.6663 -14.1658 41
    endloop
  endfacet
  facet normal 0 0 1
    outer loop
      vertex 74 -19 41
      vertex 75.6866 -14.2467 41
      vertex 75.6663 -14.1658 41
    endloop
  endfacet
  facet normal 0 0 1
    outer loop
      vertex 74 -19 41
      vertex 75.7147 -14.3253 41
      vertex 75.6866 -14.2467 41
    endloop
  endfacet
  facet normal 0 0 1
    outer loop
      vertex 74 -19 41
      vertex 75.7504 -14.4007 41
      vertex 75.7147 -14.3253 41
    endloop
  endfacet
  facet normal 0 0 1
    outer loop
      vertex 76.6658 -14.8337 41
      vertex 74 -19 41
      vertex 79 -21 41
    endloop
  endfacet
  facet normal -0 0 1
    outer loop
      vertex 21 -19 41
      vertex 79 -21 41
      vertex 74 -19 41
    endloop
  endfacet
  facet normal 0 0 1
    outer loop
      vertex 21 -15.7 41
      vertex 20.2 -17.3 41
      vertex 21 -19 41
    endloop
  endfacet
  facet normal -0 0 1
    outer loop
      vertex 15.8 -17.3 41
      vertex 21 -19 41
      vertex 20.2 -17.3 41
    endloop
  endfacet
  facet normal 0 0 1
    outer loop
      vertex 21 -19 41
      vertex 15 -21 41
      vertex 79 -21 41
    endloop
  endfacet
  facet normal 0 0 1
    outer loop
      vertex 15.8 -17.3 41
      vertex 15 -21 41
      vertex 21 -19 41
    endloop
  endfacet
  facet normal 0 0 1
    outer loop
      vertex 15 -21 41
      vertex 15.8 -17.3 41
      vertex 15 -15.7 41
    endloop
  endfacet
  facet normal 0 0 -1
    outer loop
      vertex 39.25 -33.5 0
      vertex 45.95 -45 0
      vertex 39.25 -38.5 0
    endloop
  endfacet
  facet normal 0 0 -1
    outer loop
      vertex 36.45 -45 0
      vertex 39.25 -38.5 0
      vertex 45.95 -45 0
    endloop
  endfacet
  facet normal -0 0 -1
    outer loop
      vertex 37.45 -38.5 0
      vertex 36.45 -45 0
      vertex 37.45 -33.5 0
    endloop
  endfacet
  facet normal -0 0 -1
    outer loop
      vertex 39.25 -38.5 0
      vertex 36.45 -45 0
      vertex 37.45 -38.5 0
    endloop
  endfacet
  facet normal 0 0 -1
    outer loop
      vertex 69.7341 1.17694 0
      vertex 69.75 2 0
      vertex 69.8483 1.14833 0
    endloop
  endfacet
  facet normal 0 0 -1
    outer loop
      vertex 69.6176 1.19422 0
      vertex 69.75 2 0
      vertex 69.7341 1.17694 0
    endloop
  endfacet
  facet normal 0 0 -1
    outer loop
      vertex 69.5 1.2 0
      vertex 69.75 2 0
      vertex 69.6176 1.19422 0
    endloop
  endfacet
  facet normal 0 0 -1
    outer loop
      vertex 69.5 1.2 0
      vertex 69.25 2 0
      vertex 69.75 2 0
    endloop
  endfacet
  facet normal 0 0 -1
    outer loop
      vertex 68.75 4.5 0
      vertex 69.25 2 0
      vertex 68.75 2 0
    endloop
  endfacet
  facet normal 0 0 -1
    outer loop
      vertex 69.5 1.2 0
      vertex 68.75 2 0
      vertex 69.25 2 0
    endloop
  endfacet
  facet normal 0 0 -1
    outer loop
      vertex 69.5 1.2 0
      vertex 68.25 2 0
      vertex 68.75 2 0
    endloop
  endfacet
  facet normal 0 0 -1
    outer loop
      vertex 68.25 2 0
      vertex 67.75 2 0
      vertex 68.25 4.5 0
    endloop
  endfacet
  facet normal 0 0 -1
    outer loop
      vertex 69.5 1.2 0
      vertex 67.75 2 0
      vertex 68.25 2 0
    endloop
  endfacet
  facet normal 0 0 -1
    outer loop
      vertex 69.5 1.2 0
      vertex 67.25 2 0
      vertex 67.75 2 0
    endloop
  endfacet
  facet normal 0 0 -1
    outer loop
      vertex 67.25 2 0
      vertex 66.75 2 0
      vertex 67.25 4.5 0
    endloop
  endfacet
  facet normal 0 0 -1
    outer loop
      vertex 69.5 1.2 0
      vertex 66.75 2 0
      vertex 67.25 2 0
    endloop
  endfacet
  facet normal 0 0 -1
    outer loop
      vertex 69.5 1.2 0
      vertex 66.25 2 0
      vertex 66.75 2 0
    endloop
  endfacet
  facet normal 0 0 -1
    outer loop
      vertex 66.25 2 0
      vertex 65.75 2 0
      vertex 66.25 4.5 0
    endloop
  endfacet
  facet normal 0 0 -1
    outer loop
      vertex 69.5 1.2 0
      vertex 65.75 2 0
      vertex 66.25 2 0
    endloop
  endfacet
  facet normal 0 0 -1
    outer loop
      vertex 69.5 1.2 0
      vertex 65.25 2 0
      vertex 65.75 2 0
    endloop
  endfacet
  facet normal 0 0 -1
    outer loop
      vertex 64.75 4.5 0
      vertex 65.25 2 0
      vertex 64.75 2 0
    endloop
  endfacet
  facet normal 0 0 -1
    outer loop
      vertex 69.5 1.2 0
      vertex 64.75 2 0
      vertex 65.25 2 0
    endloop
  endfacet
  facet normal 0 0 -1
    outer loop
      vertex 69.5 1.2 0
      vertex 64.25 2 0
      vertex 64.75 2 0
    endloop
  endfacet
  facet normal 0 0 -1
    outer loop
      vertex 64.25 2 0
      vertex 63.75 2 0
      vertex 64.25 4.5 0
    endloop
  endfacet
  facet normal 0 0 -1
    outer loop
      vertex 69.5 1.2 0
      vertex 63.75 2 0
      vertex 64.25 2 0
    endloop
  endfacet
  facet normal 0 0 -1
    outer loop
      vertex 69.5 1.2 0
      vertex 63.25 2 0
      vertex 63.75 2 0
    endloop
  endfacet
  facet normal 0 0 -1
    outer loop
      vertex 63.25 2 0
      vertex 62.75 2 0
      vertex 63.25 4.5 0
    endloop
  endfacet
  facet normal 0 0 -1
    outer loop
      vertex 57.5 1.2 0
      vertex 63.25 2 0
      vertex 69.5 1.2 0
    endloop
  endfacet
  facet normal -0 0 -1
    outer loop
      vertex 63.25 2 0
      vertex 57.5 1.2 0
      vertex 62.75 2 0
    endloop
  endfacet
  facet normal 0 0 -1
    outer loop
      vertex 62.25 2 0
      vertex 61.75 2 0
      vertex 62.25 4.5 0
    endloop
  endfacet
  facet normal -0 0 -1
    outer loop
      vertex 62.75 2 0
      vertex 57.5 1.2 0
      vertex 62.25 2 0
    endloop
  endfacet
  facet normal -0 0 -1
    outer loop
      vertex 62.25 2 0
      vertex 57.5 1.2 0
      vertex 61.75 2 0
    endloop
  endfacet
  facet normal 0 0 -1
    outer loop
      vertex 60.75 4.5 0
      vertex 61.25 2 0
      vertex 60.75 2 0
    endloop
  endfacet
  facet normal -0 0 -1
    outer loop
      vertex 61.75 2 0
      vertex 57.5 1.2 0
      vertex 61.25 2 0
    endloop
  endfacet
  facet normal -0 0 -1
    outer loop
      vertex 61.25 2 0
      vertex 57.5 1.2 0
      vertex 60.75 2 0
    endloop
  endfacet
  facet normal 0 0 -1
    outer loop
      vertex 60.25 2 0
      vertex 59.75 2 0
      vertex 60.25 4.5 0
    endloop
  endfacet
  facet normal -0 0 -1
    outer loop
      vertex 60.75 2 0
      vertex 57.5 1.2 0
      vertex 60.25 2 0
    endloop
  endfacet
  facet normal -0 0 -1
    outer loop
      vertex 60.25 2 0
      vertex 57.5 1.2 0
      vertex 59.75 2 0
    endloop
  endfacet
  facet normal 0 0 -1
    outer loop
      vertex 59.25 2 0
      vertex 58.75 2 0
      vertex 59.25 4.5 0
    endloop
  endfacet
  facet normal -0 0 -1
    outer loop
      vertex 59.75 2 0
      vertex 57.5 1.2 0
      vertex 59.25 2 0
    endloop
  endfacet
  facet normal -0 0 -1
    outer loop
      vertex 59.25 2 0
      vertex 57.5 1.2 0
      vertex 58.75 2 0
    endloop
  endfacet
  facet normal 0 0 -1
    outer loop
      vertex 58.25 2 0
      vertex 57.75 2 0
      vertex 58.25 4.5 0
    endloop
  endfacet
  facet normal -0 0 -1
    outer loop
      vertex 58.75 2 0
      vertex 57.5 1.2 0
      vertex 58.25 2 0
    endloop
  endfacet
  facet normal -0 0 -1
    outer loop
      vertex 58.25 2 0
      vertex 57.5 1.2 0
      vertex 57.75 2 0
    endloop
  endfacet
  facet normal 0 0 -1
    outer loop
      vertex 57.25 2 0
      vertex 57.5 1.2 0
      vertex 57.3824 1.19422 0
    endloop
  endfacet
  facet normal 0 0 -1
    outer loop
      vertex 57.25 2 0
      vertex 57.3824 1.19422 0
      vertex 57.2659 1.17694 0
    endloop
  endfacet
  facet normal 0 0 -1
    outer loop
      vertex 57.5 1.2 0
      vertex 57.25 2 0
      vertex 57.75 2 0
    endloop
  endfacet
  facet normal 0 0 -1
    outer loop
      vertex 57.0408 1.10865 0
      vertex 57.25 2 0
      vertex 57.1517 1.14833 0
    endloop
  endfacet
  facet normal 0 0 -1
    outer loop
      vertex 57.1517 1.14833 0
      vertex 57.25 2 0
      vertex 57.2659 1.17694 0
    endloop
  endfacet
  facet normal 0 0 -1
    outer loop
      vertex 79 -21 0
      vertex 70.7 0 0
      vertex 79 21 0
    endloop
  endfacet
  facet normal 0 0 -1
    outer loop
      vertex 79 -21 0
      vertex 70.6942 -0.11762 0
      vertex 70.7 0 0
    endloop
  endfacet
  facet normal 0 0 -1
    outer loop
      vertex 79 -21 0
      vertex 70.6769 -0.234108 0
      vertex 70.6942 -0.11762 0
    endloop
  endfacet
  facet normal 0 0 -1
    outer loop
      vertex 79 -21 0
      vertex 70.6483 -0.348341 0
      vertex 70.6769 -0.234108 0
    endloop
  endfacet
  facet normal 0 0 -1
    outer loop
      vertex 79 -21 0
      vertex 70.6087 -0.45922 0
      vertex 70.6483 -0.348341 0
    endloop
  endfacet
  facet normal 0 0 -1
    outer loop
      vertex 79 -21 0
      vertex 70.5583 -0.565676 0
      vertex 70.6087 -0.45922 0
    endloop
  endfacet
  facet normal 0 0 -1
    outer loop
      vertex 79 -21 0
      vertex 70.4978 -0.666684 0
      vertex 70.5583 -0.565676 0
    endloop
  endfacet
  facet normal 0 0 -1
    outer loop
      vertex 79 -21 0
      vertex 70.4276 -0.761271 0
      vertex 70.4978 -0.666684 0
    endloop
  endfacet
  facet normal 0 0 -1
    outer loop
      vertex 79 -21 0
      vertex 70.3485 -0.848528 0
      vertex 70.4276 -0.761271 0
    endloop
  endfacet
  facet normal 0 0 -1
    outer loop
      vertex 79 -21 0
      vertex 70.2613 -0.927612 0
      vertex 70.3485 -0.848528 0
    endloop
  endfacet
  facet normal 0 0 -1
    outer loop
      vertex 79 -21 0
      vertex 70.1667 -0.997763 0
      vertex 70.2613 -0.927612 0
    endloop
  endfacet
  facet normal 0 0 -1
    outer loop
      vertex 79 -21 0
      vertex 70.0657 -1.0583 0
      vertex 70.1667 -0.997763 0
    endloop
  endfacet
  facet normal 0 0 -1
    outer loop
      vertex 79 -21 0
      vertex 69.9592 -1.10865 0
      vertex 70.0657 -1.0583 0
    endloop
  endfacet
  facet normal 0 0 -1
    outer loop
      vertex 79 -21 0
      vertex 69.8483 -1.14833 0
      vertex 69.9592 -1.10865 0
    endloop
  endfacet
  facet normal 0 0 -1
    outer loop
      vertex 79 -21 0
      vertex 69.7341 -1.17694 0
      vertex 69.8483 -1.14833 0
    endloop
  endfacet
  facet normal 0 0 -1
    outer loop
      vertex 79 -21 0
      vertex 69.6176 -1.19422 0
      vertex 69.7341 -1.17694 0
    endloop
  endfacet
  facet normal 0 0 -1
    outer loop
      vertex 79 -21 0
      vertex 69.5 -1.2 0
      vertex 69.6176 -1.19422 0
    endloop
  endfacet
  facet normal 0 0 -1
    outer loop
      vertex 79 -21 0
      vertex 57.5 -1.2 0
      vertex 69.5 -1.2 0
    endloop
  endfacet
  facet normal 0 0 -1
    outer loop
      vertex 45.95 -21 0
      vertex 57.5 -1.2 0
      vertex 79 -21 0
    endloop
  endfacet
  facet normal -0 0 -1
    outer loop
      vertex 57.5 -1.2 0
      vertex 45.95 -21 0
      vertex 57.3824 -1.19422 0
    endloop
  endfacet
  facet normal -0 0 -1
    outer loop
      vertex 57.3824 -1.19422 0
      vertex 45.95 -21 0
      vertex 57.2659 -1.17694 0
    endloop
  endfacet
  facet normal -0 0 -1
    outer loop
      vertex 57.2659 -1.17694 0
      vertex 45.95 -21 0
      vertex 57.1517 -1.14833 0
    endloop
  endfacet
  facet normal -0 0 -1
    outer loop
      vertex 57.1517 -1.14833 0
      vertex 45.95 -21 0
      vertex 57.0408 -1.10865 0
    endloop
  endfacet
  facet normal -0 0 -1
    outer loop
      vertex 57.0408 -1.10865 0
      vertex 45.95 -21 0
      vertex 56.9343 -1.0583 0
    endloop
  endfacet
  facet normal -0 0 -1
    outer loop
      vertex 56.9343 -1.0583 0
      vertex 45.95 -21 0
      vertex 56.8333 -0.997763 0
    endloop
  endfacet
  facet normal -0 0 -1
    outer loop
      vertex 56.3231 -0.234108 0
      vertex 36.45 -21 0
      vertex 56.3058 -0.11762 0
    endloop
  endfacet
  facet normal -0 0 -1
    outer loop
      vertex 56.3517 -0.348341 0
      vertex 36.45 -21 0
      vertex 56.3231 -0.234108 0
    endloop
  endfacet
  facet normal 0 0 -1
    outer loop
      vertex 36.45 -21 0
      vertex 56.3517 -0.348341 0
      vertex 45.95 -21 0
    endloop
  endfacet
  facet normal -0 0 -1
    outer loop
      vertex 56.3913 -0.45922 0
      vertex 45.95 -21 0
      vertex 56.3517 -0.348341 0
    endloop
  endfacet
  facet normal -0 0 -1
    outer loop
      vertex 56.4417 -0.565676 0
      vertex 45.95 -21 0
      vertex 56.3913 -0.45922 0
    endloop
  endfacet
  facet normal -0 0 -1
    outer loop
      vertex 56.5022 -0.666684 0
      vertex 45.95 -21 0
      vertex 56.4417 -0.565676 0
    endloop
  endfacet
  facet normal -0 0 -1
    outer loop
      vertex 56.5724 -0.761271 0
      vertex 45.95 -21 0
      vertex 56.5022 -0.666684 0
    endloop
  endfacet
  facet normal -0 0 -1
    outer loop
      vertex 56.6515 -0.848528 0
      vertex 45.95 -21 0
      vertex 56.5724 -0.761271 0
    endloop
  endfacet
  facet normal -0 0 -1
    outer loop
      vertex 56.7387 -0.927612 0
      vertex 45.95 -21 0
      vertex 56.6515 -0.848528 0
    endloop
  endfacet
  facet normal -0 0 -1
    outer loop
      vertex 56.8333 -0.997763 0
      vertex 45.95 -21 0
      vertex 56.7387 -0.927612 0
    endloop
  endfacet
  facet normal 0 0 -1
    outer loop
      vertex 70.6942 0.11762 0
      vertex 79 21 0
      vertex 70.7 0 0
    endloop
  endfacet
  facet normal 0 0 -1
    outer loop
      vertex 70.6769 0.234108 0
      vertex 79 21 0
      vertex 70.6942 0.11762 0
    endloop
  endfacet
  facet normal 0 0 -1
    outer loop
      vertex 70.6483 0.348341 0
      vertex 79 21 0
      vertex 70.6769 0.234108 0
    endloop
  endfacet
  facet normal 0 0 -1
    outer loop
      vertex 69.75 7 0
      vertex 70.6483 0.348341 0
      vertex 70.6087 0.45922 0
    endloop
  endfacet
  facet normal 0 0 -1
    outer loop
      vertex 69.75 7 0
      vertex 70.6087 0.45922 0
      vertex 70.5583 0.565676 0
    endloop
  endfacet
  facet normal 0 0 -1
    outer loop
      vertex 69.75 7 0
      vertex 70.5583 0.565676 0
      vertex 70.4978 0.666684 0
    endloop
  endfacet
  facet normal 0 0 -1
    outer loop
      vertex 69.75 2 0
      vertex 70.4978 0.666684 0
      vertex 70.4276 0.761271 0
    endloop
  endfacet
  facet normal 0 0 -1
    outer loop
      vertex 69.75 2 0
      vertex 70.4276 0.761271 0
      vertex 70.3485 0.848528 0
    endloop
  endfacet
  facet normal 0 0 -1
    outer loop
      vertex 69.75 2 0
      vertex 70.3485 0.848528 0
      vertex 70.2613 0.927612 0
    endloop
  endfacet
  facet normal 0 0 -1
    outer loop
      vertex 69.75 2 0
      vertex 70.2613 0.927612 0
      vertex 70.1667 0.997763 0
    endloop
  endfacet
  facet normal 0 0 -1
    outer loop
      vertex 69.75 2 0
      vertex 70.1667 0.997763 0
      vertex 70.0657 1.0583 0
    endloop
  endfacet
  facet normal 0 0 -1
    outer loop
      vertex 69.75 2 0
      vertex 70.0657 1.0583 0
      vertex 69.9592 1.10865 0
    endloop
  endfacet
  facet normal 0 0 -1
    outer loop
      vertex 69.75 2 0
      vertex 69.9592 1.10865 0
      vertex 69.8483 1.14833 0
    endloop
  endfacet
  facet normal 0 0 -1
    outer loop
      vertex 70.4978 0.666684 0
      vertex 69.75 2 0
      vertex 69.75 7 0
    endloop
  endfacet
  facet normal 0 0 -1
    outer loop
      vertex 70.6483 0.348341 0
      vertex 69.75 7 0
      vertex 79 21 0
    endloop
  endfacet
  facet normal 0 0 -1
    outer loop
      vertex 69.25 7 0
      vertex 79 21 0
      vertex 69.75 7 0
    endloop
  endfacet
  facet normal 0 0 -1
    outer loop
      vertex 69.25 2 0
      vertex 68.75 4.5 0
      vertex 69.25 7 0
    endloop
  endfacet
  facet normal 0 0 -1
    outer loop
      vertex 68.25 4.5 0
      vertex 69.25 7 0
      vertex 68.75 4.5 0
    endloop
  endfacet
  facet normal 0 0 -1
    outer loop
      vertex 67.75 4.5 0
      vertex 68.25 4.5 0
      vertex 67.75 2 0
    endloop
  endfacet
  facet normal 0 0 -1
    outer loop
      vertex 67.75 4.5 0
      vertex 69.25 7 0
      vertex 68.25 4.5 0
    endloop
  endfacet
  facet normal 0 0 -1
    outer loop
      vertex 67.25 4.5 0
      vertex 69.25 7 0
      vertex 67.75 4.5 0
    endloop
  endfacet
  facet normal 0 0 -1
    outer loop
      vertex 65.75 7 0
      vertex 69.25 7 0
      vertex 67.25 4.5 0
    endloop
  endfacet
  facet normal 0 0 -1
    outer loop
      vertex 66.75 4.5 0
      vertex 67.25 4.5 0
      vertex 66.75 2 0
    endloop
  endfacet
  facet normal 0 0 -1
    outer loop
      vertex 65.75 7 0
      vertex 67.25 4.5 0
      vertex 66.75 4.5 0
    endloop
  endfacet
  facet normal 0 0 -1
    outer loop
      vertex 65.75 7 0
      vertex 66.75 4.5 0
      vertex 66.25 4.5 0
    endloop
  endfacet
  facet normal 0 0 -1
    outer loop
      vertex 65.75 7 0
      vertex 66.25 4.5 0
      vertex 65.75 2 0
    endloop
  endfacet
  facet normal 0 0 -1
    outer loop
      vertex 69.25 7 0
      vertex 65.75 7 0
      vertex 79 21 0
    endloop
  endfacet
  facet normal 0 0 -1
    outer loop
      vertex 65.25 7 0
      vertex 79 21 0
      vertex 65.75 7 0
    endloop
  endfacet
  facet normal 0 0 -1
    outer loop
      vertex 65.25 2 0
      vertex 64.75 4.5 0
      vertex 65.25 7 0
    endloop
  endfacet
  facet normal 0 0 -1
    outer loop
      vertex 64.25 4.5 0
      vertex 65.25 7 0
      vertex 64.75 4.5 0
    endloop
  endfacet
  facet normal 0 0 -1
    outer loop
      vertex 63.75 4.5 0
      vertex 64.25 4.5 0
      vertex 63.75 2 0
    endloop
  endfacet
  facet normal 0 0 -1
    outer loop
      vertex 63.75 4.5 0
      vertex 65.25 7 0
      vertex 64.25 4.5 0
    endloop
  endfacet
  facet normal 0 0 -1
    outer loop
      vertex 63.25 4.5 0
      vertex 65.25 7 0
      vertex 63.75 4.5 0
    endloop
  endfacet
  facet normal 0 0 -1
    outer loop
      vertex 62.75 4.5 0
      vertex 63.25 4.5 0
      vertex 62.75 2 0
    endloop
  endfacet
  facet normal 0 0 -1
    outer loop
      vertex 61.75 7 0
      vertex 63.25 4.5 0
      vertex 62.75 4.5 0
    endloop
  endfacet
  facet normal 0 0 -1
    outer loop
      vertex 63.25 4.5 0
      vertex 61.75 7 0
      vertex 65.25 7 0
    endloop
  endfacet
  facet normal 0 0 -1
    outer loop
      vertex 61.75 7 0
      vertex 62.75 4.5 0
      vertex 62.25 4.5 0
    endloop
  endfacet
  facet normal 0 0 -1
    outer loop
      vertex 61.75 7 0
      vertex 62.25 4.5 0
      vertex 61.75 2 0
    endloop
  endfacet
  facet normal 0 0 -1
    outer loop
      vertex 65.25 7 0
      vertex 61.75 7 0
      vertex 79 21 0
    endloop
  endfacet
  facet normal 0 0 -1
    outer loop
      vertex 61.25 7 0
      vertex 79 21 0
      vertex 61.75 7 0
    endloop
  endfacet
  facet normal 0 0 -1
    outer loop
      vertex 61.25 2 0
      vertex 60.75 4.5 0
      vertex 61.25 7 0
    endloop
  endfacet
  facet normal 0 0 -1
    outer loop
      vertex 60.25 4.5 0
      vertex 61.25 7 0
      vertex 60.75 4.5 0
    endloop
  endfacet
  facet normal 0 0 -1
    outer loop
      vertex 59.75 4.5 0
      vertex 60.25 4.5 0
      vertex 59.75 2 0
    endloop
  endfacet
  facet normal 0 0 -1
    outer loop
      vertex 59.75 4.5 0
      vertex 61.25 7 0
      vertex 60.25 4.5 0
    endloop
  endfacet
  facet normal 0 0 -1
    outer loop
      vertex 59.25 4.5 0
      vertex 61.25 7 0
      vertex 59.75 4.5 0
    endloop
  endfacet
  facet normal 0 0 -1
    outer loop
      vertex 58.75 4.5 0
      vertex 59.25 4.5 0
      vertex 58.75 2 0
    endloop
  endfacet
  facet normal 0 0 -1
    outer loop
      vertex 57.75 7 0
      vertex 59.25 4.5 0
      vertex 58.75 4.5 0
    endloop
  endfacet
  facet normal 0 0 -1
    outer loop
      vertex 57.75 7 0
      vertex 58.75 4.5 0
      vertex 58.25 4.5 0
    endloop
  endfacet
  facet normal 0 0 -1
    outer loop
      vertex 57.75 7 0
      vertex 58.25 4.5 0
      vertex 57.75 2 0
    endloop
  endfacet
  facet normal 0 0 -1
    outer loop
      vertex 59.25 4.5 0
      vertex 57.75 7 0
      vertex 61.25 7 0
    endloop
  endfacet
  facet normal 0 0 -1
    outer loop
      vertex 57.75 7 0
      vertex 79 21 0
      vertex 61.25 7 0
    endloop
  endfacet
  facet normal 0 0 -1
    outer loop
      vertex 57.25 7 0
      vertex 79 21 0
      vertex 57.75 7 0
    endloop
  endfacet
  facet normal 0 0 -1
    outer loop
      vertex 56.9343 1.0583 0
      vertex 57.25 2 0
      vertex 57.0408 1.10865 0
    endloop
  endfacet
  facet normal 0 0 -1
    outer loop
      vertex 56.8333 0.997763 0
      vertex 57.25 2 0
      vertex 56.9343 1.0583 0
    endloop
  endfacet
  facet normal 0 0 -1
    outer loop
      vertex 56.7387 0.927612 0
      vertex 57.25 2 0
      vertex 56.8333 0.997763 0
    endloop
  endfacet
  facet normal 0 0 -1
    outer loop
      vertex 56.6515 0.848528 0
      vertex 57.25 2 0
      vertex 56.7387 0.927612 0
    endloop
  endfacet
  facet normal 0 0 -1
    outer loop
      vertex 56.5724 0.761271 0
      vertex 57.25 2 0
      vertex 56.6515 0.848528 0
    endloop
  endfacet
  facet normal 0 0 -1
    outer loop
      vertex 56.5022 0.666684 0
      vertex 57.25 2 0
      vertex 56.5724 0.761271 0
    endloop
  endfacet
  facet normal -0 0 -1
    outer loop
      vertex 57.25 2 0
      vertex 56.5022 0.666684 0
      vertex 57.25 7 0
    endloop
  endfacet
  facet normal 0 0 -1
    outer loop
      vertex 56.4417 0.565676 0
      vertex 57.25 7 0
      vertex 56.5022 0.666684 0
    endloop
  endfacet
  facet normal 0 0 -1
    outer loop
      vertex 56.3913 0.45922 0
      vertex 57.25 7 0
      vertex 56.4417 0.565676 0
    endloop
  endfacet
  facet normal 0 0 -1
    outer loop
      vertex 56.3517 0.348341 0
      vertex 57.25 7 0
      vertex 56.3913 0.45922 0
    endloop
  endfacet
  facet normal 0 0 -1
    outer loop
      vertex 56.3231 0.234108 0
      vertex 57.25 7 0
      vertex 56.3517 0.348341 0
    endloop
  endfacet
  facet normal 0 0 -1
    outer loop
      vertex 36.45 -21 0
      vertex 56.3231 0.234108 0
      vertex 56.3058 0.11762 0
    endloop
  endfacet
  facet normal -0 0 -1
    outer loop
      vertex 56.3058 -0.11762 0
      vertex 36.45 -21 0
      vertex 56.3 0 0
    endloop
  endfacet
  facet normal -0 0 -1
    outer loop
      vertex 56.3 0 0
      vertex 36.45 -21 0
      vertex 56.3058 0.11762 0
    endloop
  endfacet
  facet normal 0 0 -1
    outer loop
      vertex 45.95 -45 0
      vertex 39.25 -33.5 0
      vertex 45.95 -21 0
    endloop
  endfacet
  facet normal 0 0 -1
    outer loop
      vertex 36.45 -21 0
      vertex 45.95 -21 0
      vertex 39.25 -33.5 0
    endloop
  endfacet
  facet normal 0 0 -1
    outer loop
      vertex 36.45 -21 0
      vertex 39.25 -33.5 0
      vertex 37.45 -33.5 0
    endloop
  endfacet
  facet normal 0 0 -1
    outer loop
      vertex 36.45 -21 0
      vertex 37.45 -33.5 0
      vertex 36.45 -45 0
    endloop
  endfacet
  facet normal -0 0 -1
    outer loop
      vertex 56.3231 0.234108 0
      vertex 36.45 -21 0
      vertex 57.25 7 0
    endloop
  endfacet
  facet normal 0 0 -1
    outer loop
      vertex -21 21 0
      vertex 36.45 -21 0
      vertex -21 -21 0
    endloop
  endfacet
  facet normal 0 0 -1
    outer loop
      vertex 36.45 -21 0
      vertex -21 21 0
      vertex 57.25 7 0
    endloop
  endfacet
  facet normal 0 0 -1
    outer loop
      vertex 57.25 7 0
      vertex -21 21 0
      vertex 79 21 0
    endloop
  endfacet
  facet normal -1 0 0
    outer loop
      vertex 15 21 3
      vertex 15 15.7 22
      vertex 15 21 41
    endloop
  endfacet
  facet normal -1 0 0
    outer loop
      vertex 15 21 3
      vertex 15 15.6244 20.4611
      vertex 15 15.7 22
    endloop
  endfacet
  facet normal -1 0 0
    outer loop
      vertex 15 21 3
      vertex 15 15.3983 18.9371
      vertex 15 15.6244 20.4611
    endloop
  endfacet
  facet normal -1 0 0
    outer loop
      vertex 15 21 3
      vertex 15 15.024 17.4425
      vertex 15 15.3983 18.9371
    endloop
  endfacet
  facet normal -1 0 0
    outer loop
      vertex 15 21 3
      vertex 15 14.5049 15.9919
      vertex 15 15.024 17.4425
    endloop
  endfacet
  facet normal -1 0 0
    outer loop
      vertex 15 21 3
      vertex 15 13.8462 14.5991
      vertex 15 14.5049 15.9919
    endloop
  endfacet
  facet normal -1 0 0
    outer loop
      vertex 15 21 3
      vertex 15 13.0541 13.2776
      vertex 15 13.8462 14.5991
    endloop
  endfacet
  facet normal -1 0 0
    outer loop
      vertex 15 21 3
      vertex 15 12.1363 12.04
      vertex 15 13.0541 13.2776
    endloop
  endfacet
  facet normal -1 0 0
    outer loop
      vertex 15 21 3
      vertex 15 11.1016 10.8984
      vertex 15 12.1363 12.04
    endloop
  endfacet
  facet normal -1 0 0
    outer loop
      vertex 15 21 3
      vertex 15 9.95996 9.86374
      vertex 15 11.1016 10.8984
    endloop
  endfacet
  facet normal -1 0 0
    outer loop
      vertex 15 21 3
      vertex 15 8.72244 8.94594
      vertex 15 9.95996 9.86374
    endloop
  endfacet
  facet normal -1 0 0
    outer loop
      vertex 15 21 3
      vertex 15 7.40092 8.15384
      vertex 15 8.72244 8.94594
    endloop
  endfacet
  facet normal -1 0 0
    outer loop
      vertex 15 21 3
      vertex 15 6.00812 7.4951
      vertex 15 7.40092 8.15384
    endloop
  endfacet
  facet normal -1 0 0
    outer loop
      vertex 15 21 3
      vertex 15 4.55746 6.97604
      vertex 15 6.00812 7.4951
    endloop
  endfacet
  facet normal -1 0 0
    outer loop
      vertex 15 21 3
      vertex 15 3.06291 6.60168
      vertex 15 4.55746 6.97604
    endloop
  endfacet
  facet normal -1 0 0
    outer loop
      vertex 15 21 3
      vertex 15 1.53886 6.37561
      vertex 15 3.06291 6.60168
    endloop
  endfacet
  facet normal -1 0 0
    outer loop
      vertex 15 21 3
      vertex 15 0 6.3
      vertex 15 1.53886 6.37561
    endloop
  endfacet
  facet normal -1 0 0
    outer loop
      vertex 15 -21 3
      vertex 15 0 6.3
      vertex 15 21 3
    endloop
  endfacet
  facet normal -1 -0 0
    outer loop
      vertex 15 0 6.3
      vertex 15 -21 3
      vertex 15 -1.53886 6.37561
    endloop
  endfacet
  facet normal -1 -0 0
    outer loop
      vertex 15 -1.53886 6.37561
      vertex 15 -21 3
      vertex 15 -3.06291 6.60168
    endloop
  endfacet
  facet normal -1 0 0
    outer loop
      vertex 15 -21 3
      vertex 15 -4.55746 6.97604
      vertex 15 -3.06291 6.60168
    endloop
  endfacet
  facet normal -1 0 0
    outer loop
      vertex 15 -21 3
      vertex 15 -6.00812 7.4951
      vertex 15 -4.55746 6.97604
    endloop
  endfacet
  facet normal -1 0 0
    outer loop
      vertex 15 -21 3
      vertex 15 -7.40092 8.15384
      vertex 15 -6.00812 7.4951
    endloop
  endfacet
  facet normal -1 0 0
    outer loop
      vertex 15 -21 3
      vertex 15 -8.72244 8.94594
      vertex 15 -7.40092 8.15384
    endloop
  endfacet
  facet normal -1 0 0
    outer loop
      vertex 15 -21 3
      vertex 15 -9.95996 9.86374
      vertex 15 -8.72244 8.94594
    endloop
  endfacet
  facet normal -1 0 0
    outer loop
      vertex 15 -21 3
      vertex 15 -11.1016 10.8984
      vertex 15 -9.95996 9.86374
    endloop
  endfacet
  facet normal -1 0 0
    outer loop
      vertex 15 -21 3
      vertex 15 -12.1363 12.04
      vertex 15 -11.1016 10.8984
    endloop
  endfacet
  facet normal -1 0 0
    outer loop
      vertex 15 -21 3
      vertex 15 -13.0541 13.2776
      vertex 15 -12.1363 12.04
    endloop
  endfacet
  facet normal -1 0 0
    outer loop
      vertex 15 -21 3
      vertex 15 -13.8462 14.5991
      vertex 15 -13.0541 13.2776
    endloop
  endfacet
  facet normal -1 0 0
    outer loop
      vertex 15 -21 3
      vertex 15 -14.5049 15.9919
      vertex 15 -13.8462 14.5991
    endloop
  endfacet
  facet normal -1 0 0
    outer loop
      vertex 15 -21 3
      vertex 15 -15.024 17.4425
      vertex 15 -14.5049 15.9919
    endloop
  endfacet
  facet normal -1 0 0
    outer loop
      vertex 15 -21 3
      vertex 15 -15.3983 18.9371
      vertex 15 -15.024 17.4425
    endloop
  endfacet
  facet normal -1 0 0
    outer loop
      vertex 15 -21 3
      vertex 15 -15.6244 20.4611
      vertex 15 -15.3983 18.9371
    endloop
  endfacet
  facet normal -1 0 0
    outer loop
      vertex 15 -21 3
      vertex 15 -15.7 22
      vertex 15 -15.6244 20.4611
    endloop
  endfacet
  facet normal -1 0 0
    outer loop
      vertex 15 -21 41
      vertex 15 -15.7 22
      vertex 15 -21 3
    endloop
  endfacet
  facet normal -1 0 0
    outer loop
      vertex 15 -15.7 22
      vertex 15 -21 41
      vertex 15 -15.7 41
    endloop
  endfacet
  facet normal -1 -0 0
    outer loop
      vertex 15 21 41
      vertex 15 15.7 22
      vertex 15 15.7 41
    endloop
  endfacet
  facet normal 0 1 -0
    outer loop
      vertex 74 -19 3
      vertex 21 -19 41
      vertex 74 -19 41
    endloop
  endfacet
  facet normal 0 1 0
    outer loop
      vertex 21 -19 41
      vertex 74 -19 3
      vertex 21 -19 3
    endloop
  endfacet
  facet normal 0 -1 0
    outer loop
      vertex -21 -21 41
      vertex -16 -21 3
      vertex -16 -21 41
    endloop
  endfacet
  facet normal 0 -1 -0
    outer loop
      vertex -16 -21 3
      vertex -21 -21 0
      vertex 15 -21 3
    endloop
  endfacet
  facet normal 0 -1 0
    outer loop
      vertex -21 -21 0
      vertex -16 -21 3
      vertex -21 -21 41
    endloop
  endfacet
  facet normal 0 -1 0
    outer loop
      vertex 45.95 -21 35.2
      vertex 15 -21 41
      vertex 36.45 -21 35.2
    endloop
  endfacet
  facet normal 0 -1 0
    outer loop
      vertex 15 -21 3
      vertex 36.45 -21 35.2
      vertex 15 -21 41
    endloop
  endfacet
  facet normal 0 -1 0
    outer loop
      vertex 15 -21 3
      vertex 36.45 -21 0
      vertex 36.45 -21 35.2
    endloop
  endfacet
  facet normal 0 -1 0
    outer loop
      vertex 36.45 -21 0
      vertex 15 -21 3
      vertex -21 -21 0
    endloop
  endfacet
  facet normal 0 -1 0
    outer loop
      vertex 15 -21 41
      vertex 45.95 -21 35.2
      vertex 79 -21 41
    endloop
  endfacet
  facet normal 0 -1 0
    outer loop
      vertex 79 -21 0
      vertex 45.95 -21 35.2
      vertex 45.95 -21 0
    endloop
  endfacet
  facet normal 0 -1 0
    outer loop
      vertex 45.95 -21 35.2
      vertex 79 -21 0
      vertex 79 -21 41
    endloop
  endfacet
  facet normal 0 1 0
    outer loop
      vertex 79 21 41
      vertex 15 21 3
      vertex 15 21 41
    endloop
  endfacet
  facet normal 0 1 0
    outer loop
      vertex -21 21 0
      vertex 15 21 3
      vertex 79 21 0
    endloop
  endfacet
  facet normal 0 1 -0
    outer loop
      vertex 79 21 0
      vertex 15 21 3
      vertex 79 21 41
    endloop
  endfacet
  facet normal 0 1 -0
    outer loop
      vertex -16 21 3
      vertex -21 21 41
      vertex -16 21 41
    endloop
  endfacet
  facet normal 0 1 0
    outer loop
      vertex -16 21 3
      vertex -21 21 0
      vertex -21 21 41
    endloop
  endfacet
  facet normal 0 1 0
    outer loop
      vertex 15 21 3
      vertex -21 21 0
      vertex -16 21 3
    endloop
  endfacet
  facet normal 0 -1 0
    outer loop
      vertex 21 19 3
      vertex 74 19 41
      vertex 21 19 41
    endloop
  endfacet
  facet normal 0 -1 -0
    outer loop
      vertex 74 19 41
      vertex 21 19 3
      vertex 74 19 3
    endloop
  endfacet
  facet normal 1 0 0
    outer loop
      vertex 45.95 -27 23.6
      vertex 45.95 -21 35.2
      vertex 45.95 -27 32.4
    endloop
  endfacet
  facet normal 1 -0 0
    outer loop
      vertex 45.95 -45 35.2
      vertex 45.95 -27 32.4
      vertex 45.95 -21 35.2
    endloop
  endfacet
  facet normal 1 0 0
    outer loop
      vertex 45.95 -27 32.4
      vertex 45.95 -45 35.2
      vertex 45.95 -45 32.4
    endloop
  endfacet
  facet normal 1 0 0
    outer loop
      vertex 45.95 -21 35.2
      vertex 45.95 -27 23.6
      vertex 45.95 -21 0
    endloop
  endfacet
  facet normal 1 0 0
    outer loop
      vertex 45.95 -45 0
      vertex 45.95 -27 23.6
      vertex 45.95 -45 23.6
    endloop
  endfacet
  facet normal 1 0 0
    outer loop
      vertex 45.95 -27 23.6
      vertex 45.95 -45 0
      vertex 45.95 -21 0
    endloop
  endfacet
  facet normal 0 0 1
    outer loop
      vertex 45.95 -21 35.2
      vertex 39.25 -33.5 35.2
      vertex 45.95 -45 35.2
    endloop
  endfacet
  facet normal -0 0 1
    outer loop
      vertex 36.45 -21 35.2
      vertex 39.25 -33.5 35.2
      vertex 45.95 -21 35.2
    endloop
  endfacet
  facet normal 0 0 1
    outer loop
      vertex 36.45 -45 35.2
      vertex 37.45 -33.5 35.2
      vertex 36.45 -21 35.2
    endloop
  endfacet
  facet normal 0 0 1
    outer loop
      vertex 39.25 -33.5 35.2
      vertex 36.45 -21 35.2
      vertex 37.45 -33.5 35.2
    endloop
  endfacet
  facet normal -0 0 1
    outer loop
      vertex 39.25 -38.5 35.2
      vertex 45.95 -45 35.2
      vertex 39.25 -33.5 35.2
    endloop
  endfacet
  facet normal 0 0 1
    outer loop
      vertex 36.45 -45 35.2
      vertex 39.25 -38.5 35.2
      vertex 37.45 -38.5 35.2
    endloop
  endfacet
  facet normal 0 0 1
    outer loop
      vertex 39.25 -38.5 35.2
      vertex 36.45 -45 35.2
      vertex 45.95 -45 35.2
    endloop
  endfacet
  facet normal 0 0 1
    outer loop
      vertex 37.45 -33.5 35.2
      vertex 36.45 -45 35.2
      vertex 37.45 -38.5 35.2
    endloop
  endfacet
  facet normal -1 0 0
    outer loop
      vertex 36.45 -45 0
      vertex 36.45 -21 35.2
      vertex 36.45 -21 0
    endloop
  endfacet
  facet normal -1 -0 0
    outer loop
      vertex 36.45 -21 35.2
      vertex 36.45 -45 0
      vertex 36.45 -45 35.2
    endloop
  endfacet
  facet normal 0 -1 0
    outer loop
      vertex 36.45 -45 35.2
      vertex 40.05 -45 33.2
      vertex 45.95 -45 35.2
    endloop
  endfacet
  facet normal 0 -1 0
    outer loop
      vertex 36.45 -45 35.2
      vertex 40.05 -45 22.8
      vertex 40.05 -45 33.2
    endloop
  endfacet
  facet normal 0 -1 0
    outer loop
      vertex 45.95 -45 0
      vertex 40.05 -45 22.8
      vertex 36.45 -45 0
    endloop
  endfacet
  facet normal 0 -1 0
    outer loop
      vertex 36.45 -45 0
      vertex 40.05 -45 22.8
      vertex 36.45 -45 35.2
    endloop
  endfacet
  facet normal 0 -1 0
    outer loop
      vertex 43.95 -45 33.2
      vertex 45.95 -45 35.2
      vertex 40.05 -45 33.2
    endloop
  endfacet
  facet normal 0 -1 0
    outer loop
      vertex 45.95 -45 32.4
      vertex 43.95 -45 33.2
      vertex 43.95 -45 32.4
    endloop
  endfacet
  facet normal 0 -1 0
    outer loop
      vertex 43.95 -45 33.2
      vertex 45.95 -45 32.4
      vertex 45.95 -45 35.2
    endloop
  endfacet
  facet normal 0 -1 0
    outer loop
      vertex 43.95 -45 22.8
      vertex 45.95 -45 23.6
      vertex 43.95 -45 23.6
    endloop
  endfacet
  facet normal 0 -1 0
    outer loop
      vertex 40.05 -45 22.8
      vertex 45.95 -45 0
      vertex 43.95 -45 22.8
    endloop
  endfacet
  facet normal 0 -1 0
    outer loop
      vertex 43.95 -45 22.8
      vertex 45.95 -45 0
      vertex 45.95 -45 23.6
    endloop
  endfacet
  facet normal -1 0 0
    outer loop
      vertex 43.95 -45 32.4
      vertex 43.95 -27 33.2
      vertex 43.95 -27 32.4
    endloop
  endfacet
  facet normal -1 -0 0
    outer loop
      vertex 43.95 -27 33.2
      vertex 43.95 -45 32.4
      vertex 43.95 -45 33.2
    endloop
  endfacet
  facet normal -1 0 0
    outer loop
      vertex 43.95 -45 22.8
      vertex 43.95 -27 23.6
      vertex 43.95 -27 22.8
    endloop
  endfacet
  facet normal -1 -0 0
    outer loop
      vertex 43.95 -27 23.6
      vertex 43.95 -45 22.8
      vertex 43.95 -45 23.6
    endloop
  endfacet
  facet normal 0 0 -1
    outer loop
      vertex 40.05 -45 33.2
      vertex 43.95 -27 33.2
      vertex 43.95 -45 33.2
    endloop
  endfacet
  facet normal -0 0 -1
    outer loop
      vertex 43.95 -27 33.2
      vertex 40.05 -45 33.2
      vertex 40.05 -27 33.2
    endloop
  endfacet
  facet normal -0 0 1
    outer loop
      vertex 40.05 -27 22.8
      vertex 43.95 -45 22.8
      vertex 43.95 -27 22.8
    endloop
  endfacet
  facet normal 0 0 1
    outer loop
      vertex 43.95 -45 22.8
      vertex 40.05 -27 22.8
      vertex 40.05 -45 22.8
    endloop
  endfacet
  facet normal 1 -0 0
    outer loop
      vertex 40.05 -45 33.2
      vertex 40.05 -27 22.8
      vertex 40.05 -27 33.2
    endloop
  endfacet
  facet normal 1 0 0
    outer loop
      vertex 40.05 -27 22.8
      vertex 40.05 -45 33.2
      vertex 40.05 -45 22.8
    endloop
  endfacet
  facet normal 0 -1 0
    outer loop
      vertex 40.05 -27 33.2
      vertex 43.95 -27 32.4
      vertex 43.95 -27 33.2
    endloop
  endfacet
  facet normal 0 -1 0
    outer loop
      vertex 43.95 -27 32.4
      vertex 43.95 -27 23.6
      vertex 45.95 -27 32.4
    endloop
  endfacet
  facet normal 0 -1 0
    outer loop
      vertex 40.05 -27 33.2
      vertex 43.95 -27 23.6
      vertex 43.95 -27 32.4
    endloop
  endfacet
  facet normal 0 -1 0
    outer loop
      vertex 40.05 -27 22.8
      vertex 43.95 -27 23.6
      vertex 40.05 -27 33.2
    endloop
  endfacet
  facet normal 0 -1 -0
    outer loop
      vertex 43.95 -27 23.6
      vertex 40.05 -27 22.8
      vertex 43.95 -27 22.8
    endloop
  endfacet
  facet normal 0 -1 -0
    outer loop
      vertex 45.95 -27 32.4
      vertex 43.95 -27 23.6
      vertex 45.95 -27 23.6
    endloop
  endfacet
  facet normal 0 0 -1
    outer loop
      vertex 43.95 -45 32.4
      vertex 45.95 -27 32.4
      vertex 45.95 -45 32.4
    endloop
  endfacet
  facet normal -0 0 -1
    outer loop
      vertex 45.95 -27 32.4
      vertex 43.95 -45 32.4
      vertex 43.95 -27 32.4
    endloop
  endfacet
  facet normal -0 0 1
    outer loop
      vertex 43.95 -27 23.6
      vertex 45.95 -45 23.6
      vertex 45.95 -27 23.6
    endloop
  endfacet
  facet normal 0 0 1
    outer loop
      vertex 45.95 -45 23.6
      vertex 43.95 -27 23.6
      vertex 43.95 -45 23.6
    endloop
  endfacet
  facet normal -1 0 0
    outer loop
      vertex 39.25 -38.5 0
      vertex 39.25 -33.5 35.2
      vertex 39.25 -33.5 0
    endloop
  endfacet
  facet normal -1 -0 0
    outer loop
      vertex 39.25 -33.5 35.2
      vertex 39.25 -38.5 0
      vertex 39.25 -38.5 35.2
    endloop
  endfacet
  facet normal 1 -0 0
    outer loop
      vertex 37.45 -38.5 35.2
      vertex 37.45 -33.5 0
      vertex 37.45 -33.5 35.2
    endloop
  endfacet
  facet normal 1 0 0
    outer loop
      vertex 37.45 -33.5 0
      vertex 37.45 -38.5 35.2
      vertex 37.45 -38.5 0
    endloop
  endfacet
  facet normal 0 -1 0
    outer loop
      vertex 37.45 -33.5 0
      vertex 39.25 -33.5 35.2
      vertex 37.45 -33.5 35.2
    endloop
  endfacet
  facet normal 0 -1 -0
    outer loop
      vertex 39.25 -33.5 35.2
      vertex 37.45 -33.5 0
      vertex 39.25 -33.5 0
    endloop
  endfacet
  facet normal 0 1 -0
    outer loop
      vertex 39.25 -38.5 0
      vertex 37.45 -38.5 35.2
      vertex 39.25 -38.5 35.2
    endloop
  endfacet
  facet normal 0 1 0
    outer loop
      vertex 37.45 -38.5 35.2
      vertex 39.25 -38.5 0
      vertex 37.45 -38.5 0
    endloop
  endfacet
  facet normal 1 0 0
    outer loop
      vertex 79 -5 41
      vertex 79 -21 41
      vertex 79 -5 31
    endloop
  endfacet
  facet normal 1 0 0
    outer loop
      vertex 79 5 31
      vertex 79 21 41
      vertex 79 5 41
    endloop
  endfacet
  facet normal 1 0 0
    outer loop
      vertex 79 21 41
      vertex 79 5 31
      vertex 79 21 0
    endloop
  endfacet
  facet normal 1 -0 0
    outer loop
      vertex 79 -5 31
      vertex 79 21 0
      vertex 79 5 31
    endloop
  endfacet
  facet normal 1 0 0
    outer loop
      vertex 79 -21 0
      vertex 79 -5 31
      vertex 79 -21 41
    endloop
  endfacet
  facet normal 1 0 0
    outer loop
      vertex 79 -5 31
      vertex 79 -21 0
      vertex 79 21 0
    endloop
  endfacet
  facet normal 0 0 1
    outer loop
      vertex 15 21 3
      vertex 12.5158 8.27315 3
      vertex 15 -21 3
    endloop
  endfacet
  facet normal 0 0 1
    outer loop
      vertex 15 21 3
      vertex 8.27315 12.5158 3
      vertex 12.5158 8.27315 3
    endloop
  endfacet
  facet normal -0 0 1
    outer loop
      vertex -16 21 3
      vertex 8.27315 12.5158 3
      vertex 15 21 3
    endloop
  endfacet
  facet normal 0 0 1
    outer loop
      vertex 8.27315 12.5158 3
      vertex -16 21 3
      vertex -12.5158 -8.27315 3
    endloop
  endfacet
  facet normal -0 0 1
    outer loop
      vertex -8.27315 -12.5158 3
      vertex 15 -21 3
      vertex 12.5158 8.27315 3
    endloop
  endfacet
  facet normal 0 0 1
    outer loop
      vertex -8.27315 -12.5158 3
      vertex -16 -21 3
      vertex 15 -21 3
    endloop
  endfacet
  facet normal 0 0 1
    outer loop
      vertex -12.5158 -8.27315 3
      vertex -16 -21 3
      vertex -8.27315 -12.5158 3
    endloop
  endfacet
  facet normal 0 0 1
    outer loop
      vertex -16 -21 3
      vertex -12.5158 -8.27315 3
      vertex -16 21 3
    endloop
  endfacet
  facet normal 0 0 1
    outer loop
      vertex 74 19 3
      vertex 70.7 0 3
      vertex 74 -19 3
    endloop
  endfacet
  facet normal 0 0 1
    outer loop
      vertex 74 19 3
      vertex 70.6942 0.11762 3
      vertex 70.7 0 3
    endloop
  endfacet
  facet normal 0 0 1
    outer loop
      vertex 74 19 3
      vertex 70.6769 0.234108 3
      vertex 70.6942 0.11762 3
    endloop
  endfacet
  facet normal 0 0 1
    outer loop
      vertex 74 19 3
      vertex 70.6483 0.348341 3
      vertex 70.6769 0.234108 3
    endloop
  endfacet
  facet normal 0 0 1
    outer loop
      vertex 74 19 3
      vertex 70.6087 0.45922 3
      vertex 70.6483 0.348341 3
    endloop
  endfacet
  facet normal 0 0 1
    outer loop
      vertex 74 19 3
      vertex 70.5583 0.565676 3
      vertex 70.6087 0.45922 3
    endloop
  endfacet
  facet normal 0 0 1
    outer loop
      vertex 74 19 3
      vertex 70.4978 0.666684 3
      vertex 70.5583 0.565676 3
    endloop
  endfacet
  facet normal 0 0 1
    outer loop
      vertex 74 19 3
      vertex 70.4276 0.761271 3
      vertex 70.4978 0.666684 3
    endloop
  endfacet
  facet normal 0 0 1
    outer loop
      vertex 74 19 3
      vertex 70.3485 0.848528 3
      vertex 70.4276 0.761271 3
    endloop
  endfacet
  facet normal 0 0 1
    outer loop
      vertex 74 19 3
      vertex 70.2613 0.927612 3
      vertex 70.3485 0.848528 3
    endloop
  endfacet
  facet normal 0 0 1
    outer loop
      vertex 74 19 3
      vertex 70.1667 0.997763 3
      vertex 70.2613 0.927612 3
    endloop
  endfacet
  facet normal 0 0 1
    outer loop
      vertex 74 19 3
      vertex 70.0657 1.0583 3
      vertex 70.1667 0.997763 3
    endloop
  endfacet
  facet normal 0 0 1
    outer loop
      vertex 74 19 3
      vertex 69.9592 1.10865 3
      vertex 70.0657 1.0583 3
    endloop
  endfacet
  facet normal 0 0 1
    outer loop
      vertex 74 19 3
      vertex 69.8483 1.14833 3
      vertex 69.9592 1.10865 3
    endloop
  endfacet
  facet normal 0 0 1
    outer loop
      vertex 74 19 3
      vertex 69.7341 1.17694 3
      vertex 69.8483 1.14833 3
    endloop
  endfacet
  facet normal 0 0 1
    outer loop
      vertex 74 19 3
      vertex 69.6176 1.19422 3
      vertex 69.7341 1.17694 3
    endloop
  endfacet
  facet normal 0 0 1
    outer loop
      vertex 74 19 3
      vertex 69.5 1.2 3
      vertex 69.6176 1.19422 3
    endloop
  endfacet
  facet normal 0 0 1
    outer loop
      vertex 74 19 3
      vertex 57.5 1.2 3
      vertex 69.5 1.2 3
    endloop
  endfacet
  facet normal 0 0 1
    outer loop
      vertex 74 19 3
      vertex 57.3824 1.19422 3
      vertex 57.5 1.2 3
    endloop
  endfacet
  facet normal 0 0 1
    outer loop
      vertex 74 19 3
      vertex 57.2659 1.17694 3
      vertex 57.3824 1.19422 3
    endloop
  endfacet
  facet normal 0 0 1
    outer loop
      vertex 74 19 3
      vertex 57.1517 1.14833 3
      vertex 57.2659 1.17694 3
    endloop
  endfacet
  facet normal 0 0 1
    outer loop
      vertex 74 19 3
      vertex 57.0408 1.10865 3
      vertex 57.1517 1.14833 3
    endloop
  endfacet
  facet normal -0 0 1
    outer loop
      vertex 21 19 3
      vertex 57.0408 1.10865 3
      vertex 74 19 3
    endloop
  endfacet
  facet normal 0 0 1
    outer loop
      vertex 57.0408 1.10865 3
      vertex 21 19 3
      vertex 56.9343 1.0583 3
    endloop
  endfacet
  facet normal 0 0 1
    outer loop
      vertex 56.9343 1.0583 3
      vertex 21 19 3
      vertex 56.8333 0.997763 3
    endloop
  endfacet
  facet normal 0 0 1
    outer loop
      vertex 56.8333 0.997763 3
      vertex 21 19 3
      vertex 56.7387 0.927612 3
    endloop
  endfacet
  facet normal 0 0 1
    outer loop
      vertex 56.3058 0.11762 3
      vertex 21 19 3
      vertex 56.3 0 3
    endloop
  endfacet
  facet normal 0 0 1
    outer loop
      vertex 56.3231 0.234108 3
      vertex 21 19 3
      vertex 56.3058 0.11762 3
    endloop
  endfacet
  facet normal 0 0 1
    outer loop
      vertex 56.3517 0.348341 3
      vertex 21 19 3
      vertex 56.3231 0.234108 3
    endloop
  endfacet
  facet normal 0 0 1
    outer loop
      vertex 56.3913 0.45922 3
      vertex 21 19 3
      vertex 56.3517 0.348341 3
    endloop
  endfacet
  facet normal 0 0 1
    outer loop
      vertex 56.4417 0.565676 3
      vertex 21 19 3
      vertex 56.3913 0.45922 3
    endloop
  endfacet
  facet normal 0 0 1
    outer loop
      vertex 56.5022 0.666684 3
      vertex 21 19 3
      vertex 56.4417 0.565676 3
    endloop
  endfacet
  facet normal 0 0 1
    outer loop
      vertex 56.5724 0.761271 3
      vertex 21 19 3
      vertex 56.5022 0.666684 3
    endloop
  endfacet
  facet normal 0 0 1
    outer loop
      vertex 56.6515 0.848528 3
      vertex 21 19 3
      vertex 56.5724 0.761271 3
    endloop
  endfacet
  facet normal 0 0 1
    outer loop
      vertex 56.7387 0.927612 3
      vertex 21 19 3
      vertex 56.6515 0.848528 3
    endloop
  endfacet
  facet normal -0 0 1
    outer loop
      vertex 70.6942 -0.11762 3
      vertex 74 -19 3
      vertex 70.7 0 3
    endloop
  endfacet
  facet normal -0 0 1
    outer loop
      vertex 70.6769 -0.234108 3
      vertex 74 -19 3
      vertex 70.6942 -0.11762 3
    endloop
  endfacet
  facet normal -0 0 1
    outer loop
      vertex 70.6483 -0.348341 3
      vertex 74 -19 3
      vertex 70.6769 -0.234108 3
    endloop
  endfacet
  facet normal -0 0 1
    outer loop
      vertex 70.6087 -0.45922 3
      vertex 74 -19 3
      vertex 70.6483 -0.348341 3
    endloop
  endfacet
  facet normal -0 0 1
    outer loop
      vertex 70.5583 -0.565676 3
      vertex 74 -19 3
      vertex 70.6087 -0.45922 3
    endloop
  endfacet
  facet normal -0 0 1
    outer loop
      vertex 70.4978 -0.666684 3
      vertex 74 -19 3
      vertex 70.5583 -0.565676 3
    endloop
  endfacet
  facet normal -0 0 1
    outer loop
      vertex 70.4276 -0.761271 3
      vertex 74 -19 3
      vertex 70.4978 -0.666684 3
    endloop
  endfacet
  facet normal -0 0 1
    outer loop
      vertex 70.3485 -0.848528 3
      vertex 74 -19 3
      vertex 70.4276 -0.761271 3
    endloop
  endfacet
  facet normal -0 0 1
    outer loop
      vertex 70.2613 -0.927612 3
      vertex 74 -19 3
      vertex 70.3485 -0.848528 3
    endloop
  endfacet
  facet normal -0 0 1
    outer loop
      vertex 70.1667 -0.997763 3
      vertex 74 -19 3
      vertex 70.2613 -0.927612 3
    endloop
  endfacet
  facet normal -0 0 1
    outer loop
      vertex 70.0657 -1.0583 3
      vertex 74 -19 3
      vertex 70.1667 -0.997763 3
    endloop
  endfacet
  facet normal -0 0 1
    outer loop
      vertex 69.9592 -1.10865 3
      vertex 74 -19 3
      vertex 70.0657 -1.0583 3
    endloop
  endfacet
  facet normal -0 0 1
    outer loop
      vertex 69.8483 -1.14833 3
      vertex 74 -19 3
      vertex 69.9592 -1.10865 3
    endloop
  endfacet
  facet normal -0 0 1
    outer loop
      vertex 69.7341 -1.17694 3
      vertex 74 -19 3
      vertex 69.8483 -1.14833 3
    endloop
  endfacet
  facet normal -0 0 1
    outer loop
      vertex 69.6176 -1.19422 3
      vertex 74 -19 3
      vertex 69.7341 -1.17694 3
    endloop
  endfacet
  facet normal -0 0 1
    outer loop
      vertex 69.5 -1.2 3
      vertex 74 -19 3
      vertex 69.6176 -1.19422 3
    endloop
  endfacet
  facet normal -0 0 1
    outer loop
      vertex 57.5 -1.2 3
      vertex 74 -19 3
      vertex 69.5 -1.2 3
    endloop
  endfacet
  facet normal 0 0 1
    outer loop
      vertex 57.3824 -1.19422 3
      vertex 74 -19 3
      vertex 57.5 -1.2 3
    endloop
  endfacet
  facet normal 0 0 1
    outer loop
      vertex 57.2659 -1.17694 3
      vertex 74 -19 3
      vertex 57.3824 -1.19422 3
    endloop
  endfacet
  facet normal 0 0 1
    outer loop
      vertex 57.1517 -1.14833 3
      vertex 74 -19 3
      vertex 57.2659 -1.17694 3
    endloop
  endfacet
  facet normal 0 0 1
    outer loop
      vertex 57.0408 -1.10865 3
      vertex 74 -19 3
      vertex 57.1517 -1.14833 3
    endloop
  endfacet
  facet normal 0 0 1
    outer loop
      vertex 21 -19 3
      vertex 57.0408 -1.10865 3
      vertex 56.9343 -1.0583 3
    endloop
  endfacet
  facet normal 0 0 1
    outer loop
      vertex 21 -19 3
      vertex 56.9343 -1.0583 3
      vertex 56.8333 -0.997763 3
    endloop
  endfacet
  facet normal 0 0 1
    outer loop
      vertex 21 -19 3
      vertex 56.8333 -0.997763 3
      vertex 56.7387 -0.927612 3
    endloop
  endfacet
  facet normal 0 0 1
    outer loop
      vertex 21 -19 3
      vertex 56.7387 -0.927612 3
      vertex 56.6515 -0.848528 3
    endloop
  endfacet
  facet normal 0 0 1
    outer loop
      vertex 21 -19 3
      vertex 56.3 0 3
      vertex 21 19 3
    endloop
  endfacet
  facet normal 0 0 1
    outer loop
      vertex 56.3 0 3
      vertex 21 -19 3
      vertex 56.3058 -0.11762 3
    endloop
  endfacet
  facet normal 0 0 1
    outer loop
      vertex 56.3058 -0.11762 3
      vertex 21 -19 3
      vertex 56.3231 -0.234108 3
    endloop
  endfacet
  facet normal 0 0 1
    outer loop
      vertex 56.3231 -0.234108 3
      vertex 21 -19 3
      vertex 56.3517 -0.348341 3
    endloop
  endfacet
  facet normal 0 0 1
    outer loop
      vertex 56.3517 -0.348341 3
      vertex 21 -19 3
      vertex 56.3913 -0.45922 3
    endloop
  endfacet
  facet normal 0 0 1
    outer loop
      vertex 56.3913 -0.45922 3
      vertex 21 -19 3
      vertex 56.4417 -0.565676 3
    endloop
  endfacet
  facet normal 0 0 1
    outer loop
      vertex 56.4417 -0.565676 3
      vertex 21 -19 3
      vertex 56.5022 -0.666684 3
    endloop
  endfacet
  facet normal 0 0 1
    outer loop
      vertex 56.5022 -0.666684 3
      vertex 21 -19 3
      vertex 56.5724 -0.761271 3
    endloop
  endfacet
  facet normal 0 0 1
    outer loop
      vertex 56.5724 -0.761271 3
      vertex 21 -19 3
      vertex 56.6515 -0.848528 3
    endloop
  endfacet
  facet normal 0 0 1
    outer loop
      vertex 57.0408 -1.10865 3
      vertex 21 -19 3
      vertex 74 -19 3
    endloop
  endfacet
  facet normal -1 0 0
    outer loop
      vertex -21 -21 0
      vertex -21 21 41
      vertex -21 21 0
    endloop
  endfacet
  facet normal -1 -0 0
    outer loop
      vertex -21 21 41
      vertex -21 -21 0
      vertex -21 -21 41
    endloop
  endfacet
  facet normal 1 -0 0
    outer loop
      vertex -16 -21 41
      vertex -16 21 3
      vertex -16 21 41
    endloop
  endfacet
  facet normal 1 0 0
    outer loop
      vertex -16 21 3
      vertex -16 -21 41
      vertex -16 -21 3
    endloop
  endfacet
  facet normal 0 0 1
    outer loop
      vertex -16 21 41
      vertex -17.6663 13.8342 41
      vertex -16 -21 41
    endloop
  endfacet
  facet normal 0 0 1
    outer loop
      vertex -16 -21 41
      vertex -17.6541 -13.9167 41
      vertex -17.65 -14 41
    endloop
  endfacet
  facet normal -0 0 1
    outer loop
      vertex -17.6663 -13.8342 41
      vertex -16 -21 41
      vertex -17.6663 13.8342 41
    endloop
  endfacet
  facet normal 0 0 1
    outer loop
      vertex -16 -21 41
      vertex -17.6663 -13.8342 41
      vertex -17.6541 -13.9167 41
    endloop
  endfacet
  facet normal -0 0 1
    outer loop
      vertex -17.6866 13.7533 41
      vertex -17.6663 -13.8342 41
      vertex -17.6663 13.8342 41
    endloop
  endfacet
  facet normal 0 0 1
    outer loop
      vertex -17.6866 13.7533 41
      vertex -17.6866 -13.7533 41
      vertex -17.6663 -13.8342 41
    endloop
  endfacet
  facet normal -0 0 1
    outer loop
      vertex -17.7147 13.6747 41
      vertex -17.6866 -13.7533 41
      vertex -17.6866 13.7533 41
    endloop
  endfacet
  facet normal 0 0 1
    outer loop
      vertex -17.7147 13.6747 41
      vertex -17.7147 -13.6747 41
      vertex -17.6866 -13.7533 41
    endloop
  endfacet
  facet normal -0 0 1
    outer loop
      vertex -17.7504 13.5993 41
      vertex -17.7147 -13.6747 41
      vertex -17.7147 13.6747 41
    endloop
  endfacet
  facet normal 0 0 1
    outer loop
      vertex -17.7504 13.5993 41
      vertex -17.7504 -13.5993 41
      vertex -17.7147 -13.6747 41
    endloop
  endfacet
  facet normal -0 0 1
    outer loop
      vertex -17.7933 13.5278 41
      vertex -17.7504 -13.5993 41
      vertex -17.7504 13.5993 41
    endloop
  endfacet
  facet normal 0 0 1
    outer loop
      vertex -17.7933 13.5278 41
      vertex -17.7933 -13.5278 41
      vertex -17.7504 -13.5993 41
    endloop
  endfacet
  facet normal -0 0 1
    outer loop
      vertex -17.8429 13.4608 41
      vertex -17.7933 -13.5278 41
      vertex -17.7933 13.5278 41
    endloop
  endfacet
  facet normal 0 0 1
    outer loop
      vertex -17.8429 13.4608 41
      vertex -17.8429 -13.4608 41
      vertex -17.7933 -13.5278 41
    endloop
  endfacet
  facet normal -0 0 1
    outer loop
      vertex -17.899 13.399 41
      vertex -17.8429 -13.4608 41
      vertex -17.8429 13.4608 41
    endloop
  endfacet
  facet normal 0 0 1
    outer loop
      vertex -17.899 13.399 41
      vertex -17.899 -13.399 41
      vertex -17.8429 -13.4608 41
    endloop
  endfacet
  facet normal -0 0 1
    outer loop
      vertex -17.9608 13.3429 41
      vertex -17.899 -13.399 41
      vertex -17.899 13.399 41
    endloop
  endfacet
  facet normal 0 0 1
    outer loop
      vertex -17.9608 13.3429 41
      vertex -17.9608 -13.3429 41
      vertex -17.899 -13.399 41
    endloop
  endfacet
  facet normal -0 0 1
    outer loop
      vertex -18.0278 13.2933 41
      vertex -17.9608 -13.3429 41
      vertex -17.9608 13.3429 41
    endloop
  endfacet
  facet normal 0 0 1
    outer loop
      vertex -18.0278 13.2933 41
      vertex -18.0278 -13.2933 41
      vertex -17.9608 -13.3429 41
    endloop
  endfacet
  facet normal -0 0 1
    outer loop
      vertex -18.0993 13.2504 41
      vertex -18.0278 -13.2933 41
      vertex -18.0278 13.2933 41
    endloop
  endfacet
  facet normal 0 0 1
    outer loop
      vertex -18.0993 13.2504 41
      vertex -18.0993 -13.2504 41
      vertex -18.0278 -13.2933 41
    endloop
  endfacet
  facet normal -0 0 1
    outer loop
      vertex -18.1747 13.2147 41
      vertex -18.0993 -13.2504 41
      vertex -18.0993 13.2504 41
    endloop
  endfacet
  facet normal 0 0 1
    outer loop
      vertex -18.1747 13.2147 41
      vertex -18.1747 -13.2147 41
      vertex -18.0993 -13.2504 41
    endloop
  endfacet
  facet normal -0 0 1
    outer loop
      vertex -18.2533 13.1866 41
      vertex -18.1747 -13.2147 41
      vertex -18.1747 13.2147 41
    endloop
  endfacet
  facet normal 0 0 1
    outer loop
      vertex -18.2533 13.1866 41
      vertex -18.2533 -13.1866 41
      vertex -18.1747 -13.2147 41
    endloop
  endfacet
  facet normal -0 0 1
    outer loop
      vertex -18.3342 13.1663 41
      vertex -18.2533 -13.1866 41
      vertex -18.2533 13.1866 41
    endloop
  endfacet
  facet normal 0 0 1
    outer loop
      vertex -18.3342 13.1663 41
      vertex -18.3342 -13.1663 41
      vertex -18.2533 -13.1866 41
    endloop
  endfacet
  facet normal -0 0 1
    outer loop
      vertex -18.4167 13.1541 41
      vertex -18.3342 -13.1663 41
      vertex -18.3342 13.1663 41
    endloop
  endfacet
  facet normal 0 0 1
    outer loop
      vertex -18.4167 13.1541 41
      vertex -18.4167 -13.1541 41
      vertex -18.3342 -13.1663 41
    endloop
  endfacet
  facet normal -0 0 1
    outer loop
      vertex -18.5 13.15 41
      vertex -18.4167 -13.1541 41
      vertex -18.4167 13.1541 41
    endloop
  endfacet
  facet normal 0 0 1
    outer loop
      vertex -18.5 13.15 41
      vertex -18.5 -13.15 41
      vertex -18.4167 -13.1541 41
    endloop
  endfacet
  facet normal 0 0 1
    outer loop
      vertex -18.5833 13.1541 41
      vertex -18.5 -13.15 41
      vertex -18.5 13.15 41
    endloop
  endfacet
  facet normal 0 0 1
    outer loop
      vertex -18.5833 13.1541 41
      vertex -18.5833 -13.1541 41
      vertex -18.5 -13.15 41
    endloop
  endfacet
  facet normal 0 0 1
    outer loop
      vertex -18.6658 13.1663 41
      vertex -18.5833 -13.1541 41
      vertex -18.5833 13.1541 41
    endloop
  endfacet
  facet normal 0 0 1
    outer loop
      vertex -18.6658 13.1663 41
      vertex -18.6658 -13.1663 41
      vertex -18.5833 -13.1541 41
    endloop
  endfacet
  facet normal 0 0 1
    outer loop
      vertex -18.7467 13.1866 41
      vertex -18.6658 -13.1663 41
      vertex -18.6658 13.1663 41
    endloop
  endfacet
  facet normal 0 0 1
    outer loop
      vertex -18.7467 13.1866 41
      vertex -18.7467 -13.1866 41
      vertex -18.6658 -13.1663 41
    endloop
  endfacet
  facet normal 0 0 1
    outer loop
      vertex -18.8253 13.2147 41
      vertex -18.7467 -13.1866 41
      vertex -18.7467 13.1866 41
    endloop
  endfacet
  facet normal 0 0 1
    outer loop
      vertex -18.8253 13.2147 41
      vertex -18.8253 -13.2147 41
      vertex -18.7467 -13.1866 41
    endloop
  endfacet
  facet normal 0 0 1
    outer loop
      vertex -18.9007 13.2504 41
      vertex -18.8253 -13.2147 41
      vertex -18.8253 13.2147 41
    endloop
  endfacet
  facet normal 0 0 1
    outer loop
      vertex -18.9007 13.2504 41
      vertex -18.9007 -13.2504 41
      vertex -18.8253 -13.2147 41
    endloop
  endfacet
  facet normal 0 0 1
    outer loop
      vertex -18.9722 13.2933 41
      vertex -18.9007 -13.2504 41
      vertex -18.9007 13.2504 41
    endloop
  endfacet
  facet normal 0 0 1
    outer loop
      vertex -18.9722 13.2933 41
      vertex -18.9722 -13.2933 41
      vertex -18.9007 -13.2504 41
    endloop
  endfacet
  facet normal 0 0 1
    outer loop
      vertex -19.0392 13.3429 41
      vertex -18.9722 -13.2933 41
      vertex -18.9722 13.2933 41
    endloop
  endfacet
  facet normal 0 0 1
    outer loop
      vertex -19.0392 13.3429 41
      vertex -19.0392 -13.3429 41
      vertex -18.9722 -13.2933 41
    endloop
  endfacet
  facet normal 0 0 1
    outer loop
      vertex -19.101 13.399 41
      vertex -19.0392 -13.3429 41
      vertex -19.0392 13.3429 41
    endloop
  endfacet
  facet normal 0 0 1
    outer loop
      vertex -19.101 13.399 41
      vertex -19.101 -13.399 41
      vertex -19.0392 -13.3429 41
    endloop
  endfacet
  facet normal 0 0 1
    outer loop
      vertex -19.1571 13.4608 41
      vertex -19.101 -13.399 41
      vertex -19.101 13.399 41
    endloop
  endfacet
  facet normal 0 0 1
    outer loop
      vertex -19.1571 13.4608 41
      vertex -19.1571 -13.4608 41
      vertex -19.101 -13.399 41
    endloop
  endfacet
  facet normal 0 0 1
    outer loop
      vertex -19.2067 13.5278 41
      vertex -19.1571 -13.4608 41
      vertex -19.1571 13.4608 41
    endloop
  endfacet
  facet normal 0 0 1
    outer loop
      vertex -19.2067 13.5278 41
      vertex -19.2067 -13.5278 41
      vertex -19.1571 -13.4608 41
    endloop
  endfacet
  facet normal 0 0 1
    outer loop
      vertex -19.2496 13.5993 41
      vertex -19.2067 -13.5278 41
      vertex -19.2067 13.5278 41
    endloop
  endfacet
  facet normal 0 0 1
    outer loop
      vertex -19.2496 13.5993 41
      vertex -19.2496 -13.5993 41
      vertex -19.2067 -13.5278 41
    endloop
  endfacet
  facet normal 0 0 1
    outer loop
      vertex -19.2853 13.6747 41
      vertex -19.2496 -13.5993 41
      vertex -19.2496 13.5993 41
    endloop
  endfacet
  facet normal 0 0 1
    outer loop
      vertex -19.2853 13.6747 41
      vertex -19.2853 -13.6747 41
      vertex -19.2496 -13.5993 41
    endloop
  endfacet
  facet normal 0 0 1
    outer loop
      vertex -19.3134 13.7533 41
      vertex -19.2853 -13.6747 41
      vertex -19.2853 13.6747 41
    endloop
  endfacet
  facet normal 0 0 1
    outer loop
      vertex -19.3134 13.7533 41
      vertex -19.3134 -13.7533 41
      vertex -19.2853 -13.6747 41
    endloop
  endfacet
  facet normal 0 0 1
    outer loop
      vertex -19.3337 13.8342 41
      vertex -19.3134 -13.7533 41
      vertex -19.3134 13.7533 41
    endloop
  endfacet
  facet normal 0 0 1
    outer loop
      vertex -19.3337 13.8342 41
      vertex -19.3337 -13.8342 41
      vertex -19.3134 -13.7533 41
    endloop
  endfacet
  facet normal 0 0 1
    outer loop
      vertex -21 21 41
      vertex -19.3337 13.8342 41
      vertex -19.3459 13.9167 41
    endloop
  endfacet
  facet normal 0 0 1
    outer loop
      vertex -19.3337 13.8342 41
      vertex -21 21 41
      vertex -19.3337 -13.8342 41
    endloop
  endfacet
  facet normal 0 0 1
    outer loop
      vertex -21 21 41
      vertex -19.3459 13.9167 41
      vertex -19.35 14 41
    endloop
  endfacet
  facet normal 0 0 1
    outer loop
      vertex -21 -21 41
      vertex -19.3337 -13.8342 41
      vertex -21 21 41
    endloop
  endfacet
  facet normal 0 0 1
    outer loop
      vertex -17.6541 13.9167 41
      vertex -16 21 41
      vertex -17.65 14 41
    endloop
  endfacet
  facet normal 0 0 1
    outer loop
      vertex -16 21 41
      vertex -17.6541 14.0833 41
      vertex -17.65 14 41
    endloop
  endfacet
  facet normal 0 0 1
    outer loop
      vertex -16 21 41
      vertex -17.6663 14.1658 41
      vertex -17.6541 14.0833 41
    endloop
  endfacet
  facet normal 0 0 1
    outer loop
      vertex -16 21 41
      vertex -17.6866 14.2467 41
      vertex -17.6663 14.1658 41
    endloop
  endfacet
  facet normal 0 0 1
    outer loop
      vertex -16 21 41
      vertex -17.7147 14.3253 41
      vertex -17.6866 14.2467 41
    endloop
  endfacet
  facet normal 0 0 1
    outer loop
      vertex -16 21 41
      vertex -17.7504 14.4007 41
      vertex -17.7147 14.3253 41
    endloop
  endfacet
  facet normal 0 0 1
    outer loop
      vertex -16 21 41
      vertex -17.7933 14.4722 41
      vertex -17.7504 14.4007 41
    endloop
  endfacet
  facet normal 0 0 1
    outer loop
      vertex -16 21 41
      vertex -17.8429 14.5392 41
      vertex -17.7933 14.4722 41
    endloop
  endfacet
  facet normal 0 0 1
    outer loop
      vertex -16 21 41
      vertex -17.899 14.601 41
      vertex -17.8429 14.5392 41
    endloop
  endfacet
  facet normal 0 0 1
    outer loop
      vertex -16 21 41
      vertex -17.9608 14.6571 41
      vertex -17.899 14.601 41
    endloop
  endfacet
  facet normal 0 0 1
    outer loop
      vertex -16 21 41
      vertex -18.0278 14.7067 41
      vertex -17.9608 14.6571 41
    endloop
  endfacet
  facet normal 0 0 1
    outer loop
      vertex -16 21 41
      vertex -18.0993 14.7496 41
      vertex -18.0278 14.7067 41
    endloop
  endfacet
  facet normal 0 0 1
    outer loop
      vertex -16 21 41
      vertex -18.1747 14.7853 41
      vertex -18.0993 14.7496 41
    endloop
  endfacet
  facet normal 0 0 1
    outer loop
      vertex -16 21 41
      vertex -18.2533 14.8134 41
      vertex -18.1747 14.7853 41
    endloop
  endfacet
  facet normal 0 0 1
    outer loop
      vertex -16 21 41
      vertex -18.3342 14.8337 41
      vertex -18.2533 14.8134 41
    endloop
  endfacet
  facet normal 0 0 1
    outer loop
      vertex -16 21 41
      vertex -18.4167 14.8459 41
      vertex -18.3342 14.8337 41
    endloop
  endfacet
  facet normal 0 0 1
    outer loop
      vertex -16 21 41
      vertex -18.5 14.85 41
      vertex -18.4167 14.8459 41
    endloop
  endfacet
  facet normal -0 0 1
    outer loop
      vertex -21 21 41
      vertex -18.5 14.85 41
      vertex -16 21 41
    endloop
  endfacet
  facet normal 0 0 1
    outer loop
      vertex -18.5 14.85 41
      vertex -21 21 41
      vertex -18.5833 14.8459 41
    endloop
  endfacet
  facet normal 0 0 1
    outer loop
      vertex -18.5833 14.8459 41
      vertex -21 21 41
      vertex -18.6658 14.8337 41
    endloop
  endfacet
  facet normal 0 0 1
    outer loop
      vertex -18.6658 14.8337 41
      vertex -21 21 41
      vertex -18.7467 14.8134 41
    endloop
  endfacet
  facet normal 0 0 1
    outer loop
      vertex -18.7467 14.8134 41
      vertex -21 21 41
      vertex -18.8253 14.7853 41
    endloop
  endfacet
  facet normal 0 0 1
    outer loop
      vertex -18.8253 14.7853 41
      vertex -21 21 41
      vertex -18.9007 14.7496 41
    endloop
  endfacet
  facet normal 0 0 1
    outer loop
      vertex -18.9007 14.7496 41
      vertex -21 21 41
      vertex -18.9722 14.7067 41
    endloop
  endfacet
  facet normal 0 0 1
    outer loop
      vertex -18.9722 14.7067 41
      vertex -21 21 41
      vertex -19.0392 14.6571 41
    endloop
  endfacet
  facet normal 0 0 1
    outer loop
      vertex -19.0392 14.6571 41
      vertex -21 21 41
      vertex -19.101 14.601 41
    endloop
  endfacet
  facet normal 0 0 1
    outer loop
      vertex -19.101 14.601 41
      vertex -21 21 41
      vertex -19.1571 14.5392 41
    endloop
  endfacet
  facet normal 0 0 1
    outer loop
      vertex -19.1571 14.5392 41
      vertex -21 21 41
      vertex -19.2067 14.4722 41
    endloop
  endfacet
  facet normal 0 0 1
    outer loop
      vertex -19.3337 -13.8342 41
      vertex -21 -21 41
      vertex -19.3459 -13.9167 41
    endloop
  endfacet
  facet normal 0 0 1
    outer loop
      vertex -19.3459 14.0833 41
      vertex -21 21 41
      vertex -19.35 14 41
    endloop
  endfacet
  facet normal 0 0 1
    outer loop
      vertex -19.3337 14.1658 41
      vertex -21 21 41
      vertex -19.3459 14.0833 41
    endloop
  endfacet
  facet normal 0 0 1
    outer loop
      vertex -19.3134 14.2467 41
      vertex -21 21 41
      vertex -19.3337 14.1658 41
    endloop
  endfacet
  facet normal 0 0 1
    outer loop
      vertex -19.2853 14.3253 41
      vertex -21 21 41
      vertex -19.3134 14.2467 41
    endloop
  endfacet
  facet normal 0 0 1
    outer loop
      vertex -19.2496 14.4007 41
      vertex -21 21 41
      vertex -19.2853 14.3253 41
    endloop
  endfacet
  facet normal 0 0 1
    outer loop
      vertex -19.2067 14.4722 41
      vertex -21 21 41
      vertex -19.2496 14.4007 41
    endloop
  endfacet
  facet normal 0 0 1
    outer loop
      vertex -17.6663 13.8342 41
      vertex -16 21 41
      vertex -17.6541 13.9167 41
    endloop
  endfacet
  facet normal -0 0 1
    outer loop
      vertex -17.6541 -14.0833 41
      vertex -16 -21 41
      vertex -17.65 -14 41
    endloop
  endfacet
  facet normal -0 0 1
    outer loop
      vertex -17.6663 -14.1658 41
      vertex -16 -21 41
      vertex -17.6541 -14.0833 41
    endloop
  endfacet
  facet normal -0 0 1
    outer loop
      vertex -17.6866 -14.2467 41
      vertex -16 -21 41
      vertex -17.6663 -14.1658 41
    endloop
  endfacet
  facet normal -0 0 1
    outer loop
      vertex -17.7147 -14.3253 41
      vertex -16 -21 41
      vertex -17.6866 -14.2467 41
    endloop
  endfacet
  facet normal -0 0 1
    outer loop
      vertex -17.7504 -14.4007 41
      vertex -16 -21 41
      vertex -17.7147 -14.3253 41
    endloop
  endfacet
  facet normal -0 0 1
    outer loop
      vertex -17.7933 -14.4722 41
      vertex -16 -21 41
      vertex -17.7504 -14.4007 41
    endloop
  endfacet
  facet normal -0 0 1
    outer loop
      vertex -17.8429 -14.5392 41
      vertex -16 -21 41
      vertex -17.7933 -14.4722 41
    endloop
  endfacet
  facet normal -0 0 1
    outer loop
      vertex -17.899 -14.601 41
      vertex -16 -21 41
      vertex -17.8429 -14.5392 41
    endloop
  endfacet
  facet normal -0 0 1
    outer loop
      vertex -17.9608 -14.6571 41
      vertex -16 -21 41
      vertex -17.899 -14.601 41
    endloop
  endfacet
  facet normal -0 0 1
    outer loop
      vertex -18.0278 -14.7067 41
      vertex -16 -21 41
      vertex -17.9608 -14.6571 41
    endloop
  endfacet
  facet normal -0 0 1
    outer loop
      vertex -18.0993 -14.7496 41
      vertex -16 -21 41
      vertex -18.0278 -14.7067 41
    endloop
  endfacet
  facet normal -0 0 1
    outer loop
      vertex -18.1747 -14.7853 41
      vertex -16 -21 41
      vertex -18.0993 -14.7496 41
    endloop
  endfacet
  facet normal -0 0 1
    outer loop
      vertex -18.2533 -14.8134 41
      vertex -16 -21 41
      vertex -18.1747 -14.7853 41
    endloop
  endfacet
  facet normal -0 0 1
    outer loop
      vertex -18.3342 -14.8337 41
      vertex -16 -21 41
      vertex -18.2533 -14.8134 41
    endloop
  endfacet
  facet normal -0 0 1
    outer loop
      vertex -18.4167 -14.8459 41
      vertex -16 -21 41
      vertex -18.3342 -14.8337 41
    endloop
  endfacet
  facet normal -0 0 1
    outer loop
      vertex -18.5 -14.85 41
      vertex -16 -21 41
      vertex -18.4167 -14.8459 41
    endloop
  endfacet
  facet normal 0 0 1
    outer loop
      vertex -21 -21 41
      vertex -18.5 -14.85 41
      vertex -18.5833 -14.8459 41
    endloop
  endfacet
  facet normal 0 0 1
    outer loop
      vertex -21 -21 41
      vertex -18.5833 -14.8459 41
      vertex -18.6658 -14.8337 41
    endloop
  endfacet
  facet normal 0 0 1
    outer loop
      vertex -21 -21 41
      vertex -18.6658 -14.8337 41
      vertex -18.7467 -14.8134 41
    endloop
  endfacet
  facet normal 0 0 1
    outer loop
      vertex -21 -21 41
      vertex -18.7467 -14.8134 41
      vertex -18.8253 -14.7853 41
    endloop
  endfacet
  facet normal 0 0 1
    outer loop
      vertex -21 -21 41
      vertex -18.8253 -14.7853 41
      vertex -18.9007 -14.7496 41
    endloop
  endfacet
  facet normal 0 0 1
    outer loop
      vertex -21 -21 41
      vertex -18.9007 -14.7496 41
      vertex -18.9722 -14.7067 41
    endloop
  endfacet
  facet normal 0 0 1
    outer loop
      vertex -21 -21 41
      vertex -18.9722 -14.7067 41
      vertex -19.0392 -14.6571 41
    endloop
  endfacet
  facet normal 0 0 1
    outer loop
      vertex -21 -21 41
      vertex -19.0392 -14.6571 41
      vertex -19.101 -14.601 41
    endloop
  endfacet
  facet normal 0 0 1
    outer loop
      vertex -21 -21 41
      vertex -19.101 -14.601 41
      vertex -19.1571 -14.5392 41
    endloop
  endfacet
  facet normal 0 0 1
    outer loop
      vertex -21 -21 41
      vertex -19.1571 -14.5392 41
      vertex -19.2067 -14.4722 41
    endloop
  endfacet
  facet normal 0 0 1
    outer loop
      vertex -21 -21 41
      vertex -19.2067 -14.4722 41
      vertex -19.2496 -14.4007 41
    endloop
  endfacet
  facet normal 0 0 1
    outer loop
      vertex -18.5 -14.85 41
      vertex -21 -21 41
      vertex -16 -21 41
    endloop
  endfacet
  facet normal 0 0 1
    outer loop
      vertex -19.2853 -14.3253 41
      vertex -21 -21 41
      vertex -19.2496 -14.4007 41
    endloop
  endfacet
  facet normal 0 0 1
    outer loop
      vertex -19.3134 -14.2467 41
      vertex -21 -21 41
      vertex -19.2853 -14.3253 41
    endloop
  endfacet
  facet normal 0 0 1
    outer loop
      vertex -19.3337 -14.1658 41
      vertex -21 -21 41
      vertex -19.3134 -14.2467 41
    endloop
  endfacet
  facet normal 0 0 1
    outer loop
      vertex -19.3459 -14.0833 41
      vertex -21 -21 41
      vertex -19.3337 -14.1658 41
    endloop
  endfacet
  facet normal 0 0 1
    outer loop
      vertex -19.35 -14 41
      vertex -21 -21 41
      vertex -19.3459 -14.0833 41
    endloop
  endfacet
  facet normal 0 0 1
    outer loop
      vertex -19.3459 -13.9167 41
      vertex -21 -21 41
      vertex -19.35 -14 41
    endloop
  endfacet
  facet normal -1 0 0
    outer loop
      vertex 74 19 3
      vertex 74 5 31
      vertex 74 19 41
    endloop
  endfacet
  facet normal -1 0 0
    outer loop
      vertex 74 19 3
      vertex 74 -5 31
      vertex 74 5 31
    endloop
  endfacet
  facet normal -1 0 0
    outer loop
      vertex 74 -19 3
      vertex 74 -5 31
      vertex 74 19 3
    endloop
  endfacet
  facet normal -1 0 0
    outer loop
      vertex 74 -19 41
      vertex 74 -5 31
      vertex 74 -19 3
    endloop
  endfacet
  facet normal -1 0 0
    outer loop
      vertex 74 -5 31
      vertex 74 -19 41
      vertex 74 -5 41
    endloop
  endfacet
  facet normal -1 -0 0
    outer loop
      vertex 74 19 41
      vertex 74 5 31
      vertex 74 5 41
    endloop
  endfacet
  facet normal 1 0 0
    outer loop
      vertex 21 -15.7 41
      vertex 21 -19 41
      vertex 21 -15.7 22
    endloop
  endfacet
  facet normal 1 0 0
    outer loop
      vertex 21 15.7 22
      vertex 21 19 41
      vertex 21 15.7 41
    endloop
  endfacet
  facet normal 1 0 0
    outer loop
      vertex 21 19 41
      vertex 21 15.7 22
      vertex 21 19 3
    endloop
  endfacet
  facet normal 1 -0 0
    outer loop
      vertex 21 15.6244 20.4611
      vertex 21 19 3
      vertex 21 15.7 22
    endloop
  endfacet
  facet normal 1 -0 0
    outer loop
      vertex 21 15.3983 18.9371
      vertex 21 19 3
      vertex 21 15.6244 20.4611
    endloop
  endfacet
  facet normal 1 -0 0
    outer loop
      vertex 21 15.024 17.4425
      vertex 21 19 3
      vertex 21 15.3983 18.9371
    endloop
  endfacet
  facet normal 1 -0 0
    outer loop
      vertex 21 14.5049 15.9919
      vertex 21 19 3
      vertex 21 15.024 17.4425
    endloop
  endfacet
  facet normal 1 -0 0
    outer loop
      vertex 21 13.8462 14.5991
      vertex 21 19 3
      vertex 21 14.5049 15.9919
    endloop
  endfacet
  facet normal 1 -0 0
    outer loop
      vertex 21 13.0541 13.2776
      vertex 21 19 3
      vertex 21 13.8462 14.5991
    endloop
  endfacet
  facet normal 1 -0 0
    outer loop
      vertex 21 12.1363 12.04
      vertex 21 19 3
      vertex 21 13.0541 13.2776
    endloop
  endfacet
  facet normal 1 -0 0
    outer loop
      vertex 21 11.1016 10.8984
      vertex 21 19 3
      vertex 21 12.1363 12.04
    endloop
  endfacet
  facet normal 1 -0 0
    outer loop
      vertex 21 9.95996 9.86374
      vertex 21 19 3
      vertex 21 11.1016 10.8984
    endloop
  endfacet
  facet normal 1 -0 0
    outer loop
      vertex 21 8.72244 8.94594
      vertex 21 19 3
      vertex 21 9.95996 9.86374
    endloop
  endfacet
  facet normal 1 -0 0
    outer loop
      vertex 21 7.40092 8.15384
      vertex 21 19 3
      vertex 21 8.72244 8.94594
    endloop
  endfacet
  facet normal 1 -0 0
    outer loop
      vertex 21 6.00812 7.4951
      vertex 21 19 3
      vertex 21 7.40092 8.15384
    endloop
  endfacet
  facet normal 1 -0 0
    outer loop
      vertex 21 4.55746 6.97604
      vertex 21 19 3
      vertex 21 6.00812 7.4951
    endloop
  endfacet
  facet normal 1 -0 0
    outer loop
      vertex 21 3.06291 6.60168
      vertex 21 19 3
      vertex 21 4.55746 6.97604
    endloop
  endfacet
  facet normal 1 -0 0
    outer loop
      vertex 21 1.53886 6.37561
      vertex 21 19 3
      vertex 21 3.06291 6.60168
    endloop
  endfacet
  facet normal 1 -0 0
    outer loop
      vertex 21 0 6.3
      vertex 21 19 3
      vertex 21 1.53886 6.37561
    endloop
  endfacet
  facet normal 1 0 0
    outer loop
      vertex 21 -19 3
      vertex 21 0 6.3
      vertex 21 -1.53886 6.37561
    endloop
  endfacet
  facet normal 1 0 0
    outer loop
      vertex 21 -19 3
      vertex 21 -1.53886 6.37561
      vertex 21 -3.06291 6.60168
    endloop
  endfacet
  facet normal 1 0 0
    outer loop
      vertex 21 -19 3
      vertex 21 -15.7 22
      vertex 21 -19 41
    endloop
  endfacet
  facet normal 1 0 0
    outer loop
      vertex 21 -15.7 22
      vertex 21 -19 3
      vertex 21 -15.6244 20.4611
    endloop
  endfacet
  facet normal 1 0 0
    outer loop
      vertex 21 0 6.3
      vertex 21 -19 3
      vertex 21 19 3
    endloop
  endfacet
  facet normal 1 0 0
    outer loop
      vertex 21 -4.55746 6.97604
      vertex 21 -19 3
      vertex 21 -3.06291 6.60168
    endloop
  endfacet
  facet normal 1 0 0
    outer loop
      vertex 21 -6.00812 7.4951
      vertex 21 -19 3
      vertex 21 -4.55746 6.97604
    endloop
  endfacet
  facet normal 1 0 0
    outer loop
      vertex 21 -7.40092 8.15384
      vertex 21 -19 3
      vertex 21 -6.00812 7.4951
    endloop
  endfacet
  facet normal 1 0 0
    outer loop
      vertex 21 -8.72244 8.94594
      vertex 21 -19 3
      vertex 21 -7.40092 8.15384
    endloop
  endfacet
  facet normal 1 0 0
    outer loop
      vertex 21 -9.95996 9.86374
      vertex 21 -19 3
      vertex 21 -8.72244 8.94594
    endloop
  endfacet
  facet normal 1 0 0
    outer loop
      vertex 21 -11.1016 10.8984
      vertex 21 -19 3
      vertex 21 -9.95996 9.86374
    endloop
  endfacet
  facet normal 1 0 0
    outer loop
      vertex 21 -12.1363 12.04
      vertex 21 -19 3
      vertex 21 -11.1016 10.8984
    endloop
  endfacet
  facet normal 1 0 0
    outer loop
      vertex 21 -13.0541 13.2776
      vertex 21 -19 3
      vertex 21 -12.1363 12.04
    endloop
  endfacet
  facet normal 1 0 0
    outer loop
      vertex 21 -13.8462 14.5991
      vertex 21 -19 3
      vertex 21 -13.0541 13.2776
    endloop
  endfacet
  facet normal 1 0 0
    outer loop
      vertex 21 -14.5049 15.9919
      vertex 21 -19 3
      vertex 21 -13.8462 14.5991
    endloop
  endfacet
  facet normal 1 0 0
    outer loop
      vertex 21 -15.024 17.4425
      vertex 21 -19 3
      vertex 21 -14.5049 15.9919
    endloop
  endfacet
  facet normal 1 0 0
    outer loop
      vertex 21 -15.3983 18.9371
      vertex 21 -19 3
      vertex 21 -15.024 17.4425
    endloop
  endfacet
  facet normal 1 0 0
    outer loop
      vertex 21 -15.6244 20.4611
      vertex 21 -19 3
      vertex 21 -15.3983 18.9371
    endloop
  endfacet
  facet normal 0 0 1
    outer loop
      vertex 12.5158 8.27315 10.8
      vertex 8.37922 10.0056 10.8
      vertex 10.0056 8.37922 10.8
    endloop
  endfacet
  facet normal 0 0 1
    outer loop
      vertex 8.27315 12.5158 10.8
      vertex 8.37922 10.0056 10.8
      vertex 12.5158 8.27315 10.8
    endloop
  endfacet
  facet normal 0 0 1
    outer loop
      vertex 8.27315 12.5158 10.8
      vertex -10.0056 -8.37922 10.8
      vertex 8.37922 10.0056 10.8
    endloop
  endfacet
  facet normal 0 -0 1
    outer loop
      vertex -10.0056 -8.37922 10.8
      vertex 8.27315 12.5158 10.8
      vertex -12.5158 -8.27315 10.8
    endloop
  endfacet
  facet normal 0 0 1
    outer loop
      vertex 10.0056 8.37922 10.8
      vertex -8.27315 -12.5158 10.8
      vertex 12.5158 8.27315 10.8
    endloop
  endfacet
  facet normal -0 0 1
    outer loop
      vertex -8.37922 -10.0056 10.8
      vertex -8.27315 -12.5158 10.8
      vertex 10.0056 8.37922 10.8
    endloop
  endfacet
  facet normal 0 0 1
    outer loop
      vertex -10.0056 -8.37922 10.8
      vertex -8.27315 -12.5158 10.8
      vertex -8.37922 -10.0056 10.8
    endloop
  endfacet
  facet normal 0 0 1
    outer loop
      vertex -8.27315 -12.5158 10.8
      vertex -10.0056 -8.37922 10.8
      vertex -12.5158 -8.27315 10.8
    endloop
  endfacet
  facet normal -0.707107 -0.707107 0
    outer loop
      vertex -8.27315 -12.5158 3
      vertex -12.5158 -8.27315 10.8
      vertex -12.5158 -8.27315 3
    endloop
  endfacet
  facet normal -0.707107 -0.707107 0
    outer loop
      vertex -12.5158 -8.27315 10.8
      vertex -8.27315 -12.5158 3
      vertex -8.27315 -12.5158 10.8
    endloop
  endfacet
  facet normal -0.707107 0.707107 0
    outer loop
      vertex -12.5158 -8.27315 3
      vertex 8.27315 12.5158 10.8
      vertex 8.27315 12.5158 3
    endloop
  endfacet
  facet normal -0.707107 0.707107 0
    outer loop
      vertex 8.27315 12.5158 10.8
      vertex -12.5158 -8.27315 3
      vertex -12.5158 -8.27315 10.8
    endloop
  endfacet
  facet normal 0.707107 -0.707107 0
    outer loop
      vertex -8.27315 -12.5158 10.8
      vertex 12.5158 8.27315 3
      vertex 12.5158 8.27315 10.8
    endloop
  endfacet
  facet normal 0.707107 -0.707107 0
    outer loop
      vertex 12.5158 8.27315 3
      vertex -8.27315 -12.5158 10.8
      vertex -8.27315 -12.5158 3
    endloop
  endfacet
  facet normal 0.707107 0.707107 0
    outer loop
      vertex 12.5158 8.27315 10.8
      vertex 8.27315 12.5158 3
      vertex 8.27315 12.5158 10.8
    endloop
  endfacet
  facet normal 0.707107 0.707107 0
    outer loop
      vertex 8.27315 12.5158 3
      vertex 12.5158 8.27315 10.8
      vertex 12.5158 8.27315 3
    endloop
  endfacet
  facet normal -1 0 0
    outer loop
      vertex 57.75 2 0
      vertex 57.75 7 0.389999
      vertex 57.75 7 0
    endloop
  endfacet
  facet normal -1 -0 0
    outer loop
      vertex 57.75 7 0.389999
      vertex 57.75 2 0
      vertex 57.75 2 0.389999
    endloop
  endfacet
  facet normal 0 0 -1
    outer loop
      vertex 57.25 2 0.389999
      vertex 57.75 7 0.389999
      vertex 57.75 2 0.389999
    endloop
  endfacet
  facet normal -0 0 -1
    outer loop
      vertex 57.75 7 0.389999
      vertex 57.25 2 0.389999
      vertex 57.25 7 0.389999
    endloop
  endfacet
  facet normal 1 -0 0
    outer loop
      vertex 57.25 2 0.389999
      vertex 57.25 7 0
      vertex 57.25 7 0.389999
    endloop
  endfacet
  facet normal 1 0 0
    outer loop
      vertex 57.25 7 0
      vertex 57.25 2 0.389999
      vertex 57.25 2 0
    endloop
  endfacet
  facet normal 0 -1 0
    outer loop
      vertex 57.25 7 0
      vertex 57.75 7 0.389999
      vertex 57.25 7 0.389999
    endloop
  endfacet
  facet normal 0 -1 -0
    outer loop
      vertex 57.75 7 0.389999
      vertex 57.25 7 0
      vertex 57.75 7 0
    endloop
  endfacet
  facet normal 0 1 -0
    outer loop
      vertex 57.75 2 0
      vertex 57.25 2 0.389999
      vertex 57.75 2 0.389999
    endloop
  endfacet
  facet normal 0 1 0
    outer loop
      vertex 57.25 2 0.389999
      vertex 57.75 2 0
      vertex 57.25 2 0
    endloop
  endfacet
  facet normal -1 0 0
    outer loop
      vertex 58.75 2 0
      vertex 58.75 4.5 0.389999
      vertex 58.75 4.5 0
    endloop
  endfacet
  facet normal -1 -0 0
    outer loop
      vertex 58.75 4.5 0.389999
      vertex 58.75 2 0
      vertex 58.75 2 0.389999
    endloop
  endfacet
  facet normal 0 0 -1
    outer loop
      vertex 58.25 2 0.389999
      vertex 58.75 4.5 0.389999
      vertex 58.75 2 0.389999
    endloop
  endfacet
  facet normal -0 0 -1
    outer loop
      vertex 58.75 4.5 0.389999
      vertex 58.25 2 0.389999
      vertex 58.25 4.5 0.389999
    endloop
  endfacet
  facet normal 1 -0 0
    outer loop
      vertex 58.25 2 0.389999
      vertex 58.25 4.5 0
      vertex 58.25 4.5 0.389999
    endloop
  endfacet
  facet normal 1 0 0
    outer loop
      vertex 58.25 4.5 0
      vertex 58.25 2 0.389999
      vertex 58.25 2 0
    endloop
  endfacet
  facet normal 0 -1 0
    outer loop
      vertex 58.25 4.5 0
      vertex 58.75 4.5 0.389999
      vertex 58.25 4.5 0.389999
    endloop
  endfacet
  facet normal 0 -1 -0
    outer loop
      vertex 58.75 4.5 0.389999
      vertex 58.25 4.5 0
      vertex 58.75 4.5 0
    endloop
  endfacet
  facet normal 0 1 -0
    outer loop
      vertex 58.75 2 0
      vertex 58.25 2 0.389999
      vertex 58.75 2 0.389999
    endloop
  endfacet
  facet normal 0 1 0
    outer loop
      vertex 58.25 2 0.389999
      vertex 58.75 2 0
      vertex 58.25 2 0
    endloop
  endfacet
  facet normal -1 0 0
    outer loop
      vertex 59.75 2 0
      vertex 59.75 4.5 0.389999
      vertex 59.75 4.5 0
    endloop
  endfacet
  facet normal -1 -0 0
    outer loop
      vertex 59.75 4.5 0.389999
      vertex 59.75 2 0
      vertex 59.75 2 0.389999
    endloop
  endfacet
  facet normal 0 0 -1
    outer loop
      vertex 59.25 2 0.389999
      vertex 59.75 4.5 0.389999
      vertex 59.75 2 0.389999
    endloop
  endfacet
  facet normal -0 0 -1
    outer loop
      vertex 59.75 4.5 0.389999
      vertex 59.25 2 0.389999
      vertex 59.25 4.5 0.389999
    endloop
  endfacet
  facet normal 1 -0 0
    outer loop
      vertex 59.25 2 0.389999
      vertex 59.25 4.5 0
      vertex 59.25 4.5 0.389999
    endloop
  endfacet
  facet normal 1 0 0
    outer loop
      vertex 59.25 4.5 0
      vertex 59.25 2 0.389999
      vertex 59.25 2 0
    endloop
  endfacet
  facet normal 0 -1 0
    outer loop
      vertex 59.25 4.5 0
      vertex 59.75 4.5 0.389999
      vertex 59.25 4.5 0.389999
    endloop
  endfacet
  facet normal 0 -1 -0
    outer loop
      vertex 59.75 4.5 0.389999
      vertex 59.25 4.5 0
      vertex 59.75 4.5 0
    endloop
  endfacet
  facet normal 0 1 -0
    outer loop
      vertex 59.75 2 0
      vertex 59.25 2 0.389999
      vertex 59.75 2 0.389999
    endloop
  endfacet
  facet normal 0 1 0
    outer loop
      vertex 59.25 2 0.389999
      vertex 59.75 2 0
      vertex 59.25 2 0
    endloop
  endfacet
  facet normal -1 0 0
    outer loop
      vertex 60.75 2 0
      vertex 60.75 4.5 0.389999
      vertex 60.75 4.5 0
    endloop
  endfacet
  facet normal -1 -0 0
    outer loop
      vertex 60.75 4.5 0.389999
      vertex 60.75 2 0
      vertex 60.75 2 0.389999
    endloop
  endfacet
  facet normal 0 0 -1
    outer loop
      vertex 60.25 2 0.389999
      vertex 60.75 4.5 0.389999
      vertex 60.75 2 0.389999
    endloop
  endfacet
  facet normal -0 0 -1
    outer loop
      vertex 60.75 4.5 0.389999
      vertex 60.25 2 0.389999
      vertex 60.25 4.5 0.389999
    endloop
  endfacet
  facet normal 1 -0 0
    outer loop
      vertex 60.25 2 0.389999
      vertex 60.25 4.5 0
      vertex 60.25 4.5 0.389999
    endloop
  endfacet
  facet normal 1 0 0
    outer loop
      vertex 60.25 4.5 0
      vertex 60.25 2 0.389999
      vertex 60.25 2 0
    endloop
  endfacet
  facet normal 0 -1 0
    outer loop
      vertex 60.25 4.5 0
      vertex 60.75 4.5 0.389999
      vertex 60.25 4.5 0.389999
    endloop
  endfacet
  facet normal 0 -1 -0
    outer loop
      vertex 60.75 4.5 0.389999
      vertex 60.25 4.5 0
      vertex 60.75 4.5 0
    endloop
  endfacet
  facet normal 0 1 -0
    outer loop
      vertex 60.75 2 0
      vertex 60.25 2 0.389999
      vertex 60.75 2 0.389999
    endloop
  endfacet
  facet normal 0 1 0
    outer loop
      vertex 60.25 2 0.389999
      vertex 60.75 2 0
      vertex 60.25 2 0
    endloop
  endfacet
  facet normal -1 0 0
    outer loop
      vertex 61.75 2 0
      vertex 61.75 7 0.389999
      vertex 61.75 7 0
    endloop
  endfacet
  facet normal -1 -0 0
    outer loop
      vertex 61.75 7 0.389999
      vertex 61.75 2 0
      vertex 61.75 2 0.389999
    endloop
  endfacet
  facet normal 0 0 -1
    outer loop
      vertex 61.25 2 0.389999
      vertex 61.75 7 0.389999
      vertex 61.75 2 0.389999
    endloop
  endfacet
  facet normal -0 0 -1
    outer loop
      vertex 61.75 7 0.389999
      vertex 61.25 2 0.389999
      vertex 61.25 7 0.389999
    endloop
  endfacet
  facet normal 1 -0 0
    outer loop
      vertex 61.25 2 0.389999
      vertex 61.25 7 0
      vertex 61.25 7 0.389999
    endloop
  endfacet
  facet normal 1 0 0
    outer loop
      vertex 61.25 7 0
      vertex 61.25 2 0.389999
      vertex 61.25 2 0
    endloop
  endfacet
  facet normal 0 -1 0
    outer loop
      vertex 61.25 7 0
      vertex 61.75 7 0.389999
      vertex 61.25 7 0.389999
    endloop
  endfacet
  facet normal 0 -1 -0
    outer loop
      vertex 61.75 7 0.389999
      vertex 61.25 7 0
      vertex 61.75 7 0
    endloop
  endfacet
  facet normal 0 1 -0
    outer loop
      vertex 61.75 2 0
      vertex 61.25 2 0.389999
      vertex 61.75 2 0.389999
    endloop
  endfacet
  facet normal 0 1 0
    outer loop
      vertex 61.25 2 0.389999
      vertex 61.75 2 0
      vertex 61.25 2 0
    endloop
  endfacet
  facet normal -1 0 0
    outer loop
      vertex 62.75 2 0
      vertex 62.75 4.5 0.389999
      vertex 62.75 4.5 0
    endloop
  endfacet
  facet normal -1 -0 0
    outer loop
      vertex 62.75 4.5 0.389999
      vertex 62.75 2 0
      vertex 62.75 2 0.389999
    endloop
  endfacet
  facet normal 0 0 -1
    outer loop
      vertex 62.25 2 0.389999
      vertex 62.75 4.5 0.389999
      vertex 62.75 2 0.389999
    endloop
  endfacet
  facet normal -0 0 -1
    outer loop
      vertex 62.75 4.5 0.389999
      vertex 62.25 2 0.389999
      vertex 62.25 4.5 0.389999
    endloop
  endfacet
  facet normal 1 -0 0
    outer loop
      vertex 62.25 2 0.389999
      vertex 62.25 4.5 0
      vertex 62.25 4.5 0.389999
    endloop
  endfacet
  facet normal 1 0 0
    outer loop
      vertex 62.25 4.5 0
      vertex 62.25 2 0.389999
      vertex 62.25 2 0
    endloop
  endfacet
  facet normal 0 -1 0
    outer loop
      vertex 62.25 4.5 0
      vertex 62.75 4.5 0.389999
      vertex 62.25 4.5 0.389999
    endloop
  endfacet
  facet normal 0 -1 -0
    outer loop
      vertex 62.75 4.5 0.389999
      vertex 62.25 4.5 0
      vertex 62.75 4.5 0
    endloop
  endfacet
  facet normal 0 1 -0
    outer loop
      vertex 62.75 2 0
      vertex 62.25 2 0.389999
      vertex 62.75 2 0.389999
    endloop
  endfacet
  facet normal 0 1 0
    outer loop
      vertex 62.25 2 0.389999
      vertex 62.75 2 0
      vertex 62.25 2 0
    endloop
  endfacet
  facet normal -1 0 0
    outer loop
      vertex 63.75 2 0
      vertex 63.75 4.5 0.389999
      vertex 63.75 4.5 0
    endloop
  endfacet
  facet normal -1 -0 0
    outer loop
      vertex 63.75 4.5 0.389999
      vertex 63.75 2 0
      vertex 63.75 2 0.389999
    endloop
  endfacet
  facet normal 0 0 -1
    outer loop
      vertex 63.25 2 0.389999
      vertex 63.75 4.5 0.389999
      vertex 63.75 2 0.389999
    endloop
  endfacet
  facet normal -0 0 -1
    outer loop
      vertex 63.75 4.5 0.389999
      vertex 63.25 2 0.389999
      vertex 63.25 4.5 0.389999
    endloop
  endfacet
  facet normal 1 -0 0
    outer loop
      vertex 63.25 2 0.389999
      vertex 63.25 4.5 0
      vertex 63.25 4.5 0.389999
    endloop
  endfacet
  facet normal 1 0 0
    outer loop
      vertex 63.25 4.5 0
      vertex 63.25 2 0.389999
      vertex 63.25 2 0
    endloop
  endfacet
  facet normal 0 -1 0
    outer loop
      vertex 63.25 4.5 0
      vertex 63.75 4.5 0.389999
      vertex 63.25 4.5 0.389999
    endloop
  endfacet
  facet normal 0 -1 -0
    outer loop
      vertex 63.75 4.5 0.389999
      vertex 63.25 4.5 0
      vertex 63.75 4.5 0
    endloop
  endfacet
  facet normal 0 1 -0
    outer loop
      vertex 63.75 2 0
      vertex 63.25 2 0.389999
      vertex 63.75 2 0.389999
    endloop
  endfacet
  facet normal 0 1 0
    outer loop
      vertex 63.25 2 0.389999
      vertex 63.75 2 0
      vertex 63.25 2 0
    endloop
  endfacet
  facet normal -1 0 0
    outer loop
      vertex 64.75 2 0
      vertex 64.75 4.5 0.389999
      vertex 64.75 4.5 0
    endloop
  endfacet
  facet normal -1 -0 0
    outer loop
      vertex 64.75 4.5 0.389999
      vertex 64.75 2 0
      vertex 64.75 2 0.389999
    endloop
  endfacet
  facet normal 0 0 -1
    outer loop
      vertex 64.25 2 0.389999
      vertex 64.75 4.5 0.389999
      vertex 64.75 2 0.389999
    endloop
  endfacet
  facet normal -0 0 -1
    outer loop
      vertex 64.75 4.5 0.389999
      vertex 64.25 2 0.389999
      vertex 64.25 4.5 0.389999
    endloop
  endfacet
  facet normal 1 -0 0
    outer loop
      vertex 64.25 2 0.389999
      vertex 64.25 4.5 0
      vertex 64.25 4.5 0.389999
    endloop
  endfacet
  facet normal 1 0 0
    outer loop
      vertex 64.25 4.5 0
      vertex 64.25 2 0.389999
      vertex 64.25 2 0
    endloop
  endfacet
  facet normal 0 -1 0
    outer loop
      vertex 64.25 4.5 0
      vertex 64.75 4.5 0.389999
      vertex 64.25 4.5 0.389999
    endloop
  endfacet
  facet normal 0 -1 -0
    outer loop
      vertex 64.75 4.5 0.389999
      vertex 64.25 4.5 0
      vertex 64.75 4.5 0
    endloop
  endfacet
  facet normal 0 1 -0
    outer loop
      vertex 64.75 2 0
      vertex 64.25 2 0.389999
      vertex 64.75 2 0.389999
    endloop
  endfacet
  facet normal 0 1 0
    outer loop
      vertex 64.25 2 0.389999
      vertex 64.75 2 0
      vertex 64.25 2 0
    endloop
  endfacet
  facet normal -1 0 0
    outer loop
      vertex 65.75 2 0
      vertex 65.75 7 0.389999
      vertex 65.75 7 0
    endloop
  endfacet
  facet normal -1 -0 0
    outer loop
      vertex 65.75 7 0.389999
      vertex 65.75 2 0
      vertex 65.75 2 0.389999
    endloop
  endfacet
  facet normal 0 0 -1
    outer loop
      vertex 65.25 2 0.389999
      vertex 65.75 7 0.389999
      vertex 65.75 2 0.389999
    endloop
  endfacet
  facet normal -0 0 -1
    outer loop
      vertex 65.75 7 0.389999
      vertex 65.25 2 0.389999
      vertex 65.25 7 0.389999
    endloop
  endfacet
  facet normal 1 -0 0
    outer loop
      vertex 65.25 2 0.389999
      vertex 65.25 7 0
      vertex 65.25 7 0.389999
    endloop
  endfacet
  facet normal 1 0 0
    outer loop
      vertex 65.25 7 0
      vertex 65.25 2 0.389999
      vertex 65.25 2 0
    endloop
  endfacet
  facet normal 0 -1 0
    outer loop
      vertex 65.25 7 0
      vertex 65.75 7 0.389999
      vertex 65.25 7 0.389999
    endloop
  endfacet
  facet normal 0 -1 -0
    outer loop
      vertex 65.75 7 0.389999
      vertex 65.25 7 0
      vertex 65.75 7 0
    endloop
  endfacet
  facet normal 0 1 -0
    outer loop
      vertex 65.75 2 0
      vertex 65.25 2 0.389999
      vertex 65.75 2 0.389999
    endloop
  endfacet
  facet normal 0 1 0
    outer loop
      vertex 65.25 2 0.389999
      vertex 65.75 2 0
      vertex 65.25 2 0
    endloop
  endfacet
  facet normal -1 0 0
    outer loop
      vertex 66.75 2 0
      vertex 66.75 4.5 0.389999
      vertex 66.75 4.5 0
    endloop
  endfacet
  facet normal -1 -0 0
    outer loop
      vertex 66.75 4.5 0.389999
      vertex 66.75 2 0
      vertex 66.75 2 0.389999
    endloop
  endfacet
  facet normal 0 0 -1
    outer loop
      vertex 66.25 2 0.389999
      vertex 66.75 4.5 0.389999
      vertex 66.75 2 0.389999
    endloop
  endfacet
  facet normal -0 0 -1
    outer loop
      vertex 66.75 4.5 0.389999
      vertex 66.25 2 0.389999
      vertex 66.25 4.5 0.389999
    endloop
  endfacet
  facet normal 1 -0 0
    outer loop
      vertex 66.25 2 0.389999
      vertex 66.25 4.5 0
      vertex 66.25 4.5 0.389999
    endloop
  endfacet
  facet normal 1 0 0
    outer loop
      vertex 66.25 4.5 0
      vertex 66.25 2 0.389999
      vertex 66.25 2 0
    endloop
  endfacet
  facet normal 0 -1 0
    outer loop
      vertex 66.25 4.5 0
      vertex 66.75 4.5 0.389999
      vertex 66.25 4.5 0.389999
    endloop
  endfacet
  facet normal 0 -1 -0
    outer loop
      vertex 66.75 4.5 0.389999
      vertex 66.25 4.5 0
      vertex 66.75 4.5 0
    endloop
  endfacet
  facet normal 0 1 -0
    outer loop
      vertex 66.75 2 0
      vertex 66.25 2 0.389999
      vertex 66.75 2 0.389999
    endloop
  endfacet
  facet normal 0 1 0
    outer loop
      vertex 66.25 2 0.389999
      vertex 66.75 2 0
      vertex 66.25 2 0
    endloop
  endfacet
  facet normal -1 0 0
    outer loop
      vertex 67.75 2 0
      vertex 67.75 4.5 0.389999
      vertex 67.75 4.5 0
    endloop
  endfacet
  facet normal -1 -0 0
    outer loop
      vertex 67.75 4.5 0.389999
      vertex 67.75 2 0
      vertex 67.75 2 0.389999
    endloop
  endfacet
  facet normal 0 0 -1
    outer loop
      vertex 67.25 2 0.389999
      vertex 67.75 4.5 0.389999
      vertex 67.75 2 0.389999
    endloop
  endfacet
  facet normal -0 0 -1
    outer loop
      vertex 67.75 4.5 0.389999
      vertex 67.25 2 0.389999
      vertex 67.25 4.5 0.389999
    endloop
  endfacet
  facet normal 1 -0 0
    outer loop
      vertex 67.25 2 0.389999
      vertex 67.25 4.5 0
      vertex 67.25 4.5 0.389999
    endloop
  endfacet
  facet normal 1 0 0
    outer loop
      vertex 67.25 4.5 0
      vertex 67.25 2 0.389999
      vertex 67.25 2 0
    endloop
  endfacet
  facet normal 0 -1 0
    outer loop
      vertex 67.25 4.5 0
      vertex 67.75 4.5 0.389999
      vertex 67.25 4.5 0.389999
    endloop
  endfacet
  facet normal 0 -1 -0
    outer loop
      vertex 67.75 4.5 0.389999
      vertex 67.25 4.5 0
      vertex 67.75 4.5 0
    endloop
  endfacet
  facet normal 0 1 -0
    outer loop
      vertex 67.75 2 0
      vertex 67.25 2 0.389999
      vertex 67.75 2 0.389999
    endloop
  endfacet
  facet normal 0 1 0
    outer loop
      vertex 67.25 2 0.389999
      vertex 67.75 2 0
      vertex 67.25 2 0
    endloop
  endfacet
  facet normal -1 0 0
    outer loop
      vertex 68.75 2 0
      vertex 68.75 4.5 0.389999
      vertex 68.75 4.5 0
    endloop
  endfacet
  facet normal -1 -0 0
    outer loop
      vertex 68.75 4.5 0.389999
      vertex 68.75 2 0
      vertex 68.75 2 0.389999
    endloop
  endfacet
  facet normal 0 0 -1
    outer loop
      vertex 68.25 2 0.389999
      vertex 68.75 4.5 0.389999
      vertex 68.75 2 0.389999
    endloop
  endfacet
  facet normal -0 0 -1
    outer loop
      vertex 68.75 4.5 0.389999
      vertex 68.25 2 0.389999
      vertex 68.25 4.5 0.389999
    endloop
  endfacet
  facet normal 1 -0 0
    outer loop
      vertex 68.25 2 0.389999
      vertex 68.25 4.5 0
      vertex 68.25 4.5 0.389999
    endloop
  endfacet
  facet normal 1 0 0
    outer loop
      vertex 68.25 4.5 0
      vertex 68.25 2 0.389999
      vertex 68.25 2 0
    endloop
  endfacet
  facet normal 0 -1 0
    outer loop
      vertex 68.25 4.5 0
      vertex 68.75 4.5 0.389999
      vertex 68.25 4.5 0.389999
    endloop
  endfacet
  facet normal 0 -1 -0
    outer loop
      vertex 68.75 4.5 0.389999
      vertex 68.25 4.5 0
      vertex 68.75 4.5 0
    endloop
  endfacet
  facet normal 0 1 -0
    outer loop
      vertex 68.75 2 0
      vertex 68.25 2 0.389999
      vertex 68.75 2 0.389999
    endloop
  endfacet
  facet normal 0 1 0
    outer loop
      vertex 68.25 2 0.389999
      vertex 68.75 2 0
      vertex 68.25 2 0
    endloop
  endfacet
  facet normal -1 0 0
    outer loop
      vertex 69.75 2 0
      vertex 69.75 7 0.389999
      vertex 69.75 7 0
    endloop
  endfacet
  facet normal -1 -0 0
    outer loop
      vertex 69.75 7 0.389999
      vertex 69.75 2 0
      vertex 69.75 2 0.389999
    endloop
  endfacet
  facet normal 0 0 -1
    outer loop
      vertex 69.25 2 0.389999
      vertex 69.75 7 0.389999
      vertex 69.75 2 0.389999
    endloop
  endfacet
  facet normal -0 0 -1
    outer loop
      vertex 69.75 7 0.389999
      vertex 69.25 2 0.389999
      vertex 69.25 7 0.389999
    endloop
  endfacet
  facet normal 1 -0 0
    outer loop
      vertex 69.25 2 0.389999
      vertex 69.25 7 0
      vertex 69.25 7 0.389999
    endloop
  endfacet
  facet normal 1 0 0
    outer loop
      vertex 69.25 7 0
      vertex 69.25 2 0.389999
      vertex 69.25 2 0
    endloop
  endfacet
  facet normal 0 -1 0
    outer loop
      vertex 69.25 7 0
      vertex 69.75 7 0.389999
      vertex 69.25 7 0.389999
    endloop
  endfacet
  facet normal 0 -1 -0
    outer loop
      vertex 69.75 7 0.389999
      vertex 69.25 7 0
      vertex 69.75 7 0
    endloop
  endfacet
  facet normal 0 1 -0
    outer loop
      vertex 69.75 2 0
      vertex 69.25 2 0.389999
      vertex 69.75 2 0.389999
    endloop
  endfacet
  facet normal 0 1 0
    outer loop
      vertex 69.25 2 0.389999
      vertex 69.75 2 0
      vertex 69.25 2 0
    endloop
  endfacet
  facet normal -0.672136 0.740428 0
    outer loop
      vertex -17.899 -14.601 31
      vertex -17.9608 -14.6571 41
      vertex -17.899 -14.601 41
    endloop
  endfacet
  facet normal -0.672136 0.740428 0
    outer loop
      vertex -17.9608 -14.6571 41
      vertex -17.899 -14.601 31
      vertex -17.9608 -14.6571 31
    endloop
  endfacet
  facet normal -0.989242 -0.146288 0
    outer loop
      vertex -17.6541 -13.9167 31
      vertex -17.6663 -13.8342 41
      vertex -17.6663 -13.8342 31
    endloop
  endfacet
  facet normal -0.989242 -0.146288 0
    outer loop
      vertex -17.6663 -13.8342 41
      vertex -17.6541 -13.9167 31
      vertex -17.6541 -13.9167 41
    endloop
  endfacet
  facet normal -0.998791 -0.0491602 0
    outer loop
      vertex -17.65 -14 31
      vertex -17.6541 -13.9167 41
      vertex -17.6541 -13.9167 31
    endloop
  endfacet
  facet normal -0.998791 -0.0491602 0
    outer loop
      vertex -17.6541 -13.9167 41
      vertex -17.65 -14 31
      vertex -17.65 -14 41
    endloop
  endfacet
  facet normal -0.969931 -0.243382 0
    outer loop
      vertex -17.6663 -13.8342 31
      vertex -17.6866 -13.7533 41
      vertex -17.6866 -13.7533 31
    endloop
  endfacet
  facet normal -0.969931 -0.243382 0
    outer loop
      vertex -17.6866 -13.7533 41
      vertex -17.6663 -13.8342 31
      vertex -17.6663 -13.8342 41
    endloop
  endfacet
  facet normal -0.427932 0.903811 0
    outer loop
      vertex -18.0993 -14.7496 31
      vertex -18.1747 -14.7853 41
      vertex -18.0993 -14.7496 41
    endloop
  endfacet
  facet normal -0.427932 0.903811 0
    outer loop
      vertex -18.1747 -14.7853 41
      vertex -18.0993 -14.7496 31
      vertex -18.1747 -14.7853 31
    endloop
  endfacet
  facet normal 0.0491602 -0.998791 0
    outer loop
      vertex -18.5833 -13.1541 31
      vertex -18.5 -13.15 41
      vertex -18.5833 -13.1541 41
    endloop
  endfacet
  facet normal 0.0491602 -0.998791 0
    outer loop
      vertex -18.5 -13.15 41
      vertex -18.5833 -13.1541 31
      vertex -18.5 -13.15 31
    endloop
  endfacet
  facet normal 0.427932 -0.903811 0
    outer loop
      vertex -18.9007 -13.2504 31
      vertex -18.8253 -13.2147 41
      vertex -18.9007 -13.2504 41
    endloop
  endfacet
  facet normal 0.427932 -0.903811 0
    outer loop
      vertex -18.8253 -13.2147 41
      vertex -18.9007 -13.2504 31
      vertex -18.8253 -13.2147 31
    endloop
  endfacet
  facet normal -0.740428 -0.672136 0
    outer loop
      vertex -17.8429 -13.4608 31
      vertex -17.899 -13.399 41
      vertex -17.899 -13.399 31
    endloop
  endfacet
  facet normal -0.740428 -0.672136 0
    outer loop
      vertex -17.899 -13.399 41
      vertex -17.8429 -13.4608 31
      vertex -17.8429 -13.4608 41
    endloop
  endfacet
  facet normal 0.146288 0.989242 -0
    outer loop
      vertex -18.5833 -14.8459 31
      vertex -18.6658 -14.8337 41
      vertex -18.5833 -14.8459 41
    endloop
  endfacet
  facet normal 0.146288 0.989242 0
    outer loop
      vertex -18.6658 -14.8337 41
      vertex -18.5833 -14.8459 31
      vertex -18.6658 -14.8337 31
    endloop
  endfacet
  facet normal -0.427932 -0.903811 0
    outer loop
      vertex -18.1747 -13.2147 31
      vertex -18.0993 -13.2504 41
      vertex -18.1747 -13.2147 41
    endloop
  endfacet
  facet normal -0.427932 -0.903811 -0
    outer loop
      vertex -18.0993 -13.2504 41
      vertex -18.1747 -13.2147 31
      vertex -18.0993 -13.2504 31
    endloop
  endfacet
  facet normal 0.146288 -0.989242 0
    outer loop
      vertex -18.6658 -13.1663 31
      vertex -18.5833 -13.1541 41
      vertex -18.6658 -13.1663 41
    endloop
  endfacet
  facet normal 0.146288 -0.989242 0
    outer loop
      vertex -18.5833 -13.1541 41
      vertex -18.6658 -13.1663 31
      vertex -18.5833 -13.1541 31
    endloop
  endfacet
  facet normal -0.243382 0.969931 0
    outer loop
      vertex -18.2533 -14.8134 31
      vertex -18.3342 -14.8337 41
      vertex -18.2533 -14.8134 41
    endloop
  endfacet
  facet normal -0.243382 0.969931 0
    outer loop
      vertex -18.3342 -14.8337 41
      vertex -18.2533 -14.8134 31
      vertex -18.3342 -14.8337 31
    endloop
  endfacet
  facet normal 0.594998 -0.803727 0
    outer loop
      vertex -19.0392 -13.3429 31
      vertex -18.9722 -13.2933 41
      vertex -19.0392 -13.3429 41
    endloop
  endfacet
  facet normal 0.594998 -0.803727 0
    outer loop
      vertex -18.9722 -13.2933 41
      vertex -19.0392 -13.3429 31
      vertex -18.9722 -13.2933 31
    endloop
  endfacet
  facet normal 0.903811 -0.427932 0
    outer loop
      vertex -19.2853 -13.6747 41
      vertex -19.2496 -13.5993 31
      vertex -19.2496 -13.5993 41
    endloop
  endfacet
  facet normal 0.903811 -0.427932 0
    outer loop
      vertex -19.2496 -13.5993 31
      vertex -19.2853 -13.6747 41
      vertex -19.2853 -13.6747 31
    endloop
  endfacet
  facet normal 0.427932 0.903811 -0
    outer loop
      vertex -18.8253 -14.7853 31
      vertex -18.9007 -14.7496 41
      vertex -18.8253 -14.7853 41
    endloop
  endfacet
  facet normal 0.427932 0.903811 0
    outer loop
      vertex -18.9007 -14.7496 41
      vertex -18.8253 -14.7853 31
      vertex -18.9007 -14.7496 31
    endloop
  endfacet
  facet normal -0.33664 0.941633 0
    outer loop
      vertex -18.1747 -14.7853 31
      vertex -18.2533 -14.8134 41
      vertex -18.1747 -14.7853 41
    endloop
  endfacet
  facet normal -0.33664 0.941633 0
    outer loop
      vertex -18.2533 -14.8134 41
      vertex -18.1747 -14.7853 31
      vertex -18.2533 -14.8134 31
    endloop
  endfacet
  facet normal 0.594998 0.803727 -0
    outer loop
      vertex -18.9722 -14.7067 31
      vertex -19.0392 -14.6571 41
      vertex -18.9722 -14.7067 41
    endloop
  endfacet
  facet normal 0.594998 0.803727 0
    outer loop
      vertex -19.0392 -14.6571 41
      vertex -18.9722 -14.7067 31
      vertex -19.0392 -14.6571 31
    endloop
  endfacet
  facet normal 0.903811 0.427932 0
    outer loop
      vertex -19.2496 -14.4007 41
      vertex -19.2853 -14.3253 31
      vertex -19.2853 -14.3253 41
    endloop
  endfacet
  facet normal 0.903811 0.427932 0
    outer loop
      vertex -19.2853 -14.3253 31
      vertex -19.2496 -14.4007 41
      vertex -19.2496 -14.4007 31
    endloop
  endfacet
  facet normal -0.514496 -0.857493 0
    outer loop
      vertex -18.0993 -13.2504 31
      vertex -18.0278 -13.2933 41
      vertex -18.0993 -13.2504 41
    endloop
  endfacet
  facet normal -0.514496 -0.857493 -0
    outer loop
      vertex -18.0278 -13.2933 41
      vertex -18.0993 -13.2504 31
      vertex -18.0278 -13.2933 31
    endloop
  endfacet
  facet normal 0.998791 0.0491602 0
    outer loop
      vertex -19.3459 -14.0833 41
      vertex -19.35 -14 31
      vertex -19.35 -14 41
    endloop
  endfacet
  facet normal 0.998791 0.0491602 0
    outer loop
      vertex -19.35 -14 31
      vertex -19.3459 -14.0833 41
      vertex -19.3459 -14.0833 31
    endloop
  endfacet
  facet normal -0.594998 -0.803727 0
    outer loop
      vertex -18.0278 -13.2933 31
      vertex -17.9608 -13.3429 41
      vertex -18.0278 -13.2933 41
    endloop
  endfacet
  facet normal -0.594998 -0.803727 -0
    outer loop
      vertex -17.9608 -13.3429 41
      vertex -18.0278 -13.2933 31
      vertex -17.9608 -13.3429 31
    endloop
  endfacet
  facet normal -0.969931 0.243382 0
    outer loop
      vertex -17.6866 -14.2467 31
      vertex -17.6663 -14.1658 41
      vertex -17.6663 -14.1658 31
    endloop
  endfacet
  facet normal -0.969931 0.243382 0
    outer loop
      vertex -17.6663 -14.1658 41
      vertex -17.6866 -14.2467 31
      vertex -17.6866 -14.2467 41
    endloop
  endfacet
  facet normal 0.941633 0.33664 0
    outer loop
      vertex -19.2853 -14.3253 41
      vertex -19.3134 -14.2467 31
      vertex -19.3134 -14.2467 41
    endloop
  endfacet
  facet normal 0.941633 0.33664 0
    outer loop
      vertex -19.3134 -14.2467 31
      vertex -19.2853 -14.3253 41
      vertex -19.2853 -14.3253 31
    endloop
  endfacet
  facet normal -0.243382 -0.969931 0
    outer loop
      vertex -18.3342 -13.1663 31
      vertex -18.2533 -13.1866 41
      vertex -18.3342 -13.1663 41
    endloop
  endfacet
  facet normal -0.243382 -0.969931 -0
    outer loop
      vertex -18.2533 -13.1866 41
      vertex -18.3342 -13.1663 31
      vertex -18.2533 -13.1866 31
    endloop
  endfacet
  facet normal 0.740428 -0.672136 0
    outer loop
      vertex -19.1571 -13.4608 41
      vertex -19.101 -13.399 31
      vertex -19.101 -13.399 41
    endloop
  endfacet
  facet normal 0.740428 -0.672136 0
    outer loop
      vertex -19.101 -13.399 31
      vertex -19.1571 -13.4608 41
      vertex -19.1571 -13.4608 31
    endloop
  endfacet
  facet normal -0.0491602 0.998791 0
    outer loop
      vertex -18.4167 -14.8459 31
      vertex -18.5 -14.85 41
      vertex -18.4167 -14.8459 41
    endloop
  endfacet
  facet normal -0.0491602 0.998791 0
    outer loop
      vertex -18.5 -14.85 41
      vertex -18.4167 -14.8459 31
      vertex -18.5 -14.85 31
    endloop
  endfacet
  facet normal -0.803727 -0.594998 0
    outer loop
      vertex -17.7933 -13.5278 31
      vertex -17.8429 -13.4608 41
      vertex -17.8429 -13.4608 31
    endloop
  endfacet
  facet normal -0.803727 -0.594998 0
    outer loop
      vertex -17.8429 -13.4608 41
      vertex -17.7933 -13.5278 31
      vertex -17.7933 -13.5278 41
    endloop
  endfacet
  facet normal 0.969931 0.243382 0
    outer loop
      vertex -19.3134 -14.2467 41
      vertex -19.3337 -14.1658 31
      vertex -19.3337 -14.1658 41
    endloop
  endfacet
  facet normal 0.969931 0.243382 0
    outer loop
      vertex -19.3337 -14.1658 31
      vertex -19.3134 -14.2467 41
      vertex -19.3134 -14.2467 31
    endloop
  endfacet
  facet normal -0.989242 0.146288 0
    outer loop
      vertex -17.6663 -14.1658 31
      vertex -17.6541 -14.0833 41
      vertex -17.6541 -14.0833 31
    endloop
  endfacet
  facet normal -0.989242 0.146288 0
    outer loop
      vertex -17.6541 -14.0833 41
      vertex -17.6663 -14.1658 31
      vertex -17.6663 -14.1658 41
    endloop
  endfacet
  facet normal -0.514496 0.857493 0
    outer loop
      vertex -18.0278 -14.7067 31
      vertex -18.0993 -14.7496 41
      vertex -18.0278 -14.7067 41
    endloop
  endfacet
  facet normal -0.514496 0.857493 0
    outer loop
      vertex -18.0993 -14.7496 41
      vertex -18.0278 -14.7067 31
      vertex -18.0993 -14.7496 31
    endloop
  endfacet
  facet normal 0.941633 -0.33664 0
    outer loop
      vertex -19.3134 -13.7533 41
      vertex -19.2853 -13.6747 31
      vertex -19.2853 -13.6747 41
    endloop
  endfacet
  facet normal 0.941633 -0.33664 0
    outer loop
      vertex -19.2853 -13.6747 31
      vertex -19.3134 -13.7533 41
      vertex -19.3134 -13.7533 31
    endloop
  endfacet
  facet normal -0.672136 -0.740428 0
    outer loop
      vertex -17.9608 -13.3429 31
      vertex -17.899 -13.399 41
      vertex -17.9608 -13.3429 41
    endloop
  endfacet
  facet normal -0.672136 -0.740428 -0
    outer loop
      vertex -17.899 -13.399 41
      vertex -17.9608 -13.3429 31
      vertex -17.899 -13.399 31
    endloop
  endfacet
  facet normal 0.989242 -0.146288 0
    outer loop
      vertex -19.3459 -13.9167 41
      vertex -19.3337 -13.8342 31
      vertex -19.3337 -13.8342 41
    endloop
  endfacet
  facet normal 0.989242 -0.146288 0
    outer loop
      vertex -19.3337 -13.8342 31
      vertex -19.3459 -13.9167 41
      vertex -19.3459 -13.9167 31
    endloop
  endfacet
  facet normal -0.903811 0.427932 0
    outer loop
      vertex -17.7504 -14.4007 31
      vertex -17.7147 -14.3253 41
      vertex -17.7147 -14.3253 31
    endloop
  endfacet
  facet normal -0.903811 0.427932 0
    outer loop
      vertex -17.7147 -14.3253 41
      vertex -17.7504 -14.4007 31
      vertex -17.7504 -14.4007 41
    endloop
  endfacet
  facet normal -0.33664 -0.941633 0
    outer loop
      vertex -18.2533 -13.1866 31
      vertex -18.1747 -13.2147 41
      vertex -18.2533 -13.1866 41
    endloop
  endfacet
  facet normal -0.33664 -0.941633 -0
    outer loop
      vertex -18.1747 -13.2147 41
      vertex -18.2533 -13.1866 31
      vertex -18.1747 -13.2147 31
    endloop
  endfacet
  facet normal -0.998791 0.0491602 0
    outer loop
      vertex -17.6541 -14.0833 31
      vertex -17.65 -14 41
      vertex -17.65 -14 31
    endloop
  endfacet
  facet normal -0.998791 0.0491602 0
    outer loop
      vertex -17.65 -14 41
      vertex -17.6541 -14.0833 31
      vertex -17.6541 -14.0833 41
    endloop
  endfacet
  facet normal 0 0 1
    outer loop
      vertex -17.6541 -13.9167 31
      vertex -17.6541 -14.0833 31
      vertex -17.65 -14 31
    endloop
  endfacet
  facet normal 0 0 1
    outer loop
      vertex -17.6663 -13.8342 31
      vertex -17.6541 -14.0833 31
      vertex -17.6541 -13.9167 31
    endloop
  endfacet
  facet normal 0 0 1
    outer loop
      vertex -17.6663 -13.8342 31
      vertex -17.6663 -14.1658 31
      vertex -17.6541 -14.0833 31
    endloop
  endfacet
  facet normal 0 0 1
    outer loop
      vertex -17.6866 -13.7533 31
      vertex -17.6663 -14.1658 31
      vertex -17.6663 -13.8342 31
    endloop
  endfacet
  facet normal 0 0 1
    outer loop
      vertex -17.6866 -13.7533 31
      vertex -17.6866 -14.2467 31
      vertex -17.6663 -14.1658 31
    endloop
  endfacet
  facet normal 0 0 1
    outer loop
      vertex -17.7147 -13.6747 31
      vertex -17.6866 -14.2467 31
      vertex -17.6866 -13.7533 31
    endloop
  endfacet
  facet normal 0 0 1
    outer loop
      vertex -17.7147 -13.6747 31
      vertex -17.7147 -14.3253 31
      vertex -17.6866 -14.2467 31
    endloop
  endfacet
  facet normal 0 0 1
    outer loop
      vertex -17.7504 -13.5993 31
      vertex -17.7147 -14.3253 31
      vertex -17.7147 -13.6747 31
    endloop
  endfacet
  facet normal 0 0 1
    outer loop
      vertex -17.7504 -13.5993 31
      vertex -17.7504 -14.4007 31
      vertex -17.7147 -14.3253 31
    endloop
  endfacet
  facet normal 0 0 1
    outer loop
      vertex -17.7933 -13.5278 31
      vertex -17.7504 -14.4007 31
      vertex -17.7504 -13.5993 31
    endloop
  endfacet
  facet normal 0 0 1
    outer loop
      vertex -17.7933 -13.5278 31
      vertex -17.7933 -14.4722 31
      vertex -17.7504 -14.4007 31
    endloop
  endfacet
  facet normal 0 0 1
    outer loop
      vertex -17.8429 -13.4608 31
      vertex -17.7933 -14.4722 31
      vertex -17.7933 -13.5278 31
    endloop
  endfacet
  facet normal 0 0 1
    outer loop
      vertex -17.8429 -13.4608 31
      vertex -17.8429 -14.5392 31
      vertex -17.7933 -14.4722 31
    endloop
  endfacet
  facet normal 0 0 1
    outer loop
      vertex -17.899 -13.399 31
      vertex -17.8429 -14.5392 31
      vertex -17.8429 -13.4608 31
    endloop
  endfacet
  facet normal 0 0 1
    outer loop
      vertex -17.899 -13.399 31
      vertex -17.899 -14.601 31
      vertex -17.8429 -14.5392 31
    endloop
  endfacet
  facet normal 0 0 1
    outer loop
      vertex -17.9608 -13.3429 31
      vertex -17.899 -14.601 31
      vertex -17.899 -13.399 31
    endloop
  endfacet
  facet normal 0 0 1
    outer loop
      vertex -17.9608 -13.3429 31
      vertex -17.9608 -14.6571 31
      vertex -17.899 -14.601 31
    endloop
  endfacet
  facet normal 0 0 1
    outer loop
      vertex -18.0278 -13.2933 31
      vertex -17.9608 -14.6571 31
      vertex -17.9608 -13.3429 31
    endloop
  endfacet
  facet normal 0 0 1
    outer loop
      vertex -18.0278 -13.2933 31
      vertex -18.0278 -14.7067 31
      vertex -17.9608 -14.6571 31
    endloop
  endfacet
  facet normal 0 0 1
    outer loop
      vertex -18.0993 -13.2504 31
      vertex -18.0278 -14.7067 31
      vertex -18.0278 -13.2933 31
    endloop
  endfacet
  facet normal 0 0 1
    outer loop
      vertex -18.0993 -13.2504 31
      vertex -18.0993 -14.7496 31
      vertex -18.0278 -14.7067 31
    endloop
  endfacet
  facet normal 0 0 1
    outer loop
      vertex -18.1747 -13.2147 31
      vertex -18.0993 -14.7496 31
      vertex -18.0993 -13.2504 31
    endloop
  endfacet
  facet normal 0 0 1
    outer loop
      vertex -18.1747 -13.2147 31
      vertex -18.1747 -14.7853 31
      vertex -18.0993 -14.7496 31
    endloop
  endfacet
  facet normal 0 0 1
    outer loop
      vertex -18.2533 -13.1866 31
      vertex -18.1747 -14.7853 31
      vertex -18.1747 -13.2147 31
    endloop
  endfacet
  facet normal 0 0 1
    outer loop
      vertex -18.2533 -13.1866 31
      vertex -18.2533 -14.8134 31
      vertex -18.1747 -14.7853 31
    endloop
  endfacet
  facet normal 0 0 1
    outer loop
      vertex -18.3342 -13.1663 31
      vertex -18.2533 -14.8134 31
      vertex -18.2533 -13.1866 31
    endloop
  endfacet
  facet normal 0 0 1
    outer loop
      vertex -18.3342 -13.1663 31
      vertex -18.3342 -14.8337 31
      vertex -18.2533 -14.8134 31
    endloop
  endfacet
  facet normal 0 0 1
    outer loop
      vertex -18.4167 -13.1541 31
      vertex -18.3342 -14.8337 31
      vertex -18.3342 -13.1663 31
    endloop
  endfacet
  facet normal 0 0 1
    outer loop
      vertex -18.4167 -13.1541 31
      vertex -18.4167 -14.8459 31
      vertex -18.3342 -14.8337 31
    endloop
  endfacet
  facet normal 0 0 1
    outer loop
      vertex -18.5 -13.15 31
      vertex -18.4167 -14.8459 31
      vertex -18.4167 -13.1541 31
    endloop
  endfacet
  facet normal 0 0 1
    outer loop
      vertex -18.5 -13.15 31
      vertex -18.5 -14.85 31
      vertex -18.4167 -14.8459 31
    endloop
  endfacet
  facet normal -0 0 1
    outer loop
      vertex -18.5833 -13.1541 31
      vertex -18.5 -14.85 31
      vertex -18.5 -13.15 31
    endloop
  endfacet
  facet normal 0 0 1
    outer loop
      vertex -18.5833 -13.1541 31
      vertex -18.5833 -14.8459 31
      vertex -18.5 -14.85 31
    endloop
  endfacet
  facet normal -0 0 1
    outer loop
      vertex -18.6658 -13.1663 31
      vertex -18.5833 -14.8459 31
      vertex -18.5833 -13.1541 31
    endloop
  endfacet
  facet normal 0 0 1
    outer loop
      vertex -18.6658 -13.1663 31
      vertex -18.6658 -14.8337 31
      vertex -18.5833 -14.8459 31
    endloop
  endfacet
  facet normal -0 0 1
    outer loop
      vertex -18.7467 -13.1866 31
      vertex -18.6658 -14.8337 31
      vertex -18.6658 -13.1663 31
    endloop
  endfacet
  facet normal 0 0 1
    outer loop
      vertex -18.7467 -13.1866 31
      vertex -18.7467 -14.8134 31
      vertex -18.6658 -14.8337 31
    endloop
  endfacet
  facet normal -0 0 1
    outer loop
      vertex -18.8253 -13.2147 31
      vertex -18.7467 -14.8134 31
      vertex -18.7467 -13.1866 31
    endloop
  endfacet
  facet normal 0 0 1
    outer loop
      vertex -18.8253 -13.2147 31
      vertex -18.8253 -14.7853 31
      vertex -18.7467 -14.8134 31
    endloop
  endfacet
  facet normal -0 0 1
    outer loop
      vertex -18.9007 -13.2504 31
      vertex -18.8253 -14.7853 31
      vertex -18.8253 -13.2147 31
    endloop
  endfacet
  facet normal 0 0 1
    outer loop
      vertex -18.9007 -13.2504 31
      vertex -18.9007 -14.7496 31
      vertex -18.8253 -14.7853 31
    endloop
  endfacet
  facet normal -0 0 1
    outer loop
      vertex -18.9722 -13.2933 31
      vertex -18.9007 -14.7496 31
      vertex -18.9007 -13.2504 31
    endloop
  endfacet
  facet normal 0 0 1
    outer loop
      vertex -18.9722 -13.2933 31
      vertex -18.9722 -14.7067 31
      vertex -18.9007 -14.7496 31
    endloop
  endfacet
  facet normal -0 0 1
    outer loop
      vertex -19.0392 -13.3429 31
      vertex -18.9722 -14.7067 31
      vertex -18.9722 -13.2933 31
    endloop
  endfacet
  facet normal 0 0 1
    outer loop
      vertex -19.0392 -13.3429 31
      vertex -19.0392 -14.6571 31
      vertex -18.9722 -14.7067 31
    endloop
  endfacet
  facet normal -0 0 1
    outer loop
      vertex -19.101 -13.399 31
      vertex -19.0392 -14.6571 31
      vertex -19.0392 -13.3429 31
    endloop
  endfacet
  facet normal 0 0 1
    outer loop
      vertex -19.101 -13.399 31
      vertex -19.101 -14.601 31
      vertex -19.0392 -14.6571 31
    endloop
  endfacet
  facet normal -0 0 1
    outer loop
      vertex -19.1571 -13.4608 31
      vertex -19.101 -14.601 31
      vertex -19.101 -13.399 31
    endloop
  endfacet
  facet normal 0 0 1
    outer loop
      vertex -19.1571 -13.4608 31
      vertex -19.1571 -14.5392 31
      vertex -19.101 -14.601 31
    endloop
  endfacet
  facet normal -0 0 1
    outer loop
      vertex -19.2067 -13.5278 31
      vertex -19.1571 -14.5392 31
      vertex -19.1571 -13.4608 31
    endloop
  endfacet
  facet normal 0 0 1
    outer loop
      vertex -19.2067 -13.5278 31
      vertex -19.2067 -14.4722 31
      vertex -19.1571 -14.5392 31
    endloop
  endfacet
  facet normal -0 0 1
    outer loop
      vertex -19.2496 -13.5993 31
      vertex -19.2067 -14.4722 31
      vertex -19.2067 -13.5278 31
    endloop
  endfacet
  facet normal 0 0 1
    outer loop
      vertex -19.2496 -13.5993 31
      vertex -19.2496 -14.4007 31
      vertex -19.2067 -14.4722 31
    endloop
  endfacet
  facet normal -0 0 1
    outer loop
      vertex -19.2853 -13.6747 31
      vertex -19.2496 -14.4007 31
      vertex -19.2496 -13.5993 31
    endloop
  endfacet
  facet normal 0 0 1
    outer loop
      vertex -19.2853 -13.6747 31
      vertex -19.2853 -14.3253 31
      vertex -19.2496 -14.4007 31
    endloop
  endfacet
  facet normal -0 0 1
    outer loop
      vertex -19.3134 -13.7533 31
      vertex -19.2853 -14.3253 31
      vertex -19.2853 -13.6747 31
    endloop
  endfacet
  facet normal 0 0 1
    outer loop
      vertex -19.3134 -13.7533 31
      vertex -19.3134 -14.2467 31
      vertex -19.2853 -14.3253 31
    endloop
  endfacet
  facet normal -0 0 1
    outer loop
      vertex -19.3337 -13.8342 31
      vertex -19.3134 -14.2467 31
      vertex -19.3134 -13.7533 31
    endloop
  endfacet
  facet normal 0 0 1
    outer loop
      vertex -19.3337 -13.8342 31
      vertex -19.3337 -14.1658 31
      vertex -19.3134 -14.2467 31
    endloop
  endfacet
  facet normal -0 0 1
    outer loop
      vertex -19.3459 -13.9167 31
      vertex -19.3337 -14.1658 31
      vertex -19.3337 -13.8342 31
    endloop
  endfacet
  facet normal 0 0 1
    outer loop
      vertex -19.3459 -13.9167 31
      vertex -19.3459 -14.0833 31
      vertex -19.3337 -14.1658 31
    endloop
  endfacet
  facet normal 0 -0 1
    outer loop
      vertex -19.3459 -14.0833 31
      vertex -19.3459 -13.9167 31
      vertex -19.35 -14 31
    endloop
  endfacet
  facet normal -0.146288 0.989242 0
    outer loop
      vertex -18.3342 -14.8337 31
      vertex -18.4167 -14.8459 41
      vertex -18.3342 -14.8337 41
    endloop
  endfacet
  facet normal -0.146288 0.989242 0
    outer loop
      vertex -18.4167 -14.8459 41
      vertex -18.3342 -14.8337 31
      vertex -18.4167 -14.8459 31
    endloop
  endfacet
  facet normal -0.941633 -0.33664 0
    outer loop
      vertex -17.6866 -13.7533 31
      vertex -17.7147 -13.6747 41
      vertex -17.7147 -13.6747 31
    endloop
  endfacet
  facet normal -0.941633 -0.33664 0
    outer loop
      vertex -17.7147 -13.6747 41
      vertex -17.6866 -13.7533 31
      vertex -17.6866 -13.7533 41
    endloop
  endfacet
  facet normal -0.803727 0.594998 0
    outer loop
      vertex -17.8429 -14.5392 31
      vertex -17.7933 -14.4722 41
      vertex -17.7933 -14.4722 31
    endloop
  endfacet
  facet normal -0.803727 0.594998 0
    outer loop
      vertex -17.7933 -14.4722 41
      vertex -17.8429 -14.5392 31
      vertex -17.8429 -14.5392 41
    endloop
  endfacet
  facet normal -0.857493 0.514496 0
    outer loop
      vertex -17.7933 -14.4722 31
      vertex -17.7504 -14.4007 41
      vertex -17.7504 -14.4007 31
    endloop
  endfacet
  facet normal -0.857493 0.514496 0
    outer loop
      vertex -17.7504 -14.4007 41
      vertex -17.7933 -14.4722 31
      vertex -17.7933 -14.4722 41
    endloop
  endfacet
  facet normal 0.243382 -0.969931 0
    outer loop
      vertex -18.7467 -13.1866 31
      vertex -18.6658 -13.1663 41
      vertex -18.7467 -13.1866 41
    endloop
  endfacet
  facet normal 0.243382 -0.969931 0
    outer loop
      vertex -18.6658 -13.1663 41
      vertex -18.7467 -13.1866 31
      vertex -18.6658 -13.1663 31
    endloop
  endfacet
  facet normal -0.941633 0.33664 0
    outer loop
      vertex -17.7147 -14.3253 31
      vertex -17.6866 -14.2467 41
      vertex -17.6866 -14.2467 31
    endloop
  endfacet
  facet normal -0.941633 0.33664 0
    outer loop
      vertex -17.6866 -14.2467 41
      vertex -17.7147 -14.3253 31
      vertex -17.7147 -14.3253 41
    endloop
  endfacet
  facet normal -0.0491602 -0.998791 0
    outer loop
      vertex -18.5 -13.15 31
      vertex -18.4167 -13.1541 41
      vertex -18.5 -13.15 41
    endloop
  endfacet
  facet normal -0.0491602 -0.998791 -0
    outer loop
      vertex -18.4167 -13.1541 41
      vertex -18.5 -13.15 31
      vertex -18.4167 -13.1541 31
    endloop
  endfacet
  facet normal 0.514496 -0.857493 0
    outer loop
      vertex -18.9722 -13.2933 31
      vertex -18.9007 -13.2504 41
      vertex -18.9722 -13.2933 41
    endloop
  endfacet
  facet normal 0.514496 -0.857493 0
    outer loop
      vertex -18.9007 -13.2504 41
      vertex -18.9722 -13.2933 31
      vertex -18.9007 -13.2504 31
    endloop
  endfacet
  facet normal -0.903811 -0.427932 0
    outer loop
      vertex -17.7147 -13.6747 31
      vertex -17.7504 -13.5993 41
      vertex -17.7504 -13.5993 31
    endloop
  endfacet
  facet normal -0.903811 -0.427932 0
    outer loop
      vertex -17.7504 -13.5993 41
      vertex -17.7147 -13.6747 31
      vertex -17.7147 -13.6747 41
    endloop
  endfacet
  facet normal -0.146288 -0.989242 0
    outer loop
      vertex -18.4167 -13.1541 31
      vertex -18.3342 -13.1663 41
      vertex -18.4167 -13.1541 41
    endloop
  endfacet
  facet normal -0.146288 -0.989242 -0
    outer loop
      vertex -18.3342 -13.1663 41
      vertex -18.4167 -13.1541 31
      vertex -18.3342 -13.1663 31
    endloop
  endfacet
  facet normal 0.243382 0.969931 -0
    outer loop
      vertex -18.6658 -14.8337 31
      vertex -18.7467 -14.8134 41
      vertex -18.6658 -14.8337 41
    endloop
  endfacet
  facet normal 0.243382 0.969931 0
    outer loop
      vertex -18.7467 -14.8134 41
      vertex -18.6658 -14.8337 31
      vertex -18.7467 -14.8134 31
    endloop
  endfacet
  facet normal 0.857493 0.514496 0
    outer loop
      vertex -19.2067 -14.4722 41
      vertex -19.2496 -14.4007 31
      vertex -19.2496 -14.4007 41
    endloop
  endfacet
  facet normal 0.857493 0.514496 0
    outer loop
      vertex -19.2496 -14.4007 31
      vertex -19.2067 -14.4722 41
      vertex -19.2067 -14.4722 31
    endloop
  endfacet
  facet normal -0.857493 -0.514496 0
    outer loop
      vertex -17.7504 -13.5993 31
      vertex -17.7933 -13.5278 41
      vertex -17.7933 -13.5278 31
    endloop
  endfacet
  facet normal -0.857493 -0.514496 0
    outer loop
      vertex -17.7933 -13.5278 41
      vertex -17.7504 -13.5993 31
      vertex -17.7504 -13.5993 41
    endloop
  endfacet
  facet normal 0.33664 -0.941633 0
    outer loop
      vertex -18.8253 -13.2147 31
      vertex -18.7467 -13.1866 41
      vertex -18.8253 -13.2147 41
    endloop
  endfacet
  facet normal 0.33664 -0.941633 0
    outer loop
      vertex -18.7467 -13.1866 41
      vertex -18.8253 -13.2147 31
      vertex -18.7467 -13.1866 31
    endloop
  endfacet
  facet normal 0.740428 0.672136 0
    outer loop
      vertex -19.101 -14.601 41
      vertex -19.1571 -14.5392 31
      vertex -19.1571 -14.5392 41
    endloop
  endfacet
  facet normal 0.740428 0.672136 0
    outer loop
      vertex -19.1571 -14.5392 31
      vertex -19.101 -14.601 41
      vertex -19.101 -14.601 31
    endloop
  endfacet
  facet normal 0.672136 -0.740428 0
    outer loop
      vertex -19.101 -13.399 31
      vertex -19.0392 -13.3429 41
      vertex -19.101 -13.399 41
    endloop
  endfacet
  facet normal 0.672136 -0.740428 0
    outer loop
      vertex -19.0392 -13.3429 41
      vertex -19.101 -13.399 31
      vertex -19.0392 -13.3429 31
    endloop
  endfacet
  facet normal 0.514496 0.857493 -0
    outer loop
      vertex -18.9007 -14.7496 31
      vertex -18.9722 -14.7067 41
      vertex -18.9007 -14.7496 41
    endloop
  endfacet
  facet normal 0.514496 0.857493 0
    outer loop
      vertex -18.9722 -14.7067 41
      vertex -18.9007 -14.7496 31
      vertex -18.9722 -14.7067 31
    endloop
  endfacet
  facet normal 0.969931 -0.243382 0
    outer loop
      vertex -19.3337 -13.8342 41
      vertex -19.3134 -13.7533 31
      vertex -19.3134 -13.7533 41
    endloop
  endfacet
  facet normal 0.969931 -0.243382 0
    outer loop
      vertex -19.3134 -13.7533 31
      vertex -19.3337 -13.8342 41
      vertex -19.3337 -13.8342 31
    endloop
  endfacet
  facet normal 0.803727 0.594998 0
    outer loop
      vertex -19.1571 -14.5392 41
      vertex -19.2067 -14.4722 31
      vertex -19.2067 -14.4722 41
    endloop
  endfacet
  facet normal 0.803727 0.594998 0
    outer loop
      vertex -19.2067 -14.4722 31
      vertex -19.1571 -14.5392 41
      vertex -19.1571 -14.5392 31
    endloop
  endfacet
  facet normal 0.989242 0.146288 0
    outer loop
      vertex -19.3337 -14.1658 41
      vertex -19.3459 -14.0833 31
      vertex -19.3459 -14.0833 41
    endloop
  endfacet
  facet normal 0.989242 0.146288 0
    outer loop
      vertex -19.3459 -14.0833 31
      vertex -19.3337 -14.1658 41
      vertex -19.3337 -14.1658 31
    endloop
  endfacet
  facet normal -0.594998 0.803727 0
    outer loop
      vertex -17.9608 -14.6571 31
      vertex -18.0278 -14.7067 41
      vertex -17.9608 -14.6571 41
    endloop
  endfacet
  facet normal -0.594998 0.803727 0
    outer loop
      vertex -18.0278 -14.7067 41
      vertex -17.9608 -14.6571 31
      vertex -18.0278 -14.7067 31
    endloop
  endfacet
  facet normal 0.672136 0.740428 -0
    outer loop
      vertex -19.0392 -14.6571 31
      vertex -19.101 -14.601 41
      vertex -19.0392 -14.6571 41
    endloop
  endfacet
  facet normal 0.672136 0.740428 0
    outer loop
      vertex -19.101 -14.601 41
      vertex -19.0392 -14.6571 31
      vertex -19.101 -14.601 31
    endloop
  endfacet
  facet normal 0.803727 -0.594998 0
    outer loop
      vertex -19.2067 -13.5278 41
      vertex -19.1571 -13.4608 31
      vertex -19.1571 -13.4608 41
    endloop
  endfacet
  facet normal 0.803727 -0.594998 0
    outer loop
      vertex -19.1571 -13.4608 31
      vertex -19.2067 -13.5278 41
      vertex -19.2067 -13.5278 31
    endloop
  endfacet
  facet normal 0.857493 -0.514496 0
    outer loop
      vertex -19.2496 -13.5993 41
      vertex -19.2067 -13.5278 31
      vertex -19.2067 -13.5278 41
    endloop
  endfacet
  facet normal 0.857493 -0.514496 0
    outer loop
      vertex -19.2067 -13.5278 31
      vertex -19.2496 -13.5993 41
      vertex -19.2496 -13.5993 31
    endloop
  endfacet
  facet normal 0.0491602 0.998791 -0
    outer loop
      vertex -18.5 -14.85 31
      vertex -18.5833 -14.8459 41
      vertex -18.5 -14.85 41
    endloop
  endfacet
  facet normal 0.0491602 0.998791 0
    outer loop
      vertex -18.5833 -14.8459 41
      vertex -18.5 -14.85 31
      vertex -18.5833 -14.8459 31
    endloop
  endfacet
  facet normal 0.998791 -0.0491602 0
    outer loop
      vertex -19.35 -14 41
      vertex -19.3459 -13.9167 31
      vertex -19.3459 -13.9167 41
    endloop
  endfacet
  facet normal 0.998791 -0.0491602 0
    outer loop
      vertex -19.3459 -13.9167 31
      vertex -19.35 -14 41
      vertex -19.35 -14 31
    endloop
  endfacet
  facet normal 0.33664 0.941633 -0
    outer loop
      vertex -18.7467 -14.8134 31
      vertex -18.8253 -14.7853 41
      vertex -18.7467 -14.8134 41
    endloop
  endfacet
  facet normal 0.33664 0.941633 0
    outer loop
      vertex -18.8253 -14.7853 41
      vertex -18.7467 -14.8134 31
      vertex -18.8253 -14.7853 31
    endloop
  endfacet
  facet normal -0.740428 0.672136 0
    outer loop
      vertex -17.899 -14.601 31
      vertex -17.8429 -14.5392 41
      vertex -17.8429 -14.5392 31
    endloop
  endfacet
  facet normal -0.740428 0.672136 0
    outer loop
      vertex -17.8429 -14.5392 41
      vertex -17.899 -14.601 31
      vertex -17.899 -14.601 41
    endloop
  endfacet
  facet normal 0.903811 -0.427932 0
    outer loop
      vertex -19.2853 14.3253 41
      vertex -19.2496 14.4007 31
      vertex -19.2496 14.4007 41
    endloop
  endfacet
  facet normal 0.903811 -0.427932 0
    outer loop
      vertex -19.2496 14.4007 31
      vertex -19.2853 14.3253 41
      vertex -19.2853 14.3253 31
    endloop
  endfacet
  facet normal -0.989242 -0.146288 0
    outer loop
      vertex -17.6541 14.0833 31
      vertex -17.6663 14.1658 41
      vertex -17.6663 14.1658 31
    endloop
  endfacet
  facet normal -0.989242 -0.146288 0
    outer loop
      vertex -17.6663 14.1658 41
      vertex -17.6541 14.0833 31
      vertex -17.6541 14.0833 41
    endloop
  endfacet
  facet normal -0.998791 -0.0491602 0
    outer loop
      vertex -17.65 14 31
      vertex -17.6541 14.0833 41
      vertex -17.6541 14.0833 31
    endloop
  endfacet
  facet normal -0.998791 -0.0491602 0
    outer loop
      vertex -17.6541 14.0833 41
      vertex -17.65 14 31
      vertex -17.65 14 41
    endloop
  endfacet
  facet normal -0.969931 -0.243382 0
    outer loop
      vertex -17.6663 14.1658 31
      vertex -17.6866 14.2467 41
      vertex -17.6866 14.2467 31
    endloop
  endfacet
  facet normal -0.969931 -0.243382 0
    outer loop
      vertex -17.6866 14.2467 41
      vertex -17.6663 14.1658 31
      vertex -17.6663 14.1658 41
    endloop
  endfacet
  facet normal -0.146288 -0.989242 0
    outer loop
      vertex -18.4167 14.8459 31
      vertex -18.3342 14.8337 41
      vertex -18.4167 14.8459 41
    endloop
  endfacet
  facet normal -0.146288 -0.989242 -0
    outer loop
      vertex -18.3342 14.8337 41
      vertex -18.4167 14.8459 31
      vertex -18.3342 14.8337 31
    endloop
  endfacet
  facet normal 0.146288 -0.989242 0
    outer loop
      vertex -18.6658 14.8337 31
      vertex -18.5833 14.8459 41
      vertex -18.6658 14.8337 41
    endloop
  endfacet
  facet normal 0.146288 -0.989242 0
    outer loop
      vertex -18.5833 14.8459 41
      vertex -18.6658 14.8337 31
      vertex -18.5833 14.8459 31
    endloop
  endfacet
  facet normal -0.803727 -0.594998 0
    outer loop
      vertex -17.7933 14.4722 31
      vertex -17.8429 14.5392 41
      vertex -17.8429 14.5392 31
    endloop
  endfacet
  facet normal -0.803727 -0.594998 0
    outer loop
      vertex -17.8429 14.5392 41
      vertex -17.7933 14.4722 31
      vertex -17.7933 14.4722 41
    endloop
  endfacet
  facet normal -0.514496 0.857493 0
    outer loop
      vertex -18.0278 13.2933 31
      vertex -18.0993 13.2504 41
      vertex -18.0278 13.2933 41
    endloop
  endfacet
  facet normal -0.514496 0.857493 0
    outer loop
      vertex -18.0993 13.2504 41
      vertex -18.0278 13.2933 31
      vertex -18.0993 13.2504 31
    endloop
  endfacet
  facet normal -0.594998 -0.803727 0
    outer loop
      vertex -18.0278 14.7067 31
      vertex -17.9608 14.6571 41
      vertex -18.0278 14.7067 41
    endloop
  endfacet
  facet normal -0.594998 -0.803727 -0
    outer loop
      vertex -17.9608 14.6571 41
      vertex -18.0278 14.7067 31
      vertex -17.9608 14.6571 31
    endloop
  endfacet
  facet normal -0.998791 0.0491602 0
    outer loop
      vertex -17.6541 13.9167 31
      vertex -17.65 14 41
      vertex -17.65 14 31
    endloop
  endfacet
  facet normal -0.998791 0.0491602 0
    outer loop
      vertex -17.65 14 41
      vertex -17.6541 13.9167 31
      vertex -17.6541 13.9167 41
    endloop
  endfacet
  facet normal 0.243382 -0.969931 0
    outer loop
      vertex -18.7467 14.8134 31
      vertex -18.6658 14.8337 41
      vertex -18.7467 14.8134 41
    endloop
  endfacet
  facet normal 0.243382 -0.969931 0
    outer loop
      vertex -18.6658 14.8337 41
      vertex -18.7467 14.8134 31
      vertex -18.6658 14.8337 31
    endloop
  endfacet
  facet normal 0.427932 0.903811 -0
    outer loop
      vertex -18.8253 13.2147 31
      vertex -18.9007 13.2504 41
      vertex -18.8253 13.2147 41
    endloop
  endfacet
  facet normal 0.427932 0.903811 0
    outer loop
      vertex -18.9007 13.2504 41
      vertex -18.8253 13.2147 31
      vertex -18.9007 13.2504 31
    endloop
  endfacet
  facet normal -0.427932 -0.903811 0
    outer loop
      vertex -18.1747 14.7853 31
      vertex -18.0993 14.7496 41
      vertex -18.1747 14.7853 41
    endloop
  endfacet
  facet normal -0.427932 -0.903811 -0
    outer loop
      vertex -18.0993 14.7496 41
      vertex -18.1747 14.7853 31
      vertex -18.0993 14.7496 31
    endloop
  endfacet
  facet normal 0.989242 0.146288 0
    outer loop
      vertex -19.3337 13.8342 41
      vertex -19.3459 13.9167 31
      vertex -19.3459 13.9167 41
    endloop
  endfacet
  facet normal 0.989242 0.146288 0
    outer loop
      vertex -19.3459 13.9167 31
      vertex -19.3337 13.8342 41
      vertex -19.3337 13.8342 31
    endloop
  endfacet
  facet normal -0.672136 0.740428 0
    outer loop
      vertex -17.899 13.399 31
      vertex -17.9608 13.3429 41
      vertex -17.899 13.399 41
    endloop
  endfacet
  facet normal -0.672136 0.740428 0
    outer loop
      vertex -17.9608 13.3429 41
      vertex -17.899 13.399 31
      vertex -17.9608 13.3429 31
    endloop
  endfacet
  facet normal 0.427932 -0.903811 0
    outer loop
      vertex -18.9007 14.7496 31
      vertex -18.8253 14.7853 41
      vertex -18.9007 14.7496 41
    endloop
  endfacet
  facet normal 0.427932 -0.903811 0
    outer loop
      vertex -18.8253 14.7853 41
      vertex -18.9007 14.7496 31
      vertex -18.8253 14.7853 31
    endloop
  endfacet
  facet normal -0.969931 0.243382 0
    outer loop
      vertex -17.6866 13.7533 31
      vertex -17.6663 13.8342 41
      vertex -17.6663 13.8342 31
    endloop
  endfacet
  facet normal -0.969931 0.243382 0
    outer loop
      vertex -17.6663 13.8342 41
      vertex -17.6866 13.7533 31
      vertex -17.6866 13.7533 41
    endloop
  endfacet
  facet normal -0.243382 0.969931 0
    outer loop
      vertex -18.2533 13.1866 31
      vertex -18.3342 13.1663 41
      vertex -18.2533 13.1866 41
    endloop
  endfacet
  facet normal -0.243382 0.969931 0
    outer loop
      vertex -18.3342 13.1663 41
      vertex -18.2533 13.1866 31
      vertex -18.3342 13.1663 31
    endloop
  endfacet
  facet normal 0.989242 -0.146288 0
    outer loop
      vertex -19.3459 14.0833 41
      vertex -19.3337 14.1658 31
      vertex -19.3337 14.1658 41
    endloop
  endfacet
  facet normal 0.989242 -0.146288 0
    outer loop
      vertex -19.3337 14.1658 31
      vertex -19.3459 14.0833 41
      vertex -19.3459 14.0833 31
    endloop
  endfacet
  facet normal 0.514496 0.857493 -0
    outer loop
      vertex -18.9007 13.2504 31
      vertex -18.9722 13.2933 41
      vertex -18.9007 13.2504 41
    endloop
  endfacet
  facet normal 0.514496 0.857493 0
    outer loop
      vertex -18.9722 13.2933 41
      vertex -18.9007 13.2504 31
      vertex -18.9722 13.2933 31
    endloop
  endfacet
  facet normal 0.969931 -0.243382 0
    outer loop
      vertex -19.3337 14.1658 41
      vertex -19.3134 14.2467 31
      vertex -19.3134 14.2467 41
    endloop
  endfacet
  facet normal 0.969931 -0.243382 0
    outer loop
      vertex -19.3134 14.2467 31
      vertex -19.3337 14.1658 41
      vertex -19.3337 14.1658 31
    endloop
  endfacet
  facet normal -0.803727 0.594998 0
    outer loop
      vertex -17.8429 13.4608 31
      vertex -17.7933 13.5278 41
      vertex -17.7933 13.5278 31
    endloop
  endfacet
  facet normal -0.803727 0.594998 0
    outer loop
      vertex -17.7933 13.5278 41
      vertex -17.8429 13.4608 31
      vertex -17.8429 13.4608 41
    endloop
  endfacet
  facet normal 0.594998 0.803727 -0
    outer loop
      vertex -18.9722 13.2933 31
      vertex -19.0392 13.3429 41
      vertex -18.9722 13.2933 41
    endloop
  endfacet
  facet normal 0.594998 0.803727 0
    outer loop
      vertex -19.0392 13.3429 41
      vertex -18.9722 13.2933 31
      vertex -19.0392 13.3429 31
    endloop
  endfacet
  facet normal 0.33664 0.941633 -0
    outer loop
      vertex -18.7467 13.1866 31
      vertex -18.8253 13.2147 41
      vertex -18.7467 13.1866 41
    endloop
  endfacet
  facet normal 0.33664 0.941633 0
    outer loop
      vertex -18.8253 13.2147 41
      vertex -18.7467 13.1866 31
      vertex -18.8253 13.2147 31
    endloop
  endfacet
  facet normal -0.33664 -0.941633 0
    outer loop
      vertex -18.2533 14.8134 31
      vertex -18.1747 14.7853 41
      vertex -18.2533 14.8134 41
    endloop
  endfacet
  facet normal -0.33664 -0.941633 -0
    outer loop
      vertex -18.1747 14.7853 41
      vertex -18.2533 14.8134 31
      vertex -18.1747 14.7853 31
    endloop
  endfacet
  facet normal 0.740428 0.672136 0
    outer loop
      vertex -19.101 13.399 41
      vertex -19.1571 13.4608 31
      vertex -19.1571 13.4608 41
    endloop
  endfacet
  facet normal 0.740428 0.672136 0
    outer loop
      vertex -19.1571 13.4608 31
      vertex -19.101 13.399 41
      vertex -19.101 13.399 31
    endloop
  endfacet
  facet normal -0.514496 -0.857493 0
    outer loop
      vertex -18.0993 14.7496 31
      vertex -18.0278 14.7067 41
      vertex -18.0993 14.7496 41
    endloop
  endfacet
  facet normal -0.514496 -0.857493 -0
    outer loop
      vertex -18.0278 14.7067 41
      vertex -18.0993 14.7496 31
      vertex -18.0278 14.7067 31
    endloop
  endfacet
  facet normal 0.33664 -0.941633 0
    outer loop
      vertex -18.8253 14.7853 31
      vertex -18.7467 14.8134 41
      vertex -18.8253 14.7853 41
    endloop
  endfacet
  facet normal 0.33664 -0.941633 0
    outer loop
      vertex -18.7467 14.8134 41
      vertex -18.8253 14.7853 31
      vertex -18.7467 14.8134 31
    endloop
  endfacet
  facet normal 0.903811 0.427932 0
    outer loop
      vertex -19.2496 13.5993 41
      vertex -19.2853 13.6747 31
      vertex -19.2853 13.6747 41
    endloop
  endfacet
  facet normal 0.903811 0.427932 0
    outer loop
      vertex -19.2853 13.6747 31
      vertex -19.2496 13.5993 41
      vertex -19.2496 13.5993 31
    endloop
  endfacet
  facet normal 0.941633 0.33664 0
    outer loop
      vertex -19.2853 13.6747 41
      vertex -19.3134 13.7533 31
      vertex -19.3134 13.7533 41
    endloop
  endfacet
  facet normal 0.941633 0.33664 0
    outer loop
      vertex -19.3134 13.7533 31
      vertex -19.2853 13.6747 41
      vertex -19.2853 13.6747 31
    endloop
  endfacet
  facet normal -0.903811 -0.427932 0
    outer loop
      vertex -17.7147 14.3253 31
      vertex -17.7504 14.4007 41
      vertex -17.7504 14.4007 31
    endloop
  endfacet
  facet normal -0.903811 -0.427932 0
    outer loop
      vertex -17.7504 14.4007 41
      vertex -17.7147 14.3253 31
      vertex -17.7147 14.3253 41
    endloop
  endfacet
  facet normal 0.969931 0.243382 0
    outer loop
      vertex -19.3134 13.7533 41
      vertex -19.3337 13.8342 31
      vertex -19.3337 13.8342 41
    endloop
  endfacet
  facet normal 0.969931 0.243382 0
    outer loop
      vertex -19.3337 13.8342 31
      vertex -19.3134 13.7533 41
      vertex -19.3134 13.7533 31
    endloop
  endfacet
  facet normal 0.594998 -0.803727 0
    outer loop
      vertex -19.0392 14.6571 31
      vertex -18.9722 14.7067 41
      vertex -19.0392 14.6571 41
    endloop
  endfacet
  facet normal 0.594998 -0.803727 0
    outer loop
      vertex -18.9722 14.7067 41
      vertex -19.0392 14.6571 31
      vertex -18.9722 14.7067 31
    endloop
  endfacet
  facet normal 0.672136 0.740428 -0
    outer loop
      vertex -19.0392 13.3429 31
      vertex -19.101 13.399 41
      vertex -19.0392 13.3429 41
    endloop
  endfacet
  facet normal 0.672136 0.740428 0
    outer loop
      vertex -19.101 13.399 41
      vertex -19.0392 13.3429 31
      vertex -19.101 13.399 31
    endloop
  endfacet
  facet normal 0.146288 0.989242 -0
    outer loop
      vertex -18.5833 13.1541 31
      vertex -18.6658 13.1663 41
      vertex -18.5833 13.1541 41
    endloop
  endfacet
  facet normal 0.146288 0.989242 0
    outer loop
      vertex -18.6658 13.1663 41
      vertex -18.5833 13.1541 31
      vertex -18.6658 13.1663 31
    endloop
  endfacet
  facet normal 0 0 1
    outer loop
      vertex -17.6541 14.0833 31
      vertex -17.6541 13.9167 31
      vertex -17.65 14 31
    endloop
  endfacet
  facet normal 0 0 1
    outer loop
      vertex -17.6663 14.1658 31
      vertex -17.6541 13.9167 31
      vertex -17.6541 14.0833 31
    endloop
  endfacet
  facet normal 0 0 1
    outer loop
      vertex -17.6663 14.1658 31
      vertex -17.6663 13.8342 31
      vertex -17.6541 13.9167 31
    endloop
  endfacet
  facet normal 0 0 1
    outer loop
      vertex -17.6866 14.2467 31
      vertex -17.6663 13.8342 31
      vertex -17.6663 14.1658 31
    endloop
  endfacet
  facet normal 0 0 1
    outer loop
      vertex -17.6866 14.2467 31
      vertex -17.6866 13.7533 31
      vertex -17.6663 13.8342 31
    endloop
  endfacet
  facet normal 0 0 1
    outer loop
      vertex -17.7147 14.3253 31
      vertex -17.6866 13.7533 31
      vertex -17.6866 14.2467 31
    endloop
  endfacet
  facet normal 0 0 1
    outer loop
      vertex -17.7147 14.3253 31
      vertex -17.7147 13.6747 31
      vertex -17.6866 13.7533 31
    endloop
  endfacet
  facet normal 0 0 1
    outer loop
      vertex -17.7504 14.4007 31
      vertex -17.7147 13.6747 31
      vertex -17.7147 14.3253 31
    endloop
  endfacet
  facet normal 0 0 1
    outer loop
      vertex -17.7504 14.4007 31
      vertex -17.7504 13.5993 31
      vertex -17.7147 13.6747 31
    endloop
  endfacet
  facet normal 0 0 1
    outer loop
      vertex -17.7933 14.4722 31
      vertex -17.7504 13.5993 31
      vertex -17.7504 14.4007 31
    endloop
  endfacet
  facet normal 0 0 1
    outer loop
      vertex -17.7933 14.4722 31
      vertex -17.7933 13.5278 31
      vertex -17.7504 13.5993 31
    endloop
  endfacet
  facet normal 0 0 1
    outer loop
      vertex -17.8429 14.5392 31
      vertex -17.7933 13.5278 31
      vertex -17.7933 14.4722 31
    endloop
  endfacet
  facet normal 0 0 1
    outer loop
      vertex -17.8429 14.5392 31
      vertex -17.8429 13.4608 31
      vertex -17.7933 13.5278 31
    endloop
  endfacet
  facet normal 0 0 1
    outer loop
      vertex -17.899 14.601 31
      vertex -17.8429 13.4608 31
      vertex -17.8429 14.5392 31
    endloop
  endfacet
  facet normal 0 0 1
    outer loop
      vertex -17.899 14.601 31
      vertex -17.899 13.399 31
      vertex -17.8429 13.4608 31
    endloop
  endfacet
  facet normal 0 0 1
    outer loop
      vertex -17.9608 14.6571 31
      vertex -17.899 13.399 31
      vertex -17.899 14.601 31
    endloop
  endfacet
  facet normal 0 0 1
    outer loop
      vertex -17.9608 14.6571 31
      vertex -17.9608 13.3429 31
      vertex -17.899 13.399 31
    endloop
  endfacet
  facet normal 0 0 1
    outer loop
      vertex -18.0278 14.7067 31
      vertex -17.9608 13.3429 31
      vertex -17.9608 14.6571 31
    endloop
  endfacet
  facet normal 0 0 1
    outer loop
      vertex -18.0278 14.7067 31
      vertex -18.0278 13.2933 31
      vertex -17.9608 13.3429 31
    endloop
  endfacet
  facet normal 0 0 1
    outer loop
      vertex -18.0993 14.7496 31
      vertex -18.0278 13.2933 31
      vertex -18.0278 14.7067 31
    endloop
  endfacet
  facet normal 0 0 1
    outer loop
      vertex -18.0993 14.7496 31
      vertex -18.0993 13.2504 31
      vertex -18.0278 13.2933 31
    endloop
  endfacet
  facet normal 0 0 1
    outer loop
      vertex -18.1747 14.7853 31
      vertex -18.0993 13.2504 31
      vertex -18.0993 14.7496 31
    endloop
  endfacet
  facet normal 0 0 1
    outer loop
      vertex -18.1747 14.7853 31
      vertex -18.1747 13.2147 31
      vertex -18.0993 13.2504 31
    endloop
  endfacet
  facet normal 0 0 1
    outer loop
      vertex -18.2533 14.8134 31
      vertex -18.1747 13.2147 31
      vertex -18.1747 14.7853 31
    endloop
  endfacet
  facet normal 0 0 1
    outer loop
      vertex -18.2533 14.8134 31
      vertex -18.2533 13.1866 31
      vertex -18.1747 13.2147 31
    endloop
  endfacet
  facet normal 0 0 1
    outer loop
      vertex -18.3342 14.8337 31
      vertex -18.2533 13.1866 31
      vertex -18.2533 14.8134 31
    endloop
  endfacet
  facet normal 0 0 1
    outer loop
      vertex -18.3342 14.8337 31
      vertex -18.3342 13.1663 31
      vertex -18.2533 13.1866 31
    endloop
  endfacet
  facet normal 0 0 1
    outer loop
      vertex -18.4167 14.8459 31
      vertex -18.3342 13.1663 31
      vertex -18.3342 14.8337 31
    endloop
  endfacet
  facet normal 0 0 1
    outer loop
      vertex -18.4167 14.8459 31
      vertex -18.4167 13.1541 31
      vertex -18.3342 13.1663 31
    endloop
  endfacet
  facet normal 0 0 1
    outer loop
      vertex -18.5 14.85 31
      vertex -18.4167 13.1541 31
      vertex -18.4167 14.8459 31
    endloop
  endfacet
  facet normal 0 0 1
    outer loop
      vertex -18.5 14.85 31
      vertex -18.5 13.15 31
      vertex -18.4167 13.1541 31
    endloop
  endfacet
  facet normal -0 0 1
    outer loop
      vertex -18.5833 14.8459 31
      vertex -18.5 13.15 31
      vertex -18.5 14.85 31
    endloop
  endfacet
  facet normal 0 0 1
    outer loop
      vertex -18.5833 14.8459 31
      vertex -18.5833 13.1541 31
      vertex -18.5 13.15 31
    endloop
  endfacet
  facet normal -0 0 1
    outer loop
      vertex -18.6658 14.8337 31
      vertex -18.5833 13.1541 31
      vertex -18.5833 14.8459 31
    endloop
  endfacet
  facet normal 0 0 1
    outer loop
      vertex -18.6658 14.8337 31
      vertex -18.6658 13.1663 31
      vertex -18.5833 13.1541 31
    endloop
  endfacet
  facet normal -0 0 1
    outer loop
      vertex -18.7467 14.8134 31
      vertex -18.6658 13.1663 31
      vertex -18.6658 14.8337 31
    endloop
  endfacet
  facet normal 0 0 1
    outer loop
      vertex -18.7467 14.8134 31
      vertex -18.7467 13.1866 31
      vertex -18.6658 13.1663 31
    endloop
  endfacet
  facet normal -0 0 1
    outer loop
      vertex -18.8253 14.7853 31
      vertex -18.7467 13.1866 31
      vertex -18.7467 14.8134 31
    endloop
  endfacet
  facet normal 0 0 1
    outer loop
      vertex -18.8253 14.7853 31
      vertex -18.8253 13.2147 31
      vertex -18.7467 13.1866 31
    endloop
  endfacet
  facet normal -0 0 1
    outer loop
      vertex -18.9007 14.7496 31
      vertex -18.8253 13.2147 31
      vertex -18.8253 14.7853 31
    endloop
  endfacet
  facet normal 0 0 1
    outer loop
      vertex -18.9007 14.7496 31
      vertex -18.9007 13.2504 31
      vertex -18.8253 13.2147 31
    endloop
  endfacet
  facet normal -0 0 1
    outer loop
      vertex -18.9722 14.7067 31
      vertex -18.9007 13.2504 31
      vertex -18.9007 14.7496 31
    endloop
  endfacet
  facet normal 0 0 1
    outer loop
      vertex -18.9722 14.7067 31
      vertex -18.9722 13.2933 31
      vertex -18.9007 13.2504 31
    endloop
  endfacet
  facet normal -0 0 1
    outer loop
      vertex -19.0392 14.6571 31
      vertex -18.9722 13.2933 31
      vertex -18.9722 14.7067 31
    endloop
  endfacet
  facet normal 0 0 1
    outer loop
      vertex -19.0392 14.6571 31
      vertex -19.0392 13.3429 31
      vertex -18.9722 13.2933 31
    endloop
  endfacet
  facet normal -0 0 1
    outer loop
      vertex -19.101 14.601 31
      vertex -19.0392 13.3429 31
      vertex -19.0392 14.6571 31
    endloop
  endfacet
  facet normal 0 0 1
    outer loop
      vertex -19.101 14.601 31
      vertex -19.101 13.399 31
      vertex -19.0392 13.3429 31
    endloop
  endfacet
  facet normal -0 0 1
    outer loop
      vertex -19.1571 14.5392 31
      vertex -19.101 13.399 31
      vertex -19.101 14.601 31
    endloop
  endfacet
  facet normal 0 0 1
    outer loop
      vertex -19.1571 14.5392 31
      vertex -19.1571 13.4608 31
      vertex -19.101 13.399 31
    endloop
  endfacet
  facet normal -0 0 1
    outer loop
      vertex -19.2067 14.4722 31
      vertex -19.1571 13.4608 31
      vertex -19.1571 14.5392 31
    endloop
  endfacet
  facet normal 0 0 1
    outer loop
      vertex -19.2067 14.4722 31
      vertex -19.2067 13.5278 31
      vertex -19.1571 13.4608 31
    endloop
  endfacet
  facet normal -0 0 1
    outer loop
      vertex -19.2496 14.4007 31
      vertex -19.2067 13.5278 31
      vertex -19.2067 14.4722 31
    endloop
  endfacet
  facet normal 0 0 1
    outer loop
      vertex -19.2496 14.4007 31
      vertex -19.2496 13.5993 31
      vertex -19.2067 13.5278 31
    endloop
  endfacet
  facet normal -0 0 1
    outer loop
      vertex -19.2853 14.3253 31
      vertex -19.2496 13.5993 31
      vertex -19.2496 14.4007 31
    endloop
  endfacet
  facet normal 0 0 1
    outer loop
      vertex -19.2853 14.3253 31
      vertex -19.2853 13.6747 31
      vertex -19.2496 13.5993 31
    endloop
  endfacet
  facet normal -0 0 1
    outer loop
      vertex -19.3134 14.2467 31
      vertex -19.2853 13.6747 31
      vertex -19.2853 14.3253 31
    endloop
  endfacet
  facet normal 0 0 1
    outer loop
      vertex -19.3134 14.2467 31
      vertex -19.3134 13.7533 31
      vertex -19.2853 13.6747 31
    endloop
  endfacet
  facet normal -0 0 1
    outer loop
      vertex -19.3337 14.1658 31
      vertex -19.3134 13.7533 31
      vertex -19.3134 14.2467 31
    endloop
  endfacet
  facet normal 0 0 1
    outer loop
      vertex -19.3337 14.1658 31
      vertex -19.3337 13.8342 31
      vertex -19.3134 13.7533 31
    endloop
  endfacet
  facet normal -0 0 1
    outer loop
      vertex -19.3459 14.0833 31
      vertex -19.3337 13.8342 31
      vertex -19.3337 14.1658 31
    endloop
  endfacet
  facet normal 0 0 1
    outer loop
      vertex -19.3459 14.0833 31
      vertex -19.3459 13.9167 31
      vertex -19.3337 13.8342 31
    endloop
  endfacet
  facet normal 0 -0 1
    outer loop
      vertex -19.3459 13.9167 31
      vertex -19.3459 14.0833 31
      vertex -19.35 14 31
    endloop
  endfacet
  facet normal -0.740428 0.672136 0
    outer loop
      vertex -17.899 13.399 31
      vertex -17.8429 13.4608 41
      vertex -17.8429 13.4608 31
    endloop
  endfacet
  facet normal -0.740428 0.672136 0
    outer loop
      vertex -17.8429 13.4608 41
      vertex -17.899 13.399 31
      vertex -17.899 13.399 41
    endloop
  endfacet
  facet normal -0.146288 0.989242 0
    outer loop
      vertex -18.3342 13.1663 31
      vertex -18.4167 13.1541 41
      vertex -18.3342 13.1663 41
    endloop
  endfacet
  facet normal -0.146288 0.989242 0
    outer loop
      vertex -18.4167 13.1541 41
      vertex -18.3342 13.1663 31
      vertex -18.4167 13.1541 31
    endloop
  endfacet
  facet normal 0.514496 -0.857493 0
    outer loop
      vertex -18.9722 14.7067 31
      vertex -18.9007 14.7496 41
      vertex -18.9722 14.7067 41
    endloop
  endfacet
  facet normal 0.514496 -0.857493 0
    outer loop
      vertex -18.9007 14.7496 41
      vertex -18.9722 14.7067 31
      vertex -18.9007 14.7496 31
    endloop
  endfacet
  facet normal -0.0491602 -0.998791 0
    outer loop
      vertex -18.5 14.85 31
      vertex -18.4167 14.8459 41
      vertex -18.5 14.85 41
    endloop
  endfacet
  facet normal -0.0491602 -0.998791 -0
    outer loop
      vertex -18.4167 14.8459 41
      vertex -18.5 14.85 31
      vertex -18.4167 14.8459 31
    endloop
  endfacet
  facet normal 0.857493 0.514496 0
    outer loop
      vertex -19.2067 13.5278 41
      vertex -19.2496 13.5993 31
      vertex -19.2496 13.5993 41
    endloop
  endfacet
  facet normal 0.857493 0.514496 0
    outer loop
      vertex -19.2496 13.5993 31
      vertex -19.2067 13.5278 41
      vertex -19.2067 13.5278 31
    endloop
  endfacet
  facet normal -0.857493 0.514496 0
    outer loop
      vertex -17.7933 13.5278 31
      vertex -17.7504 13.5993 41
      vertex -17.7504 13.5993 31
    endloop
  endfacet
  facet normal -0.857493 0.514496 0
    outer loop
      vertex -17.7504 13.5993 41
      vertex -17.7933 13.5278 31
      vertex -17.7933 13.5278 41
    endloop
  endfacet
  facet normal -0.941633 -0.33664 0
    outer loop
      vertex -17.6866 14.2467 31
      vertex -17.7147 14.3253 41
      vertex -17.7147 14.3253 31
    endloop
  endfacet
  facet normal -0.941633 -0.33664 0
    outer loop
      vertex -17.7147 14.3253 41
      vertex -17.6866 14.2467 31
      vertex -17.6866 14.2467 41
    endloop
  endfacet
  facet normal -0.243382 -0.969931 0
    outer loop
      vertex -18.3342 14.8337 31
      vertex -18.2533 14.8134 41
      vertex -18.3342 14.8337 41
    endloop
  endfacet
  facet normal -0.243382 -0.969931 -0
    outer loop
      vertex -18.2533 14.8134 41
      vertex -18.3342 14.8337 31
      vertex -18.2533 14.8134 31
    endloop
  endfacet
  facet normal 0.941633 -0.33664 0
    outer loop
      vertex -19.3134 14.2467 41
      vertex -19.2853 14.3253 31
      vertex -19.2853 14.3253 41
    endloop
  endfacet
  facet normal 0.941633 -0.33664 0
    outer loop
      vertex -19.2853 14.3253 31
      vertex -19.3134 14.2467 41
      vertex -19.3134 14.2467 31
    endloop
  endfacet
  facet normal -0.672136 -0.740428 0
    outer loop
      vertex -17.9608 14.6571 31
      vertex -17.899 14.601 41
      vertex -17.9608 14.6571 41
    endloop
  endfacet
  facet normal -0.672136 -0.740428 -0
    outer loop
      vertex -17.899 14.601 41
      vertex -17.9608 14.6571 31
      vertex -17.899 14.601 31
    endloop
  endfacet
  facet normal 0.0491602 -0.998791 0
    outer loop
      vertex -18.5833 14.8459 31
      vertex -18.5 14.85 41
      vertex -18.5833 14.8459 41
    endloop
  endfacet
  facet normal 0.0491602 -0.998791 0
    outer loop
      vertex -18.5 14.85 41
      vertex -18.5833 14.8459 31
      vertex -18.5 14.85 31
    endloop
  endfacet
  facet normal -0.427932 0.903811 0
    outer loop
      vertex -18.0993 13.2504 31
      vertex -18.1747 13.2147 41
      vertex -18.0993 13.2504 41
    endloop
  endfacet
  facet normal -0.427932 0.903811 0
    outer loop
      vertex -18.1747 13.2147 41
      vertex -18.0993 13.2504 31
      vertex -18.1747 13.2147 31
    endloop
  endfacet
  facet normal -0.989242 0.146288 0
    outer loop
      vertex -17.6663 13.8342 31
      vertex -17.6541 13.9167 41
      vertex -17.6541 13.9167 31
    endloop
  endfacet
  facet normal -0.989242 0.146288 0
    outer loop
      vertex -17.6541 13.9167 41
      vertex -17.6663 13.8342 31
      vertex -17.6663 13.8342 41
    endloop
  endfacet
  facet normal -0.857493 -0.514496 0
    outer loop
      vertex -17.7504 14.4007 31
      vertex -17.7933 14.4722 41
      vertex -17.7933 14.4722 31
    endloop
  endfacet
  facet normal -0.857493 -0.514496 0
    outer loop
      vertex -17.7933 14.4722 41
      vertex -17.7504 14.4007 31
      vertex -17.7504 14.4007 41
    endloop
  endfacet
  facet normal 0.0491602 0.998791 -0
    outer loop
      vertex -18.5 13.15 31
      vertex -18.5833 13.1541 41
      vertex -18.5 13.15 41
    endloop
  endfacet
  facet normal 0.0491602 0.998791 0
    outer loop
      vertex -18.5833 13.1541 41
      vertex -18.5 13.15 31
      vertex -18.5833 13.1541 31
    endloop
  endfacet
  facet normal 0.672136 -0.740428 0
    outer loop
      vertex -19.101 14.601 31
      vertex -19.0392 14.6571 41
      vertex -19.101 14.601 41
    endloop
  endfacet
  facet normal 0.672136 -0.740428 0
    outer loop
      vertex -19.0392 14.6571 41
      vertex -19.101 14.601 31
      vertex -19.0392 14.6571 31
    endloop
  endfacet
  facet normal 0.740428 -0.672136 0
    outer loop
      vertex -19.1571 14.5392 41
      vertex -19.101 14.601 31
      vertex -19.101 14.601 41
    endloop
  endfacet
  facet normal 0.740428 -0.672136 0
    outer loop
      vertex -19.101 14.601 31
      vertex -19.1571 14.5392 41
      vertex -19.1571 14.5392 31
    endloop
  endfacet
  facet normal -0.903811 0.427932 0
    outer loop
      vertex -17.7504 13.5993 31
      vertex -17.7147 13.6747 41
      vertex -17.7147 13.6747 31
    endloop
  endfacet
  facet normal -0.903811 0.427932 0
    outer loop
      vertex -17.7147 13.6747 41
      vertex -17.7504 13.5993 31
      vertex -17.7504 13.5993 41
    endloop
  endfacet
  facet normal -0.0491602 0.998791 0
    outer loop
      vertex -18.4167 13.1541 31
      vertex -18.5 13.15 41
      vertex -18.4167 13.1541 41
    endloop
  endfacet
  facet normal -0.0491602 0.998791 0
    outer loop
      vertex -18.5 13.15 41
      vertex -18.4167 13.1541 31
      vertex -18.5 13.15 31
    endloop
  endfacet
  facet normal -0.941633 0.33664 0
    outer loop
      vertex -17.7147 13.6747 31
      vertex -17.6866 13.7533 41
      vertex -17.6866 13.7533 31
    endloop
  endfacet
  facet normal -0.941633 0.33664 0
    outer loop
      vertex -17.6866 13.7533 41
      vertex -17.7147 13.6747 31
      vertex -17.7147 13.6747 41
    endloop
  endfacet
  facet normal -0.740428 -0.672136 0
    outer loop
      vertex -17.8429 14.5392 31
      vertex -17.899 14.601 41
      vertex -17.899 14.601 31
    endloop
  endfacet
  facet normal -0.740428 -0.672136 0
    outer loop
      vertex -17.899 14.601 41
      vertex -17.8429 14.5392 31
      vertex -17.8429 14.5392 41
    endloop
  endfacet
  facet normal 0.243382 0.969931 -0
    outer loop
      vertex -18.6658 13.1663 31
      vertex -18.7467 13.1866 41
      vertex -18.6658 13.1663 41
    endloop
  endfacet
  facet normal 0.243382 0.969931 0
    outer loop
      vertex -18.7467 13.1866 41
      vertex -18.6658 13.1663 31
      vertex -18.7467 13.1866 31
    endloop
  endfacet
  facet normal -0.594998 0.803727 0
    outer loop
      vertex -17.9608 13.3429 31
      vertex -18.0278 13.2933 41
      vertex -17.9608 13.3429 41
    endloop
  endfacet
  facet normal -0.594998 0.803727 0
    outer loop
      vertex -18.0278 13.2933 41
      vertex -17.9608 13.3429 31
      vertex -18.0278 13.2933 31
    endloop
  endfacet
  facet normal 0.803727 0.594998 0
    outer loop
      vertex -19.1571 13.4608 41
      vertex -19.2067 13.5278 31
      vertex -19.2067 13.5278 41
    endloop
  endfacet
  facet normal 0.803727 0.594998 0
    outer loop
      vertex -19.2067 13.5278 31
      vertex -19.1571 13.4608 41
      vertex -19.1571 13.4608 31
    endloop
  endfacet
  facet normal 0.857493 -0.514496 0
    outer loop
      vertex -19.2496 14.4007 41
      vertex -19.2067 14.4722 31
      vertex -19.2067 14.4722 41
    endloop
  endfacet
  facet normal 0.857493 -0.514496 0
    outer loop
      vertex -19.2067 14.4722 31
      vertex -19.2496 14.4007 41
      vertex -19.2496 14.4007 31
    endloop
  endfacet
  facet normal -0.33664 0.941633 0
    outer loop
      vertex -18.1747 13.2147 31
      vertex -18.2533 13.1866 41
      vertex -18.1747 13.2147 41
    endloop
  endfacet
  facet normal -0.33664 0.941633 0
    outer loop
      vertex -18.2533 13.1866 41
      vertex -18.1747 13.2147 31
      vertex -18.2533 13.1866 31
    endloop
  endfacet
  facet normal 0.998791 -0.0491602 0
    outer loop
      vertex -19.35 14 41
      vertex -19.3459 14.0833 31
      vertex -19.3459 14.0833 41
    endloop
  endfacet
  facet normal 0.998791 -0.0491602 0
    outer loop
      vertex -19.3459 14.0833 31
      vertex -19.35 14 41
      vertex -19.35 14 31
    endloop
  endfacet
  facet normal 0.998791 0.0491602 0
    outer loop
      vertex -19.3459 13.9167 41
      vertex -19.35 14 31
      vertex -19.35 14 41
    endloop
  endfacet
  facet normal 0.998791 0.0491602 0
    outer loop
      vertex -19.35 14 31
      vertex -19.3459 13.9167 41
      vertex -19.3459 13.9167 31
    endloop
  endfacet
  facet normal 0.803727 -0.594998 0
    outer loop
      vertex -19.2067 14.4722 41
      vertex -19.1571 14.5392 31
      vertex -19.1571 14.5392 41
    endloop
  endfacet
  facet normal 0.803727 -0.594998 0
    outer loop
      vertex -19.1571 14.5392 31
      vertex -19.2067 14.4722 41
      vertex -19.2067 14.4722 31
    endloop
  endfacet
  facet normal 0.146288 -0.989242 0
    outer loop
      vertex 76.3342 -13.1663 31
      vertex 76.4167 -13.1541 41
      vertex 76.3342 -13.1663 41
    endloop
  endfacet
  facet normal 0.146288 -0.989242 0
    outer loop
      vertex 76.4167 -13.1541 41
      vertex 76.3342 -13.1663 31
      vertex 76.4167 -13.1541 31
    endloop
  endfacet
  facet normal 0.989242 0.146288 0
    outer loop
      vertex 75.6663 -14.1658 41
      vertex 75.6541 -14.0833 31
      vertex 75.6541 -14.0833 41
    endloop
  endfacet
  facet normal 0.989242 0.146288 0
    outer loop
      vertex 75.6541 -14.0833 31
      vertex 75.6663 -14.1658 41
      vertex 75.6663 -14.1658 31
    endloop
  endfacet
  facet normal -0.989242 -0.146288 0
    outer loop
      vertex 77.3459 -13.9167 31
      vertex 77.3337 -13.8342 41
      vertex 77.3337 -13.8342 31
    endloop
  endfacet
  facet normal -0.989242 -0.146288 0
    outer loop
      vertex 77.3337 -13.8342 41
      vertex 77.3459 -13.9167 31
      vertex 77.3459 -13.9167 41
    endloop
  endfacet
  facet normal -0.740428 0.672136 0
    outer loop
      vertex 77.101 -14.601 31
      vertex 77.1571 -14.5392 41
      vertex 77.1571 -14.5392 31
    endloop
  endfacet
  facet normal -0.740428 0.672136 0
    outer loop
      vertex 77.1571 -14.5392 41
      vertex 77.101 -14.601 31
      vertex 77.101 -14.601 41
    endloop
  endfacet
  facet normal -0.0491602 -0.998791 0
    outer loop
      vertex 76.5 -13.15 31
      vertex 76.5833 -13.1541 41
      vertex 76.5 -13.15 41
    endloop
  endfacet
  facet normal -0.0491602 -0.998791 -0
    outer loop
      vertex 76.5833 -13.1541 41
      vertex 76.5 -13.15 31
      vertex 76.5833 -13.1541 31
    endloop
  endfacet
  facet normal 0.33664 -0.941633 0
    outer loop
      vertex 76.1747 -13.2147 31
      vertex 76.2533 -13.1866 41
      vertex 76.1747 -13.2147 41
    endloop
  endfacet
  facet normal 0.33664 -0.941633 0
    outer loop
      vertex 76.2533 -13.1866 41
      vertex 76.1747 -13.2147 31
      vertex 76.2533 -13.1866 31
    endloop
  endfacet
  facet normal 0.594998 -0.803727 0
    outer loop
      vertex 75.9608 -13.3429 31
      vertex 76.0278 -13.2933 41
      vertex 75.9608 -13.3429 41
    endloop
  endfacet
  facet normal 0.594998 -0.803727 0
    outer loop
      vertex 76.0278 -13.2933 41
      vertex 75.9608 -13.3429 31
      vertex 76.0278 -13.2933 31
    endloop
  endfacet
  facet normal -0.989242 0.146288 0
    outer loop
      vertex 77.3337 -14.1658 31
      vertex 77.3459 -14.0833 41
      vertex 77.3459 -14.0833 31
    endloop
  endfacet
  facet normal -0.989242 0.146288 0
    outer loop
      vertex 77.3459 -14.0833 41
      vertex 77.3337 -14.1658 31
      vertex 77.3337 -14.1658 41
    endloop
  endfacet
  facet normal 0.0491602 0.998791 -0
    outer loop
      vertex 76.5 -14.85 31
      vertex 76.4167 -14.8459 41
      vertex 76.5 -14.85 41
    endloop
  endfacet
  facet normal 0.0491602 0.998791 0
    outer loop
      vertex 76.4167 -14.8459 41
      vertex 76.5 -14.85 31
      vertex 76.4167 -14.8459 31
    endloop
  endfacet
  facet normal 0.672136 0.740428 -0
    outer loop
      vertex 75.9608 -14.6571 31
      vertex 75.899 -14.601 41
      vertex 75.9608 -14.6571 41
    endloop
  endfacet
  facet normal 0.672136 0.740428 0
    outer loop
      vertex 75.899 -14.601 41
      vertex 75.9608 -14.6571 31
      vertex 75.899 -14.601 31
    endloop
  endfacet
  facet normal -0.803727 0.594998 0
    outer loop
      vertex 77.1571 -14.5392 31
      vertex 77.2067 -14.4722 41
      vertex 77.2067 -14.4722 31
    endloop
  endfacet
  facet normal -0.803727 0.594998 0
    outer loop
      vertex 77.2067 -14.4722 41
      vertex 77.1571 -14.5392 31
      vertex 77.1571 -14.5392 41
    endloop
  endfacet
  facet normal 0.941633 -0.33664 0
    outer loop
      vertex 75.6866 -13.7533 41
      vertex 75.7147 -13.6747 31
      vertex 75.7147 -13.6747 41
    endloop
  endfacet
  facet normal 0.941633 -0.33664 0
    outer loop
      vertex 75.7147 -13.6747 31
      vertex 75.6866 -13.7533 41
      vertex 75.6866 -13.7533 31
    endloop
  endfacet
  facet normal -0.998791 -0.0491602 0
    outer loop
      vertex 77.35 -14 31
      vertex 77.3459 -13.9167 41
      vertex 77.3459 -13.9167 31
    endloop
  endfacet
  facet normal -0.998791 -0.0491602 0
    outer loop
      vertex 77.3459 -13.9167 41
      vertex 77.35 -14 31
      vertex 77.35 -14 41
    endloop
  endfacet
  facet normal -0.672136 -0.740428 0
    outer loop
      vertex 77.0392 -13.3429 31
      vertex 77.101 -13.399 41
      vertex 77.0392 -13.3429 41
    endloop
  endfacet
  facet normal -0.672136 -0.740428 -0
    outer loop
      vertex 77.101 -13.399 41
      vertex 77.0392 -13.3429 31
      vertex 77.101 -13.399 31
    endloop
  endfacet
  facet normal -0.969931 -0.243382 0
    outer loop
      vertex 77.3337 -13.8342 31
      vertex 77.3134 -13.7533 41
      vertex 77.3134 -13.7533 31
    endloop
  endfacet
  facet normal -0.969931 -0.243382 0
    outer loop
      vertex 77.3134 -13.7533 41
      vertex 77.3337 -13.8342 31
      vertex 77.3337 -13.8342 41
    endloop
  endfacet
  facet normal 0.243382 0.969931 -0
    outer loop
      vertex 76.3342 -14.8337 31
      vertex 76.2533 -14.8134 41
      vertex 76.3342 -14.8337 41
    endloop
  endfacet
  facet normal 0.243382 0.969931 0
    outer loop
      vertex 76.2533 -14.8134 41
      vertex 76.3342 -14.8337 31
      vertex 76.2533 -14.8134 31
    endloop
  endfacet
  facet normal 0.998791 -0.0491602 0
    outer loop
      vertex 75.65 -14 41
      vertex 75.6541 -13.9167 31
      vertex 75.6541 -13.9167 41
    endloop
  endfacet
  facet normal 0.998791 -0.0491602 0
    outer loop
      vertex 75.6541 -13.9167 31
      vertex 75.65 -14 41
      vertex 75.65 -14 31
    endloop
  endfacet
  facet normal 0.514496 -0.857493 0
    outer loop
      vertex 76.0278 -13.2933 31
      vertex 76.0993 -13.2504 41
      vertex 76.0278 -13.2933 41
    endloop
  endfacet
  facet normal 0.514496 -0.857493 0
    outer loop
      vertex 76.0993 -13.2504 41
      vertex 76.0278 -13.2933 31
      vertex 76.0993 -13.2504 31
    endloop
  endfacet
  facet normal 0.427932 0.903811 -0
    outer loop
      vertex 76.1747 -14.7853 31
      vertex 76.0993 -14.7496 41
      vertex 76.1747 -14.7853 41
    endloop
  endfacet
  facet normal 0.427932 0.903811 0
    outer loop
      vertex 76.0993 -14.7496 41
      vertex 76.1747 -14.7853 31
      vertex 76.0993 -14.7496 31
    endloop
  endfacet
  facet normal 0.989242 -0.146288 0
    outer loop
      vertex 75.6541 -13.9167 41
      vertex 75.6663 -13.8342 31
      vertex 75.6663 -13.8342 41
    endloop
  endfacet
  facet normal 0.989242 -0.146288 0
    outer loop
      vertex 75.6663 -13.8342 31
      vertex 75.6541 -13.9167 41
      vertex 75.6541 -13.9167 31
    endloop
  endfacet
  facet normal 0.740428 -0.672136 0
    outer loop
      vertex 75.8429 -13.4608 41
      vertex 75.899 -13.399 31
      vertex 75.899 -13.399 41
    endloop
  endfacet
  facet normal 0.740428 -0.672136 0
    outer loop
      vertex 75.899 -13.399 31
      vertex 75.8429 -13.4608 41
      vertex 75.8429 -13.4608 31
    endloop
  endfacet
  facet normal -0.427932 0.903811 0
    outer loop
      vertex 76.9007 -14.7496 31
      vertex 76.8253 -14.7853 41
      vertex 76.9007 -14.7496 41
    endloop
  endfacet
  facet normal -0.427932 0.903811 0
    outer loop
      vertex 76.8253 -14.7853 41
      vertex 76.9007 -14.7496 31
      vertex 76.8253 -14.7853 31
    endloop
  endfacet
  facet normal -0.427932 -0.903811 0
    outer loop
      vertex 76.8253 -13.2147 31
      vertex 76.9007 -13.2504 41
      vertex 76.8253 -13.2147 41
    endloop
  endfacet
  facet normal -0.427932 -0.903811 -0
    outer loop
      vertex 76.9007 -13.2504 41
      vertex 76.8253 -13.2147 31
      vertex 76.9007 -13.2504 31
    endloop
  endfacet
  facet normal -0.969931 0.243382 0
    outer loop
      vertex 77.3134 -14.2467 31
      vertex 77.3337 -14.1658 41
      vertex 77.3337 -14.1658 31
    endloop
  endfacet
  facet normal -0.969931 0.243382 0
    outer loop
      vertex 77.3337 -14.1658 41
      vertex 77.3134 -14.2467 31
      vertex 77.3134 -14.2467 41
    endloop
  endfacet
  facet normal -0.941633 0.33664 0
    outer loop
      vertex 77.2853 -14.3253 31
      vertex 77.3134 -14.2467 41
      vertex 77.3134 -14.2467 31
    endloop
  endfacet
  facet normal -0.941633 0.33664 0
    outer loop
      vertex 77.3134 -14.2467 41
      vertex 77.2853 -14.3253 31
      vertex 77.2853 -14.3253 41
    endloop
  endfacet
  facet normal -0.998791 0.0491602 0
    outer loop
      vertex 77.3459 -14.0833 31
      vertex 77.35 -14 41
      vertex 77.35 -14 31
    endloop
  endfacet
  facet normal -0.998791 0.0491602 0
    outer loop
      vertex 77.35 -14 41
      vertex 77.3459 -14.0833 31
      vertex 77.3459 -14.0833 41
    endloop
  endfacet
  facet normal 0.803727 -0.594998 0
    outer loop
      vertex 75.7933 -13.5278 41
      vertex 75.8429 -13.4608 31
      vertex 75.8429 -13.4608 41
    endloop
  endfacet
  facet normal 0.803727 -0.594998 0
    outer loop
      vertex 75.8429 -13.4608 31
      vertex 75.7933 -13.5278 41
      vertex 75.7933 -13.5278 31
    endloop
  endfacet
  facet normal -0.146288 0.989242 0
    outer loop
      vertex 76.6658 -14.8337 31
      vertex 76.5833 -14.8459 41
      vertex 76.6658 -14.8337 41
    endloop
  endfacet
  facet normal -0.146288 0.989242 0
    outer loop
      vertex 76.5833 -14.8459 41
      vertex 76.6658 -14.8337 31
      vertex 76.5833 -14.8459 31
    endloop
  endfacet
  facet normal -0.941633 -0.33664 0
    outer loop
      vertex 77.3134 -13.7533 31
      vertex 77.2853 -13.6747 41
      vertex 77.2853 -13.6747 31
    endloop
  endfacet
  facet normal -0.941633 -0.33664 0
    outer loop
      vertex 77.2853 -13.6747 41
      vertex 77.3134 -13.7533 31
      vertex 77.3134 -13.7533 41
    endloop
  endfacet
  facet normal -0.514496 -0.857493 0
    outer loop
      vertex 76.9007 -13.2504 31
      vertex 76.9722 -13.2933 41
      vertex 76.9007 -13.2504 41
    endloop
  endfacet
  facet normal -0.514496 -0.857493 -0
    outer loop
      vertex 76.9722 -13.2933 41
      vertex 76.9007 -13.2504 31
      vertex 76.9722 -13.2933 31
    endloop
  endfacet
  facet normal -0.903811 -0.427932 0
    outer loop
      vertex 77.2853 -13.6747 31
      vertex 77.2496 -13.5993 41
      vertex 77.2496 -13.5993 31
    endloop
  endfacet
  facet normal -0.903811 -0.427932 0
    outer loop
      vertex 77.2496 -13.5993 41
      vertex 77.2853 -13.6747 31
      vertex 77.2853 -13.6747 41
    endloop
  endfacet
  facet normal -0.0491602 0.998791 0
    outer loop
      vertex 76.5833 -14.8459 31
      vertex 76.5 -14.85 41
      vertex 76.5833 -14.8459 41
    endloop
  endfacet
  facet normal -0.0491602 0.998791 0
    outer loop
      vertex 76.5 -14.85 41
      vertex 76.5833 -14.8459 31
      vertex 76.5 -14.85 31
    endloop
  endfacet
  facet normal 0.998791 0.0491602 0
    outer loop
      vertex 75.6541 -14.0833 41
      vertex 75.65 -14 31
      vertex 75.65 -14 41
    endloop
  endfacet
  facet normal 0.998791 0.0491602 0
    outer loop
      vertex 75.65 -14 31
      vertex 75.6541 -14.0833 41
      vertex 75.6541 -14.0833 31
    endloop
  endfacet
  facet normal -0.33664 -0.941633 0
    outer loop
      vertex 76.7467 -13.1866 31
      vertex 76.8253 -13.2147 41
      vertex 76.7467 -13.1866 41
    endloop
  endfacet
  facet normal -0.33664 -0.941633 -0
    outer loop
      vertex 76.8253 -13.2147 41
      vertex 76.7467 -13.1866 31
      vertex 76.8253 -13.2147 31
    endloop
  endfacet
  facet normal 0.803727 0.594998 0
    outer loop
      vertex 75.8429 -14.5392 41
      vertex 75.7933 -14.4722 31
      vertex 75.7933 -14.4722 41
    endloop
  endfacet
  facet normal 0.803727 0.594998 0
    outer loop
      vertex 75.7933 -14.4722 31
      vertex 75.8429 -14.5392 41
      vertex 75.8429 -14.5392 31
    endloop
  endfacet
  facet normal 0.672136 -0.740428 0
    outer loop
      vertex 75.899 -13.399 31
      vertex 75.9608 -13.3429 41
      vertex 75.899 -13.399 41
    endloop
  endfacet
  facet normal 0.672136 -0.740428 0
    outer loop
      vertex 75.9608 -13.3429 41
      vertex 75.899 -13.399 31
      vertex 75.9608 -13.3429 31
    endloop
  endfacet
  facet normal -0.243382 0.969931 0
    outer loop
      vertex 76.7467 -14.8134 31
      vertex 76.6658 -14.8337 41
      vertex 76.7467 -14.8134 41
    endloop
  endfacet
  facet normal -0.243382 0.969931 0
    outer loop
      vertex 76.6658 -14.8337 41
      vertex 76.7467 -14.8134 31
      vertex 76.6658 -14.8337 31
    endloop
  endfacet
  facet normal 0.0491602 -0.998791 0
    outer loop
      vertex 76.4167 -13.1541 31
      vertex 76.5 -13.15 41
      vertex 76.4167 -13.1541 41
    endloop
  endfacet
  facet normal 0.0491602 -0.998791 0
    outer loop
      vertex 76.5 -13.15 41
      vertex 76.4167 -13.1541 31
      vertex 76.5 -13.15 31
    endloop
  endfacet
  facet normal -0.803727 -0.594998 0
    outer loop
      vertex 77.2067 -13.5278 31
      vertex 77.1571 -13.4608 41
      vertex 77.1571 -13.4608 31
    endloop
  endfacet
  facet normal -0.803727 -0.594998 0
    outer loop
      vertex 77.1571 -13.4608 41
      vertex 77.2067 -13.5278 31
      vertex 77.2067 -13.5278 41
    endloop
  endfacet
  facet normal 0.903811 0.427932 0
    outer loop
      vertex 75.7504 -14.4007 41
      vertex 75.7147 -14.3253 31
      vertex 75.7147 -14.3253 41
    endloop
  endfacet
  facet normal 0.903811 0.427932 0
    outer loop
      vertex 75.7147 -14.3253 31
      vertex 75.7504 -14.4007 41
      vertex 75.7504 -14.4007 31
    endloop
  endfacet
  facet normal -0.903811 0.427932 0
    outer loop
      vertex 77.2496 -14.4007 31
      vertex 77.2853 -14.3253 41
      vertex 77.2853 -14.3253 31
    endloop
  endfacet
  facet normal -0.903811 0.427932 0
    outer loop
      vertex 77.2853 -14.3253 41
      vertex 77.2496 -14.4007 31
      vertex 77.2496 -14.4007 41
    endloop
  endfacet
  facet normal -0.857493 -0.514496 0
    outer loop
      vertex 77.2496 -13.5993 31
      vertex 77.2067 -13.5278 41
      vertex 77.2067 -13.5278 31
    endloop
  endfacet
  facet normal -0.857493 -0.514496 0
    outer loop
      vertex 77.2067 -13.5278 41
      vertex 77.2496 -13.5993 31
      vertex 77.2496 -13.5993 41
    endloop
  endfacet
  facet normal -0.740428 -0.672136 0
    outer loop
      vertex 77.1571 -13.4608 31
      vertex 77.101 -13.399 41
      vertex 77.101 -13.399 31
    endloop
  endfacet
  facet normal -0.740428 -0.672136 0
    outer loop
      vertex 77.101 -13.399 41
      vertex 77.1571 -13.4608 31
      vertex 77.1571 -13.4608 41
    endloop
  endfacet
  facet normal -0.594998 -0.803727 0
    outer loop
      vertex 76.9722 -13.2933 31
      vertex 77.0392 -13.3429 41
      vertex 76.9722 -13.2933 41
    endloop
  endfacet
  facet normal -0.594998 -0.803727 -0
    outer loop
      vertex 77.0392 -13.3429 41
      vertex 76.9722 -13.2933 31
      vertex 77.0392 -13.3429 31
    endloop
  endfacet
  facet normal 0.146288 0.989242 -0
    outer loop
      vertex 76.4167 -14.8459 31
      vertex 76.3342 -14.8337 41
      vertex 76.4167 -14.8459 41
    endloop
  endfacet
  facet normal 0.146288 0.989242 0
    outer loop
      vertex 76.3342 -14.8337 41
      vertex 76.4167 -14.8459 31
      vertex 76.3342 -14.8337 31
    endloop
  endfacet
  facet normal -0.672136 0.740428 0
    outer loop
      vertex 77.101 -14.601 31
      vertex 77.0392 -14.6571 41
      vertex 77.101 -14.601 41
    endloop
  endfacet
  facet normal -0.672136 0.740428 0
    outer loop
      vertex 77.0392 -14.6571 41
      vertex 77.101 -14.601 31
      vertex 77.0392 -14.6571 31
    endloop
  endfacet
  facet normal 0.243382 -0.969931 0
    outer loop
      vertex 76.2533 -13.1866 31
      vertex 76.3342 -13.1663 41
      vertex 76.2533 -13.1866 41
    endloop
  endfacet
  facet normal 0.243382 -0.969931 0
    outer loop
      vertex 76.3342 -13.1663 41
      vertex 76.2533 -13.1866 31
      vertex 76.3342 -13.1663 31
    endloop
  endfacet
  facet normal -0.514496 0.857493 0
    outer loop
      vertex 76.9722 -14.7067 31
      vertex 76.9007 -14.7496 41
      vertex 76.9722 -14.7067 41
    endloop
  endfacet
  facet normal -0.514496 0.857493 0
    outer loop
      vertex 76.9007 -14.7496 41
      vertex 76.9722 -14.7067 31
      vertex 76.9007 -14.7496 31
    endloop
  endfacet
  facet normal 0.33664 0.941633 -0
    outer loop
      vertex 76.2533 -14.8134 31
      vertex 76.1747 -14.7853 41
      vertex 76.2533 -14.8134 41
    endloop
  endfacet
  facet normal 0.33664 0.941633 0
    outer loop
      vertex 76.1747 -14.7853 41
      vertex 76.2533 -14.8134 31
      vertex 76.1747 -14.7853 31
    endloop
  endfacet
  facet normal 0.969931 0.243382 0
    outer loop
      vertex 75.6866 -14.2467 41
      vertex 75.6663 -14.1658 31
      vertex 75.6663 -14.1658 41
    endloop
  endfacet
  facet normal 0.969931 0.243382 0
    outer loop
      vertex 75.6663 -14.1658 31
      vertex 75.6866 -14.2467 41
      vertex 75.6866 -14.2467 31
    endloop
  endfacet
  facet normal -0.33664 0.941633 0
    outer loop
      vertex 76.8253 -14.7853 31
      vertex 76.7467 -14.8134 41
      vertex 76.8253 -14.7853 41
    endloop
  endfacet
  facet normal -0.33664 0.941633 0
    outer loop
      vertex 76.7467 -14.8134 41
      vertex 76.8253 -14.7853 31
      vertex 76.7467 -14.8134 31
    endloop
  endfacet
  facet normal -0.857493 0.514496 0
    outer loop
      vertex 77.2067 -14.4722 31
      vertex 77.2496 -14.4007 41
      vertex 77.2496 -14.4007 31
    endloop
  endfacet
  facet normal -0.857493 0.514496 0
    outer loop
      vertex 77.2496 -14.4007 41
      vertex 77.2067 -14.4722 31
      vertex 77.2067 -14.4722 41
    endloop
  endfacet
  facet normal 0.941633 0.33664 0
    outer loop
      vertex 75.7147 -14.3253 41
      vertex 75.6866 -14.2467 31
      vertex 75.6866 -14.2467 41
    endloop
  endfacet
  facet normal 0.941633 0.33664 0
    outer loop
      vertex 75.6866 -14.2467 31
      vertex 75.7147 -14.3253 41
      vertex 75.7147 -14.3253 31
    endloop
  endfacet
  facet normal -0.146288 -0.989242 0
    outer loop
      vertex 76.5833 -13.1541 31
      vertex 76.6658 -13.1663 41
      vertex 76.5833 -13.1541 41
    endloop
  endfacet
  facet normal -0.146288 -0.989242 -0
    outer loop
      vertex 76.6658 -13.1663 41
      vertex 76.5833 -13.1541 31
      vertex 76.6658 -13.1663 31
    endloop
  endfacet
  facet normal 0.740428 0.672136 0
    outer loop
      vertex 75.899 -14.601 41
      vertex 75.8429 -14.5392 31
      vertex 75.8429 -14.5392 41
    endloop
  endfacet
  facet normal 0.740428 0.672136 0
    outer loop
      vertex 75.8429 -14.5392 31
      vertex 75.899 -14.601 41
      vertex 75.899 -14.601 31
    endloop
  endfacet
  facet normal 0.903811 -0.427932 0
    outer loop
      vertex 75.7147 -13.6747 41
      vertex 75.7504 -13.5993 31
      vertex 75.7504 -13.5993 41
    endloop
  endfacet
  facet normal 0.903811 -0.427932 0
    outer loop
      vertex 75.7504 -13.5993 31
      vertex 75.7147 -13.6747 41
      vertex 75.7147 -13.6747 31
    endloop
  endfacet
  facet normal 0.857493 0.514496 0
    outer loop
      vertex 75.7933 -14.4722 41
      vertex 75.7504 -14.4007 31
      vertex 75.7504 -14.4007 41
    endloop
  endfacet
  facet normal 0.857493 0.514496 0
    outer loop
      vertex 75.7504 -14.4007 31
      vertex 75.7933 -14.4722 41
      vertex 75.7933 -14.4722 31
    endloop
  endfacet
  facet normal 0.514496 0.857493 -0
    outer loop
      vertex 76.0993 -14.7496 31
      vertex 76.0278 -14.7067 41
      vertex 76.0993 -14.7496 41
    endloop
  endfacet
  facet normal 0.514496 0.857493 0
    outer loop
      vertex 76.0278 -14.7067 41
      vertex 76.0993 -14.7496 31
      vertex 76.0278 -14.7067 31
    endloop
  endfacet
  facet normal 0.969931 -0.243382 0
    outer loop
      vertex 75.6663 -13.8342 41
      vertex 75.6866 -13.7533 31
      vertex 75.6866 -13.7533 41
    endloop
  endfacet
  facet normal 0.969931 -0.243382 0
    outer loop
      vertex 75.6866 -13.7533 31
      vertex 75.6663 -13.8342 41
      vertex 75.6663 -13.8342 31
    endloop
  endfacet
  facet normal -0.243382 -0.969931 0
    outer loop
      vertex 76.6658 -13.1663 31
      vertex 76.7467 -13.1866 41
      vertex 76.6658 -13.1663 41
    endloop
  endfacet
  facet normal -0.243382 -0.969931 -0
    outer loop
      vertex 76.7467 -13.1866 41
      vertex 76.6658 -13.1663 31
      vertex 76.7467 -13.1866 31
    endloop
  endfacet
  facet normal 0.594998 0.803727 -0
    outer loop
      vertex 76.0278 -14.7067 31
      vertex 75.9608 -14.6571 41
      vertex 76.0278 -14.7067 41
    endloop
  endfacet
  facet normal 0.594998 0.803727 0
    outer loop
      vertex 75.9608 -14.6571 41
      vertex 76.0278 -14.7067 31
      vertex 75.9608 -14.6571 31
    endloop
  endfacet
  facet normal -0.594998 0.803727 0
    outer loop
      vertex 77.0392 -14.6571 31
      vertex 76.9722 -14.7067 41
      vertex 77.0392 -14.6571 41
    endloop
  endfacet
  facet normal -0.594998 0.803727 0
    outer loop
      vertex 76.9722 -14.7067 41
      vertex 77.0392 -14.6571 31
      vertex 76.9722 -14.7067 31
    endloop
  endfacet
  facet normal 0.857493 -0.514496 0
    outer loop
      vertex 75.7504 -13.5993 41
      vertex 75.7933 -13.5278 31
      vertex 75.7933 -13.5278 41
    endloop
  endfacet
  facet normal 0.857493 -0.514496 0
    outer loop
      vertex 75.7933 -13.5278 31
      vertex 75.7504 -13.5993 41
      vertex 75.7504 -13.5993 31
    endloop
  endfacet
  facet normal 0.427932 -0.903811 0
    outer loop
      vertex 76.0993 -13.2504 31
      vertex 76.1747 -13.2147 41
      vertex 76.0993 -13.2504 41
    endloop
  endfacet
  facet normal 0.427932 -0.903811 0
    outer loop
      vertex 76.1747 -13.2147 41
      vertex 76.0993 -13.2504 31
      vertex 76.1747 -13.2147 31
    endloop
  endfacet
  facet normal 0 0 1
    outer loop
      vertex 77.3459 -13.9167 31
      vertex 77.3459 -14.0833 31
      vertex 77.35 -14 31
    endloop
  endfacet
  facet normal 0 0 1
    outer loop
      vertex 77.3337 -13.8342 31
      vertex 77.3459 -14.0833 31
      vertex 77.3459 -13.9167 31
    endloop
  endfacet
  facet normal 0 0 1
    outer loop
      vertex 77.3337 -13.8342 31
      vertex 77.3337 -14.1658 31
      vertex 77.3459 -14.0833 31
    endloop
  endfacet
  facet normal 0 0 1
    outer loop
      vertex 77.3134 -13.7533 31
      vertex 77.3337 -14.1658 31
      vertex 77.3337 -13.8342 31
    endloop
  endfacet
  facet normal 0 0 1
    outer loop
      vertex 77.3134 -13.7533 31
      vertex 77.3134 -14.2467 31
      vertex 77.3337 -14.1658 31
    endloop
  endfacet
  facet normal 0 0 1
    outer loop
      vertex 77.2853 -13.6747 31
      vertex 77.3134 -14.2467 31
      vertex 77.3134 -13.7533 31
    endloop
  endfacet
  facet normal 0 0 1
    outer loop
      vertex 77.2853 -13.6747 31
      vertex 77.2853 -14.3253 31
      vertex 77.3134 -14.2467 31
    endloop
  endfacet
  facet normal 0 0 1
    outer loop
      vertex 77.2496 -13.5993 31
      vertex 77.2853 -14.3253 31
      vertex 77.2853 -13.6747 31
    endloop
  endfacet
  facet normal 0 0 1
    outer loop
      vertex 77.2496 -13.5993 31
      vertex 77.2496 -14.4007 31
      vertex 77.2853 -14.3253 31
    endloop
  endfacet
  facet normal 0 0 1
    outer loop
      vertex 77.2067 -13.5278 31
      vertex 77.2496 -14.4007 31
      vertex 77.2496 -13.5993 31
    endloop
  endfacet
  facet normal 0 0 1
    outer loop
      vertex 77.2067 -13.5278 31
      vertex 77.2067 -14.4722 31
      vertex 77.2496 -14.4007 31
    endloop
  endfacet
  facet normal 0 0 1
    outer loop
      vertex 77.1571 -13.4608 31
      vertex 77.2067 -14.4722 31
      vertex 77.2067 -13.5278 31
    endloop
  endfacet
  facet normal 0 0 1
    outer loop
      vertex 77.1571 -13.4608 31
      vertex 77.1571 -14.5392 31
      vertex 77.2067 -14.4722 31
    endloop
  endfacet
  facet normal 0 0 1
    outer loop
      vertex 77.101 -13.399 31
      vertex 77.1571 -14.5392 31
      vertex 77.1571 -13.4608 31
    endloop
  endfacet
  facet normal 0 0 1
    outer loop
      vertex 77.101 -13.399 31
      vertex 77.101 -14.601 31
      vertex 77.1571 -14.5392 31
    endloop
  endfacet
  facet normal 0 0 1
    outer loop
      vertex 77.0392 -13.3429 31
      vertex 77.101 -14.601 31
      vertex 77.101 -13.399 31
    endloop
  endfacet
  facet normal 0 0 1
    outer loop
      vertex 77.0392 -13.3429 31
      vertex 77.0392 -14.6571 31
      vertex 77.101 -14.601 31
    endloop
  endfacet
  facet normal 0 0 1
    outer loop
      vertex 76.9722 -13.2933 31
      vertex 77.0392 -14.6571 31
      vertex 77.0392 -13.3429 31
    endloop
  endfacet
  facet normal 0 0 1
    outer loop
      vertex 76.9722 -13.2933 31
      vertex 76.9722 -14.7067 31
      vertex 77.0392 -14.6571 31
    endloop
  endfacet
  facet normal 0 0 1
    outer loop
      vertex 76.9007 -13.2504 31
      vertex 76.9722 -14.7067 31
      vertex 76.9722 -13.2933 31
    endloop
  endfacet
  facet normal 0 0 1
    outer loop
      vertex 76.9007 -13.2504 31
      vertex 76.9007 -14.7496 31
      vertex 76.9722 -14.7067 31
    endloop
  endfacet
  facet normal 0 0 1
    outer loop
      vertex 76.8253 -13.2147 31
      vertex 76.9007 -14.7496 31
      vertex 76.9007 -13.2504 31
    endloop
  endfacet
  facet normal 0 0 1
    outer loop
      vertex 76.8253 -13.2147 31
      vertex 76.8253 -14.7853 31
      vertex 76.9007 -14.7496 31
    endloop
  endfacet
  facet normal 0 0 1
    outer loop
      vertex 76.7467 -13.1866 31
      vertex 76.8253 -14.7853 31
      vertex 76.8253 -13.2147 31
    endloop
  endfacet
  facet normal 0 0 1
    outer loop
      vertex 76.7467 -13.1866 31
      vertex 76.7467 -14.8134 31
      vertex 76.8253 -14.7853 31
    endloop
  endfacet
  facet normal 0 0 1
    outer loop
      vertex 76.6658 -13.1663 31
      vertex 76.7467 -14.8134 31
      vertex 76.7467 -13.1866 31
    endloop
  endfacet
  facet normal 0 0 1
    outer loop
      vertex 76.6658 -13.1663 31
      vertex 76.6658 -14.8337 31
      vertex 76.7467 -14.8134 31
    endloop
  endfacet
  facet normal 0 0 1
    outer loop
      vertex 76.5833 -13.1541 31
      vertex 76.6658 -14.8337 31
      vertex 76.6658 -13.1663 31
    endloop
  endfacet
  facet normal 0 0 1
    outer loop
      vertex 76.5833 -13.1541 31
      vertex 76.5833 -14.8459 31
      vertex 76.6658 -14.8337 31
    endloop
  endfacet
  facet normal 0 0 1
    outer loop
      vertex 76.5 -13.15 31
      vertex 76.5833 -14.8459 31
      vertex 76.5833 -13.1541 31
    endloop
  endfacet
  facet normal 0 0 1
    outer loop
      vertex 76.5 -13.15 31
      vertex 76.5 -14.85 31
      vertex 76.5833 -14.8459 31
    endloop
  endfacet
  facet normal -0 0 1
    outer loop
      vertex 76.4167 -13.1541 31
      vertex 76.5 -14.85 31
      vertex 76.5 -13.15 31
    endloop
  endfacet
  facet normal 0 0 1
    outer loop
      vertex 76.4167 -13.1541 31
      vertex 76.4167 -14.8459 31
      vertex 76.5 -14.85 31
    endloop
  endfacet
  facet normal -0 0 1
    outer loop
      vertex 76.3342 -13.1663 31
      vertex 76.4167 -14.8459 31
      vertex 76.4167 -13.1541 31
    endloop
  endfacet
  facet normal 0 0 1
    outer loop
      vertex 76.3342 -13.1663 31
      vertex 76.3342 -14.8337 31
      vertex 76.4167 -14.8459 31
    endloop
  endfacet
  facet normal -0 0 1
    outer loop
      vertex 76.2533 -13.1866 31
      vertex 76.3342 -14.8337 31
      vertex 76.3342 -13.1663 31
    endloop
  endfacet
  facet normal 0 0 1
    outer loop
      vertex 76.2533 -13.1866 31
      vertex 76.2533 -14.8134 31
      vertex 76.3342 -14.8337 31
    endloop
  endfacet
  facet normal -0 0 1
    outer loop
      vertex 76.1747 -13.2147 31
      vertex 76.2533 -14.8134 31
      vertex 76.2533 -13.1866 31
    endloop
  endfacet
  facet normal 0 0 1
    outer loop
      vertex 76.1747 -13.2147 31
      vertex 76.1747 -14.7853 31
      vertex 76.2533 -14.8134 31
    endloop
  endfacet
  facet normal -0 0 1
    outer loop
      vertex 76.0993 -13.2504 31
      vertex 76.1747 -14.7853 31
      vertex 76.1747 -13.2147 31
    endloop
  endfacet
  facet normal 0 0 1
    outer loop
      vertex 76.0993 -13.2504 31
      vertex 76.0993 -14.7496 31
      vertex 76.1747 -14.7853 31
    endloop
  endfacet
  facet normal -0 0 1
    outer loop
      vertex 76.0278 -13.2933 31
      vertex 76.0993 -14.7496 31
      vertex 76.0993 -13.2504 31
    endloop
  endfacet
  facet normal 0 0 1
    outer loop
      vertex 76.0278 -13.2933 31
      vertex 76.0278 -14.7067 31
      vertex 76.0993 -14.7496 31
    endloop
  endfacet
  facet normal -0 0 1
    outer loop
      vertex 75.9608 -13.3429 31
      vertex 76.0278 -14.7067 31
      vertex 76.0278 -13.2933 31
    endloop
  endfacet
  facet normal 0 0 1
    outer loop
      vertex 75.9608 -13.3429 31
      vertex 75.9608 -14.6571 31
      vertex 76.0278 -14.7067 31
    endloop
  endfacet
  facet normal -0 0 1
    outer loop
      vertex 75.899 -13.399 31
      vertex 75.9608 -14.6571 31
      vertex 75.9608 -13.3429 31
    endloop
  endfacet
  facet normal 0 0 1
    outer loop
      vertex 75.899 -13.399 31
      vertex 75.899 -14.601 31
      vertex 75.9608 -14.6571 31
    endloop
  endfacet
  facet normal -0 0 1
    outer loop
      vertex 75.8429 -13.4608 31
      vertex 75.899 -14.601 31
      vertex 75.899 -13.399 31
    endloop
  endfacet
  facet normal 0 0 1
    outer loop
      vertex 75.8429 -13.4608 31
      vertex 75.8429 -14.5392 31
      vertex 75.899 -14.601 31
    endloop
  endfacet
  facet normal -0 0 1
    outer loop
      vertex 75.7933 -13.5278 31
      vertex 75.8429 -14.5392 31
      vertex 75.8429 -13.4608 31
    endloop
  endfacet
  facet normal 0 0 1
    outer loop
      vertex 75.7933 -13.5278 31
      vertex 75.7933 -14.4722 31
      vertex 75.8429 -14.5392 31
    endloop
  endfacet
  facet normal -0 0 1
    outer loop
      vertex 75.7504 -13.5993 31
      vertex 75.7933 -14.4722 31
      vertex 75.7933 -13.5278 31
    endloop
  endfacet
  facet normal 0 0 1
    outer loop
      vertex 75.7504 -13.5993 31
      vertex 75.7504 -14.4007 31
      vertex 75.7933 -14.4722 31
    endloop
  endfacet
  facet normal -0 0 1
    outer loop
      vertex 75.7147 -13.6747 31
      vertex 75.7504 -14.4007 31
      vertex 75.7504 -13.5993 31
    endloop
  endfacet
  facet normal 0 0 1
    outer loop
      vertex 75.7147 -13.6747 31
      vertex 75.7147 -14.3253 31
      vertex 75.7504 -14.4007 31
    endloop
  endfacet
  facet normal -0 0 1
    outer loop
      vertex 75.6866 -13.7533 31
      vertex 75.7147 -14.3253 31
      vertex 75.7147 -13.6747 31
    endloop
  endfacet
  facet normal 0 0 1
    outer loop
      vertex 75.6866 -13.7533 31
      vertex 75.6866 -14.2467 31
      vertex 75.7147 -14.3253 31
    endloop
  endfacet
  facet normal -0 0 1
    outer loop
      vertex 75.6663 -13.8342 31
      vertex 75.6866 -14.2467 31
      vertex 75.6866 -13.7533 31
    endloop
  endfacet
  facet normal 0 0 1
    outer loop
      vertex 75.6663 -13.8342 31
      vertex 75.6663 -14.1658 31
      vertex 75.6866 -14.2467 31
    endloop
  endfacet
  facet normal -0 0 1
    outer loop
      vertex 75.6541 -13.9167 31
      vertex 75.6663 -14.1658 31
      vertex 75.6663 -13.8342 31
    endloop
  endfacet
  facet normal 0 0 1
    outer loop
      vertex 75.6541 -13.9167 31
      vertex 75.6541 -14.0833 31
      vertex 75.6663 -14.1658 31
    endloop
  endfacet
  facet normal 0 -0 1
    outer loop
      vertex 75.6541 -14.0833 31
      vertex 75.6541 -13.9167 31
      vertex 75.65 -14 31
    endloop
  endfacet
  facet normal 0.803727 0.594998 0
    outer loop
      vertex 75.8429 13.4608 41
      vertex 75.7933 13.5278 31
      vertex 75.7933 13.5278 41
    endloop
  endfacet
  facet normal 0.803727 0.594998 0
    outer loop
      vertex 75.7933 13.5278 31
      vertex 75.8429 13.4608 41
      vertex 75.8429 13.4608 31
    endloop
  endfacet
  facet normal -0.672136 -0.740428 0
    outer loop
      vertex 77.0392 14.6571 31
      vertex 77.101 14.601 41
      vertex 77.0392 14.6571 41
    endloop
  endfacet
  facet normal -0.672136 -0.740428 -0
    outer loop
      vertex 77.101 14.601 41
      vertex 77.0392 14.6571 31
      vertex 77.101 14.601 31
    endloop
  endfacet
  facet normal 0.0491602 -0.998791 0
    outer loop
      vertex 76.4167 14.8459 31
      vertex 76.5 14.85 41
      vertex 76.4167 14.8459 41
    endloop
  endfacet
  facet normal 0.0491602 -0.998791 0
    outer loop
      vertex 76.5 14.85 41
      vertex 76.4167 14.8459 31
      vertex 76.5 14.85 31
    endloop
  endfacet
  facet normal -0.941633 -0.33664 0
    outer loop
      vertex 77.3134 14.2467 31
      vertex 77.2853 14.3253 41
      vertex 77.2853 14.3253 31
    endloop
  endfacet
  facet normal -0.941633 -0.33664 0
    outer loop
      vertex 77.2853 14.3253 41
      vertex 77.3134 14.2467 31
      vertex 77.3134 14.2467 41
    endloop
  endfacet
  facet normal -0.146288 -0.989242 0
    outer loop
      vertex 76.5833 14.8459 31
      vertex 76.6658 14.8337 41
      vertex 76.5833 14.8459 41
    endloop
  endfacet
  facet normal -0.146288 -0.989242 -0
    outer loop
      vertex 76.6658 14.8337 41
      vertex 76.5833 14.8459 31
      vertex 76.6658 14.8337 31
    endloop
  endfacet
  facet normal -0.903811 0.427932 0
    outer loop
      vertex 77.2496 13.5993 31
      vertex 77.2853 13.6747 41
      vertex 77.2853 13.6747 31
    endloop
  endfacet
  facet normal -0.903811 0.427932 0
    outer loop
      vertex 77.2853 13.6747 41
      vertex 77.2496 13.5993 31
      vertex 77.2496 13.5993 41
    endloop
  endfacet
  facet normal -0.427932 -0.903811 0
    outer loop
      vertex 76.8253 14.7853 31
      vertex 76.9007 14.7496 41
      vertex 76.8253 14.7853 41
    endloop
  endfacet
  facet normal -0.427932 -0.903811 -0
    outer loop
      vertex 76.9007 14.7496 41
      vertex 76.8253 14.7853 31
      vertex 76.9007 14.7496 31
    endloop
  endfacet
  facet normal -0.989242 -0.146288 0
    outer loop
      vertex 77.3459 14.0833 31
      vertex 77.3337 14.1658 41
      vertex 77.3337 14.1658 31
    endloop
  endfacet
  facet normal -0.989242 -0.146288 0
    outer loop
      vertex 77.3337 14.1658 41
      vertex 77.3459 14.0833 31
      vertex 77.3459 14.0833 41
    endloop
  endfacet
  facet normal -0.514496 0.857493 0
    outer loop
      vertex 76.9722 13.2933 31
      vertex 76.9007 13.2504 41
      vertex 76.9722 13.2933 41
    endloop
  endfacet
  facet normal -0.514496 0.857493 0
    outer loop
      vertex 76.9007 13.2504 41
      vertex 76.9722 13.2933 31
      vertex 76.9007 13.2504 31
    endloop
  endfacet
  facet normal 0.989242 -0.146288 0
    outer loop
      vertex 75.6541 14.0833 41
      vertex 75.6663 14.1658 31
      vertex 75.6663 14.1658 41
    endloop
  endfacet
  facet normal 0.989242 -0.146288 0
    outer loop
      vertex 75.6663 14.1658 31
      vertex 75.6541 14.0833 41
      vertex 75.6541 14.0833 31
    endloop
  endfacet
  facet normal -0.903811 -0.427932 0
    outer loop
      vertex 77.2853 14.3253 31
      vertex 77.2496 14.4007 41
      vertex 77.2496 14.4007 31
    endloop
  endfacet
  facet normal -0.903811 -0.427932 0
    outer loop
      vertex 77.2496 14.4007 41
      vertex 77.2853 14.3253 31
      vertex 77.2853 14.3253 41
    endloop
  endfacet
  facet normal 0.33664 -0.941633 0
    outer loop
      vertex 76.1747 14.7853 31
      vertex 76.2533 14.8134 41
      vertex 76.1747 14.7853 41
    endloop
  endfacet
  facet normal 0.33664 -0.941633 0
    outer loop
      vertex 76.2533 14.8134 41
      vertex 76.1747 14.7853 31
      vertex 76.2533 14.8134 31
    endloop
  endfacet
  facet normal -0.989242 0.146288 0
    outer loop
      vertex 77.3337 13.8342 31
      vertex 77.3459 13.9167 41
      vertex 77.3459 13.9167 31
    endloop
  endfacet
  facet normal -0.989242 0.146288 0
    outer loop
      vertex 77.3459 13.9167 41
      vertex 77.3337 13.8342 31
      vertex 77.3337 13.8342 41
    endloop
  endfacet
  facet normal -0.857493 -0.514496 0
    outer loop
      vertex 77.2496 14.4007 31
      vertex 77.2067 14.4722 41
      vertex 77.2067 14.4722 31
    endloop
  endfacet
  facet normal -0.857493 -0.514496 0
    outer loop
      vertex 77.2067 14.4722 41
      vertex 77.2496 14.4007 31
      vertex 77.2496 14.4007 41
    endloop
  endfacet
  facet normal 0.969931 0.243382 0
    outer loop
      vertex 75.6866 13.7533 41
      vertex 75.6663 13.8342 31
      vertex 75.6663 13.8342 41
    endloop
  endfacet
  facet normal 0.969931 0.243382 0
    outer loop
      vertex 75.6663 13.8342 31
      vertex 75.6866 13.7533 41
      vertex 75.6866 13.7533 31
    endloop
  endfacet
  facet normal 0.969931 -0.243382 0
    outer loop
      vertex 75.6663 14.1658 41
      vertex 75.6866 14.2467 31
      vertex 75.6866 14.2467 41
    endloop
  endfacet
  facet normal 0.969931 -0.243382 0
    outer loop
      vertex 75.6866 14.2467 31
      vertex 75.6663 14.1658 41
      vertex 75.6663 14.1658 31
    endloop
  endfacet
  facet normal -0.998791 -0.0491602 0
    outer loop
      vertex 77.35 14 31
      vertex 77.3459 14.0833 41
      vertex 77.3459 14.0833 31
    endloop
  endfacet
  facet normal -0.998791 -0.0491602 0
    outer loop
      vertex 77.3459 14.0833 41
      vertex 77.35 14 31
      vertex 77.35 14 41
    endloop
  endfacet
  facet normal 0.146288 -0.989242 0
    outer loop
      vertex 76.3342 14.8337 31
      vertex 76.4167 14.8459 41
      vertex 76.3342 14.8337 41
    endloop
  endfacet
  facet normal 0.146288 -0.989242 0
    outer loop
      vertex 76.4167 14.8459 41
      vertex 76.3342 14.8337 31
      vertex 76.4167 14.8459 31
    endloop
  endfacet
  facet normal 0.243382 0.969931 -0
    outer loop
      vertex 76.3342 13.1663 31
      vertex 76.2533 13.1866 41
      vertex 76.3342 13.1663 41
    endloop
  endfacet
  facet normal 0.243382 0.969931 0
    outer loop
      vertex 76.2533 13.1866 41
      vertex 76.3342 13.1663 31
      vertex 76.2533 13.1866 31
    endloop
  endfacet
  facet normal -0.0491602 0.998791 0
    outer loop
      vertex 76.5833 13.1541 31
      vertex 76.5 13.15 41
      vertex 76.5833 13.1541 41
    endloop
  endfacet
  facet normal -0.0491602 0.998791 0
    outer loop
      vertex 76.5 13.15 41
      vertex 76.5833 13.1541 31
      vertex 76.5 13.15 31
    endloop
  endfacet
  facet normal -0.998791 0.0491602 0
    outer loop
      vertex 77.3459 13.9167 31
      vertex 77.35 14 41
      vertex 77.35 14 31
    endloop
  endfacet
  facet normal -0.998791 0.0491602 0
    outer loop
      vertex 77.35 14 41
      vertex 77.3459 13.9167 31
      vertex 77.3459 13.9167 41
    endloop
  endfacet
  facet normal -0.969931 -0.243382 0
    outer loop
      vertex 77.3337 14.1658 31
      vertex 77.3134 14.2467 41
      vertex 77.3134 14.2467 31
    endloop
  endfacet
  facet normal -0.969931 -0.243382 0
    outer loop
      vertex 77.3134 14.2467 41
      vertex 77.3337 14.1658 31
      vertex 77.3337 14.1658 41
    endloop
  endfacet
  facet normal -0.740428 -0.672136 0
    outer loop
      vertex 77.1571 14.5392 31
      vertex 77.101 14.601 41
      vertex 77.101 14.601 31
    endloop
  endfacet
  facet normal -0.740428 -0.672136 0
    outer loop
      vertex 77.101 14.601 41
      vertex 77.1571 14.5392 31
      vertex 77.1571 14.5392 41
    endloop
  endfacet
  facet normal -0.0491602 -0.998791 0
    outer loop
      vertex 76.5 14.85 31
      vertex 76.5833 14.8459 41
      vertex 76.5 14.85 41
    endloop
  endfacet
  facet normal -0.0491602 -0.998791 -0
    outer loop
      vertex 76.5833 14.8459 41
      vertex 76.5 14.85 31
      vertex 76.5833 14.8459 31
    endloop
  endfacet
  facet normal 0.740428 -0.672136 0
    outer loop
      vertex 75.8429 14.5392 41
      vertex 75.899 14.601 31
      vertex 75.899 14.601 41
    endloop
  endfacet
  facet normal 0.740428 -0.672136 0
    outer loop
      vertex 75.899 14.601 31
      vertex 75.8429 14.5392 41
      vertex 75.8429 14.5392 31
    endloop
  endfacet
  facet normal -0.427932 0.903811 0
    outer loop
      vertex 76.9007 13.2504 31
      vertex 76.8253 13.2147 41
      vertex 76.9007 13.2504 41
    endloop
  endfacet
  facet normal -0.427932 0.903811 0
    outer loop
      vertex 76.8253 13.2147 41
      vertex 76.9007 13.2504 31
      vertex 76.8253 13.2147 31
    endloop
  endfacet
  facet normal 0.672136 0.740428 -0
    outer loop
      vertex 75.9608 13.3429 31
      vertex 75.899 13.399 41
      vertex 75.9608 13.3429 41
    endloop
  endfacet
  facet normal 0.672136 0.740428 0
    outer loop
      vertex 75.899 13.399 41
      vertex 75.9608 13.3429 31
      vertex 75.899 13.399 31
    endloop
  endfacet
  facet normal -0.857493 0.514496 0
    outer loop
      vertex 77.2067 13.5278 31
      vertex 77.2496 13.5993 41
      vertex 77.2496 13.5993 31
    endloop
  endfacet
  facet normal -0.857493 0.514496 0
    outer loop
      vertex 77.2496 13.5993 41
      vertex 77.2067 13.5278 31
      vertex 77.2067 13.5278 41
    endloop
  endfacet
  facet normal 0.941633 -0.33664 0
    outer loop
      vertex 75.6866 14.2467 41
      vertex 75.7147 14.3253 31
      vertex 75.7147 14.3253 41
    endloop
  endfacet
  facet normal 0.941633 -0.33664 0
    outer loop
      vertex 75.7147 14.3253 31
      vertex 75.6866 14.2467 41
      vertex 75.6866 14.2467 31
    endloop
  endfacet
  facet normal -0.243382 -0.969931 0
    outer loop
      vertex 76.6658 14.8337 31
      vertex 76.7467 14.8134 41
      vertex 76.6658 14.8337 41
    endloop
  endfacet
  facet normal -0.243382 -0.969931 -0
    outer loop
      vertex 76.7467 14.8134 41
      vertex 76.6658 14.8337 31
      vertex 76.7467 14.8134 31
    endloop
  endfacet
  facet normal 0.803727 -0.594998 0
    outer loop
      vertex 75.7933 14.4722 41
      vertex 75.8429 14.5392 31
      vertex 75.8429 14.5392 41
    endloop
  endfacet
  facet normal 0.803727 -0.594998 0
    outer loop
      vertex 75.8429 14.5392 31
      vertex 75.7933 14.4722 41
      vertex 75.7933 14.4722 31
    endloop
  endfacet
  facet normal 0.427932 0.903811 -0
    outer loop
      vertex 76.1747 13.2147 31
      vertex 76.0993 13.2504 41
      vertex 76.1747 13.2147 41
    endloop
  endfacet
  facet normal 0.427932 0.903811 0
    outer loop
      vertex 76.0993 13.2504 41
      vertex 76.1747 13.2147 31
      vertex 76.0993 13.2504 31
    endloop
  endfacet
  facet normal 0.243382 -0.969931 0
    outer loop
      vertex 76.2533 14.8134 31
      vertex 76.3342 14.8337 41
      vertex 76.2533 14.8134 41
    endloop
  endfacet
  facet normal 0.243382 -0.969931 0
    outer loop
      vertex 76.3342 14.8337 41
      vertex 76.2533 14.8134 31
      vertex 76.3342 14.8337 31
    endloop
  endfacet
  facet normal 0.594998 -0.803727 0
    outer loop
      vertex 75.9608 14.6571 31
      vertex 76.0278 14.7067 41
      vertex 75.9608 14.6571 41
    endloop
  endfacet
  facet normal 0.594998 -0.803727 0
    outer loop
      vertex 76.0278 14.7067 41
      vertex 75.9608 14.6571 31
      vertex 76.0278 14.7067 31
    endloop
  endfacet
  facet normal -0.941633 0.33664 0
    outer loop
      vertex 77.2853 13.6747 31
      vertex 77.3134 13.7533 41
      vertex 77.3134 13.7533 31
    endloop
  endfacet
  facet normal -0.941633 0.33664 0
    outer loop
      vertex 77.3134 13.7533 41
      vertex 77.2853 13.6747 31
      vertex 77.2853 13.6747 41
    endloop
  endfacet
  facet normal 0.146288 0.989242 -0
    outer loop
      vertex 76.4167 13.1541 31
      vertex 76.3342 13.1663 41
      vertex 76.4167 13.1541 41
    endloop
  endfacet
  facet normal 0.146288 0.989242 0
    outer loop
      vertex 76.3342 13.1663 41
      vertex 76.4167 13.1541 31
      vertex 76.3342 13.1663 31
    endloop
  endfacet
  facet normal -0.594998 -0.803727 0
    outer loop
      vertex 76.9722 14.7067 31
      vertex 77.0392 14.6571 41
      vertex 76.9722 14.7067 41
    endloop
  endfacet
  facet normal -0.594998 -0.803727 -0
    outer loop
      vertex 77.0392 14.6571 41
      vertex 76.9722 14.7067 31
      vertex 77.0392 14.6571 31
    endloop
  endfacet
  facet normal -0.146288 0.989242 0
    outer loop
      vertex 76.6658 13.1663 31
      vertex 76.5833 13.1541 41
      vertex 76.6658 13.1663 41
    endloop
  endfacet
  facet normal -0.146288 0.989242 0
    outer loop
      vertex 76.5833 13.1541 41
      vertex 76.6658 13.1663 31
      vertex 76.5833 13.1541 31
    endloop
  endfacet
  facet normal -0.33664 -0.941633 0
    outer loop
      vertex 76.7467 14.8134 31
      vertex 76.8253 14.7853 41
      vertex 76.7467 14.8134 41
    endloop
  endfacet
  facet normal -0.33664 -0.941633 -0
    outer loop
      vertex 76.8253 14.7853 41
      vertex 76.7467 14.8134 31
      vertex 76.8253 14.7853 31
    endloop
  endfacet
  facet normal -0.803727 -0.594998 0
    outer loop
      vertex 77.2067 14.4722 31
      vertex 77.1571 14.5392 41
      vertex 77.1571 14.5392 31
    endloop
  endfacet
  facet normal -0.803727 -0.594998 0
    outer loop
      vertex 77.1571 14.5392 41
      vertex 77.2067 14.4722 31
      vertex 77.2067 14.4722 41
    endloop
  endfacet
  facet normal 0.672136 -0.740428 0
    outer loop
      vertex 75.899 14.601 31
      vertex 75.9608 14.6571 41
      vertex 75.899 14.601 41
    endloop
  endfacet
  facet normal 0.672136 -0.740428 0
    outer loop
      vertex 75.9608 14.6571 41
      vertex 75.899 14.601 31
      vertex 75.9608 14.6571 31
    endloop
  endfacet
  facet normal -0.514496 -0.857493 0
    outer loop
      vertex 76.9007 14.7496 31
      vertex 76.9722 14.7067 41
      vertex 76.9007 14.7496 41
    endloop
  endfacet
  facet normal -0.514496 -0.857493 -0
    outer loop
      vertex 76.9722 14.7067 41
      vertex 76.9007 14.7496 31
      vertex 76.9722 14.7067 31
    endloop
  endfacet
  facet normal 0.33664 0.941633 -0
    outer loop
      vertex 76.2533 13.1866 31
      vertex 76.1747 13.2147 41
      vertex 76.2533 13.1866 41
    endloop
  endfacet
  facet normal 0.33664 0.941633 0
    outer loop
      vertex 76.1747 13.2147 41
      vertex 76.2533 13.1866 31
      vertex 76.1747 13.2147 31
    endloop
  endfacet
  facet normal 0.998791 -0.0491602 0
    outer loop
      vertex 75.65 14 41
      vertex 75.6541 14.0833 31
      vertex 75.6541 14.0833 41
    endloop
  endfacet
  facet normal 0.998791 -0.0491602 0
    outer loop
      vertex 75.6541 14.0833 31
      vertex 75.65 14 41
      vertex 75.65 14 31
    endloop
  endfacet
  facet normal 0 0 1
    outer loop
      vertex 77.3459 14.0833 31
      vertex 77.3459 13.9167 31
      vertex 77.35 14 31
    endloop
  endfacet
  facet normal 0 0 1
    outer loop
      vertex 77.3337 14.1658 31
      vertex 77.3459 13.9167 31
      vertex 77.3459 14.0833 31
    endloop
  endfacet
  facet normal 0 0 1
    outer loop
      vertex 77.3337 14.1658 31
      vertex 77.3337 13.8342 31
      vertex 77.3459 13.9167 31
    endloop
  endfacet
  facet normal 0 0 1
    outer loop
      vertex 77.3134 14.2467 31
      vertex 77.3337 13.8342 31
      vertex 77.3337 14.1658 31
    endloop
  endfacet
  facet normal 0 0 1
    outer loop
      vertex 77.3134 14.2467 31
      vertex 77.3134 13.7533 31
      vertex 77.3337 13.8342 31
    endloop
  endfacet
  facet normal 0 0 1
    outer loop
      vertex 77.2853 14.3253 31
      vertex 77.3134 13.7533 31
      vertex 77.3134 14.2467 31
    endloop
  endfacet
  facet normal 0 0 1
    outer loop
      vertex 77.2853 14.3253 31
      vertex 77.2853 13.6747 31
      vertex 77.3134 13.7533 31
    endloop
  endfacet
  facet normal 0 0 1
    outer loop
      vertex 77.2496 14.4007 31
      vertex 77.2853 13.6747 31
      vertex 77.2853 14.3253 31
    endloop
  endfacet
  facet normal 0 0 1
    outer loop
      vertex 77.2496 14.4007 31
      vertex 77.2496 13.5993 31
      vertex 77.2853 13.6747 31
    endloop
  endfacet
  facet normal 0 0 1
    outer loop
      vertex 77.2067 14.4722 31
      vertex 77.2496 13.5993 31
      vertex 77.2496 14.4007 31
    endloop
  endfacet
  facet normal 0 0 1
    outer loop
      vertex 77.2067 14.4722 31
      vertex 77.2067 13.5278 31
      vertex 77.2496 13.5993 31
    endloop
  endfacet
  facet normal 0 0 1
    outer loop
      vertex 77.1571 14.5392 31
      vertex 77.2067 13.5278 31
      vertex 77.2067 14.4722 31
    endloop
  endfacet
  facet normal 0 0 1
    outer loop
      vertex 77.1571 14.5392 31
      vertex 77.1571 13.4608 31
      vertex 77.2067 13.5278 31
    endloop
  endfacet
  facet normal 0 0 1
    outer loop
      vertex 77.101 14.601 31
      vertex 77.1571 13.4608 31
      vertex 77.1571 14.5392 31
    endloop
  endfacet
  facet normal 0 0 1
    outer loop
      vertex 77.101 14.601 31
      vertex 77.101 13.399 31
      vertex 77.1571 13.4608 31
    endloop
  endfacet
  facet normal 0 0 1
    outer loop
      vertex 77.0392 14.6571 31
      vertex 77.101 13.399 31
      vertex 77.101 14.601 31
    endloop
  endfacet
  facet normal 0 0 1
    outer loop
      vertex 77.0392 14.6571 31
      vertex 77.0392 13.3429 31
      vertex 77.101 13.399 31
    endloop
  endfacet
  facet normal 0 0 1
    outer loop
      vertex 76.9722 14.7067 31
      vertex 77.0392 13.3429 31
      vertex 77.0392 14.6571 31
    endloop
  endfacet
  facet normal 0 0 1
    outer loop
      vertex 76.9722 14.7067 31
      vertex 76.9722 13.2933 31
      vertex 77.0392 13.3429 31
    endloop
  endfacet
  facet normal 0 0 1
    outer loop
      vertex 76.9007 14.7496 31
      vertex 76.9722 13.2933 31
      vertex 76.9722 14.7067 31
    endloop
  endfacet
  facet normal 0 0 1
    outer loop
      vertex 76.9007 14.7496 31
      vertex 76.9007 13.2504 31
      vertex 76.9722 13.2933 31
    endloop
  endfacet
  facet normal 0 0 1
    outer loop
      vertex 76.8253 14.7853 31
      vertex 76.9007 13.2504 31
      vertex 76.9007 14.7496 31
    endloop
  endfacet
  facet normal 0 0 1
    outer loop
      vertex 76.8253 14.7853 31
      vertex 76.8253 13.2147 31
      vertex 76.9007 13.2504 31
    endloop
  endfacet
  facet normal 0 0 1
    outer loop
      vertex 76.7467 14.8134 31
      vertex 76.8253 13.2147 31
      vertex 76.8253 14.7853 31
    endloop
  endfacet
  facet normal 0 0 1
    outer loop
      vertex 76.7467 14.8134 31
      vertex 76.7467 13.1866 31
      vertex 76.8253 13.2147 31
    endloop
  endfacet
  facet normal 0 0 1
    outer loop
      vertex 76.6658 14.8337 31
      vertex 76.7467 13.1866 31
      vertex 76.7467 14.8134 31
    endloop
  endfacet
  facet normal 0 0 1
    outer loop
      vertex 76.6658 14.8337 31
      vertex 76.6658 13.1663 31
      vertex 76.7467 13.1866 31
    endloop
  endfacet
  facet normal 0 0 1
    outer loop
      vertex 76.5833 14.8459 31
      vertex 76.6658 13.1663 31
      vertex 76.6658 14.8337 31
    endloop
  endfacet
  facet normal 0 0 1
    outer loop
      vertex 76.5833 14.8459 31
      vertex 76.5833 13.1541 31
      vertex 76.6658 13.1663 31
    endloop
  endfacet
  facet normal 0 0 1
    outer loop
      vertex 76.5 14.85 31
      vertex 76.5833 13.1541 31
      vertex 76.5833 14.8459 31
    endloop
  endfacet
  facet normal 0 0 1
    outer loop
      vertex 76.5 14.85 31
      vertex 76.5 13.15 31
      vertex 76.5833 13.1541 31
    endloop
  endfacet
  facet normal -0 0 1
    outer loop
      vertex 76.4167 14.8459 31
      vertex 76.5 13.15 31
      vertex 76.5 14.85 31
    endloop
  endfacet
  facet normal 0 0 1
    outer loop
      vertex 76.4167 14.8459 31
      vertex 76.4167 13.1541 31
      vertex 76.5 13.15 31
    endloop
  endfacet
  facet normal -0 0 1
    outer loop
      vertex 76.3342 14.8337 31
      vertex 76.4167 13.1541 31
      vertex 76.4167 14.8459 31
    endloop
  endfacet
  facet normal 0 0 1
    outer loop
      vertex 76.3342 14.8337 31
      vertex 76.3342 13.1663 31
      vertex 76.4167 13.1541 31
    endloop
  endfacet
  facet normal -0 0 1
    outer loop
      vertex 76.2533 14.8134 31
      vertex 76.3342 13.1663 31
      vertex 76.3342 14.8337 31
    endloop
  endfacet
  facet normal 0 0 1
    outer loop
      vertex 76.2533 14.8134 31
      vertex 76.2533 13.1866 31
      vertex 76.3342 13.1663 31
    endloop
  endfacet
  facet normal -0 0 1
    outer loop
      vertex 76.1747 14.7853 31
      vertex 76.2533 13.1866 31
      vertex 76.2533 14.8134 31
    endloop
  endfacet
  facet normal 0 0 1
    outer loop
      vertex 76.1747 14.7853 31
      vertex 76.1747 13.2147 31
      vertex 76.2533 13.1866 31
    endloop
  endfacet
  facet normal -0 0 1
    outer loop
      vertex 76.0993 14.7496 31
      vertex 76.1747 13.2147 31
      vertex 76.1747 14.7853 31
    endloop
  endfacet
  facet normal 0 0 1
    outer loop
      vertex 76.0993 14.7496 31
      vertex 76.0993 13.2504 31
      vertex 76.1747 13.2147 31
    endloop
  endfacet
  facet normal -0 0 1
    outer loop
      vertex 76.0278 14.7067 31
      vertex 76.0993 13.2504 31
      vertex 76.0993 14.7496 31
    endloop
  endfacet
  facet normal 0 0 1
    outer loop
      vertex 76.0278 14.7067 31
      vertex 76.0278 13.2933 31
      vertex 76.0993 13.2504 31
    endloop
  endfacet
  facet normal -0 0 1
    outer loop
      vertex 75.9608 14.6571 31
      vertex 76.0278 13.2933 31
      vertex 76.0278 14.7067 31
    endloop
  endfacet
  facet normal 0 0 1
    outer loop
      vertex 75.9608 14.6571 31
      vertex 75.9608 13.3429 31
      vertex 76.0278 13.2933 31
    endloop
  endfacet
  facet normal -0 0 1
    outer loop
      vertex 75.899 14.601 31
      vertex 75.9608 13.3429 31
      vertex 75.9608 14.6571 31
    endloop
  endfacet
  facet normal 0 0 1
    outer loop
      vertex 75.899 14.601 31
      vertex 75.899 13.399 31
      vertex 75.9608 13.3429 31
    endloop
  endfacet
  facet normal -0 0 1
    outer loop
      vertex 75.8429 14.5392 31
      vertex 75.899 13.399 31
      vertex 75.899 14.601 31
    endloop
  endfacet
  facet normal 0 0 1
    outer loop
      vertex 75.8429 14.5392 31
      vertex 75.8429 13.4608 31
      vertex 75.899 13.399 31
    endloop
  endfacet
  facet normal -0 0 1
    outer loop
      vertex 75.7933 14.4722 31
      vertex 75.8429 13.4608 31
      vertex 75.8429 14.5392 31
    endloop
  endfacet
  facet normal 0 0 1
    outer loop
      vertex 75.7933 14.4722 31
      vertex 75.7933 13.5278 31
      vertex 75.8429 13.4608 31
    endloop
  endfacet
  facet normal -0 0 1
    outer loop
      vertex 75.7504 14.4007 31
      vertex 75.7933 13.5278 31
      vertex 75.7933 14.4722 31
    endloop
  endfacet
  facet normal 0 0 1
    outer loop
      vertex 75.7504 14.4007 31
      vertex 75.7504 13.5993 31
      vertex 75.7933 13.5278 31
    endloop
  endfacet
  facet normal -0 0 1
    outer loop
      vertex 75.7147 14.3253 31
      vertex 75.7504 13.5993 31
      vertex 75.7504 14.4007 31
    endloop
  endfacet
  facet normal 0 0 1
    outer loop
      vertex 75.7147 14.3253 31
      vertex 75.7147 13.6747 31
      vertex 75.7504 13.5993 31
    endloop
  endfacet
  facet normal -0 0 1
    outer loop
      vertex 75.6866 14.2467 31
      vertex 75.7147 13.6747 31
      vertex 75.7147 14.3253 31
    endloop
  endfacet
  facet normal 0 0 1
    outer loop
      vertex 75.6866 14.2467 31
      vertex 75.6866 13.7533 31
      vertex 75.7147 13.6747 31
    endloop
  endfacet
  facet normal -0 0 1
    outer loop
      vertex 75.6663 14.1658 31
      vertex 75.6866 13.7533 31
      vertex 75.6866 14.2467 31
    endloop
  endfacet
  facet normal 0 0 1
    outer loop
      vertex 75.6663 14.1658 31
      vertex 75.6663 13.8342 31
      vertex 75.6866 13.7533 31
    endloop
  endfacet
  facet normal -0 0 1
    outer loop
      vertex 75.6541 14.0833 31
      vertex 75.6663 13.8342 31
      vertex 75.6663 14.1658 31
    endloop
  endfacet
  facet normal 0 0 1
    outer loop
      vertex 75.6541 14.0833 31
      vertex 75.6541 13.9167 31
      vertex 75.6663 13.8342 31
    endloop
  endfacet
  facet normal 0 -0 1
    outer loop
      vertex 75.6541 13.9167 31
      vertex 75.6541 14.0833 31
      vertex 75.65 14 31
    endloop
  endfacet
  facet normal 0.740428 0.672136 0
    outer loop
      vertex 75.899 13.399 41
      vertex 75.8429 13.4608 31
      vertex 75.8429 13.4608 41
    endloop
  endfacet
  facet normal 0.740428 0.672136 0
    outer loop
      vertex 75.8429 13.4608 31
      vertex 75.899 13.399 41
      vertex 75.899 13.399 31
    endloop
  endfacet
  facet normal -0.740428 0.672136 0
    outer loop
      vertex 77.101 13.399 31
      vertex 77.1571 13.4608 41
      vertex 77.1571 13.4608 31
    endloop
  endfacet
  facet normal -0.740428 0.672136 0
    outer loop
      vertex 77.1571 13.4608 41
      vertex 77.101 13.399 31
      vertex 77.101 13.399 41
    endloop
  endfacet
  facet normal 0.941633 0.33664 0
    outer loop
      vertex 75.7147 13.6747 41
      vertex 75.6866 13.7533 31
      vertex 75.6866 13.7533 41
    endloop
  endfacet
  facet normal 0.941633 0.33664 0
    outer loop
      vertex 75.6866 13.7533 31
      vertex 75.7147 13.6747 41
      vertex 75.7147 13.6747 31
    endloop
  endfacet
  facet normal 0.427932 -0.903811 0
    outer loop
      vertex 76.0993 14.7496 31
      vertex 76.1747 14.7853 41
      vertex 76.0993 14.7496 41
    endloop
  endfacet
  facet normal 0.427932 -0.903811 0
    outer loop
      vertex 76.1747 14.7853 41
      vertex 76.0993 14.7496 31
      vertex 76.1747 14.7853 31
    endloop
  endfacet
  facet normal 0.903811 0.427932 0
    outer loop
      vertex 75.7504 13.5993 41
      vertex 75.7147 13.6747 31
      vertex 75.7147 13.6747 41
    endloop
  endfacet
  facet normal 0.903811 0.427932 0
    outer loop
      vertex 75.7147 13.6747 31
      vertex 75.7504 13.5993 41
      vertex 75.7504 13.5993 31
    endloop
  endfacet
  facet normal 0.998791 0.0491602 0
    outer loop
      vertex 75.6541 13.9167 41
      vertex 75.65 14 31
      vertex 75.65 14 41
    endloop
  endfacet
  facet normal 0.998791 0.0491602 0
    outer loop
      vertex 75.65 14 31
      vertex 75.6541 13.9167 41
      vertex 75.6541 13.9167 31
    endloop
  endfacet
  facet normal -0.969931 0.243382 0
    outer loop
      vertex 77.3134 13.7533 31
      vertex 77.3337 13.8342 41
      vertex 77.3337 13.8342 31
    endloop
  endfacet
  facet normal -0.969931 0.243382 0
    outer loop
      vertex 77.3337 13.8342 41
      vertex 77.3134 13.7533 31
      vertex 77.3134 13.7533 41
    endloop
  endfacet
  facet normal 0.857493 0.514496 0
    outer loop
      vertex 75.7933 13.5278 41
      vertex 75.7504 13.5993 31
      vertex 75.7504 13.5993 41
    endloop
  endfacet
  facet normal 0.857493 0.514496 0
    outer loop
      vertex 75.7504 13.5993 31
      vertex 75.7933 13.5278 41
      vertex 75.7933 13.5278 31
    endloop
  endfacet
  facet normal -0.803727 0.594998 0
    outer loop
      vertex 77.1571 13.4608 31
      vertex 77.2067 13.5278 41
      vertex 77.2067 13.5278 31
    endloop
  endfacet
  facet normal -0.803727 0.594998 0
    outer loop
      vertex 77.2067 13.5278 41
      vertex 77.1571 13.4608 31
      vertex 77.1571 13.4608 41
    endloop
  endfacet
  facet normal 0.594998 0.803727 -0
    outer loop
      vertex 76.0278 13.2933 31
      vertex 75.9608 13.3429 41
      vertex 76.0278 13.2933 41
    endloop
  endfacet
  facet normal 0.594998 0.803727 0
    outer loop
      vertex 75.9608 13.3429 41
      vertex 76.0278 13.2933 31
      vertex 75.9608 13.3429 31
    endloop
  endfacet
  facet normal 0.0491602 0.998791 -0
    outer loop
      vertex 76.5 13.15 31
      vertex 76.4167 13.1541 41
      vertex 76.5 13.15 41
    endloop
  endfacet
  facet normal 0.0491602 0.998791 0
    outer loop
      vertex 76.4167 13.1541 41
      vertex 76.5 13.15 31
      vertex 76.4167 13.1541 31
    endloop
  endfacet
  facet normal -0.594998 0.803727 0
    outer loop
      vertex 77.0392 13.3429 31
      vertex 76.9722 13.2933 41
      vertex 77.0392 13.3429 41
    endloop
  endfacet
  facet normal -0.594998 0.803727 0
    outer loop
      vertex 76.9722 13.2933 41
      vertex 77.0392 13.3429 31
      vertex 76.9722 13.2933 31
    endloop
  endfacet
  facet normal 0.989242 0.146288 0
    outer loop
      vertex 75.6663 13.8342 41
      vertex 75.6541 13.9167 31
      vertex 75.6541 13.9167 41
    endloop
  endfacet
  facet normal 0.989242 0.146288 0
    outer loop
      vertex 75.6541 13.9167 31
      vertex 75.6663 13.8342 41
      vertex 75.6663 13.8342 31
    endloop
  endfacet
  facet normal 0.857493 -0.514496 0
    outer loop
      vertex 75.7504 14.4007 41
      vertex 75.7933 14.4722 31
      vertex 75.7933 14.4722 41
    endloop
  endfacet
  facet normal 0.857493 -0.514496 0
    outer loop
      vertex 75.7933 14.4722 31
      vertex 75.7504 14.4007 41
      vertex 75.7504 14.4007 31
    endloop
  endfacet
  facet normal -0.672136 0.740428 0
    outer loop
      vertex 77.101 13.399 31
      vertex 77.0392 13.3429 41
      vertex 77.101 13.399 41
    endloop
  endfacet
  facet normal -0.672136 0.740428 0
    outer loop
      vertex 77.0392 13.3429 41
      vertex 77.101 13.399 31
      vertex 77.0392 13.3429 31
    endloop
  endfacet
  facet normal 0.514496 -0.857493 0
    outer loop
      vertex 76.0278 14.7067 31
      vertex 76.0993 14.7496 41
      vertex 76.0278 14.7067 41
    endloop
  endfacet
  facet normal 0.514496 -0.857493 0
    outer loop
      vertex 76.0993 14.7496 41
      vertex 76.0278 14.7067 31
      vertex 76.0993 14.7496 31
    endloop
  endfacet
  facet normal -0.33664 0.941633 0
    outer loop
      vertex 76.8253 13.2147 31
      vertex 76.7467 13.1866 41
      vertex 76.8253 13.2147 41
    endloop
  endfacet
  facet normal -0.33664 0.941633 0
    outer loop
      vertex 76.7467 13.1866 41
      vertex 76.8253 13.2147 31
      vertex 76.7467 13.1866 31
    endloop
  endfacet
  facet normal -0.243382 0.969931 0
    outer loop
      vertex 76.7467 13.1866 31
      vertex 76.6658 13.1663 41
      vertex 76.7467 13.1866 41
    endloop
  endfacet
  facet normal -0.243382 0.969931 0
    outer loop
      vertex 76.6658 13.1663 41
      vertex 76.7467 13.1866 31
      vertex 76.6658 13.1663 31
    endloop
  endfacet
  facet normal 0.903811 -0.427932 0
    outer loop
      vertex 75.7147 14.3253 41
      vertex 75.7504 14.4007 31
      vertex 75.7504 14.4007 41
    endloop
  endfacet
  facet normal 0.903811 -0.427932 0
    outer loop
      vertex 75.7504 14.4007 31
      vertex 75.7147 14.3253 41
      vertex 75.7147 14.3253 31
    endloop
  endfacet
  facet normal 0.514496 0.857493 -0
    outer loop
      vertex 76.0993 13.2504 31
      vertex 76.0278 13.2933 41
      vertex 76.0993 13.2504 41
    endloop
  endfacet
  facet normal 0.514496 0.857493 0
    outer loop
      vertex 76.0278 13.2933 41
      vertex 76.0993 13.2504 31
      vertex 76.0278 13.2933 31
    endloop
  endfacet
  facet normal 0.707107 0.707107 0
    outer loop
      vertex -8.37922 -10.0056 10.8
      vertex -10.0056 -8.37922 9.3
      vertex -10.0056 -8.37922 10.8
    endloop
  endfacet
  facet normal 0.707107 0.707107 0
    outer loop
      vertex -10.0056 -8.37922 9.3
      vertex -8.37922 -10.0056 10.8
      vertex -8.37922 -10.0056 9.3
    endloop
  endfacet
  facet normal 0.707107 -0.707107 0
    outer loop
      vertex -10.0056 -8.37922 10.8
      vertex 8.37922 10.0056 9.3
      vertex 8.37922 10.0056 10.8
    endloop
  endfacet
  facet normal 0.707107 -0.707107 0
    outer loop
      vertex 8.37922 10.0056 9.3
      vertex -10.0056 -8.37922 10.8
      vertex -10.0056 -8.37922 9.3
    endloop
  endfacet
  facet normal 0 0 1
    outer loop
      vertex 8.37922 10.0056 9.3
      vertex -8.37922 -10.0056 9.3
      vertex 10.0056 8.37922 9.3
    endloop
  endfacet
  facet normal 0 -0 1
    outer loop
      vertex -8.37922 -10.0056 9.3
      vertex 8.37922 10.0056 9.3
      vertex -10.0056 -8.37922 9.3
    endloop
  endfacet
  facet normal -0.707107 0.707107 0
    outer loop
      vertex -8.37922 -10.0056 9.3
      vertex 10.0056 8.37922 10.8
      vertex 10.0056 8.37922 9.3
    endloop
  endfacet
  facet normal -0.707107 0.707107 0
    outer loop
      vertex 10.0056 8.37922 10.8
      vertex -8.37922 -10.0056 9.3
      vertex -8.37922 -10.0056 10.8
    endloop
  endfacet
  facet normal -0.707107 -0.707107 0
    outer loop
      vertex 10.0056 8.37922 9.3
      vertex 8.37922 10.0056 10.8
      vertex 8.37922 10.0056 9.3
    endloop
  endfacet
  facet normal -0.707107 -0.707107 0
    outer loop
      vertex 8.37922 10.0056 10.8
      vertex 10.0056 8.37922 9.3
      vertex 10.0056 8.37922 10.8
    endloop
  endfacet
  facet normal 0 -0.514103 0.857728
    outer loop
      vertex 15.8 9.61136 7.61559
      vertex 20.2 8.15515 6.74277
      vertex 20.2 9.61136 7.61559
    endloop
  endfacet
  facet normal 0 -0.514103 0.857728
    outer loop
      vertex 20.2 8.15515 6.74277
      vertex 15.8 9.61136 7.61559
      vertex 15.8 8.15515 6.74277
    endloop
  endfacet
  facet normal -0 0.671574 0.740938
    outer loop
      vertex 15.8 -10.975 8.62692
      vertex 20.2 -12.2329 9.76706
      vertex 20.2 -10.975 8.62692
    endloop
  endfacet
  facet normal 0 0.671574 0.740938
    outer loop
      vertex 20.2 -12.2329 9.76706
      vertex 15.8 -10.975 8.62692
      vertex 15.8 -12.2329 9.76706
    endloop
  endfacet
  facet normal 0 0.740931 0.671581
    outer loop
      vertex 20.2 -12.2329 9.76706
      vertex 15.8 -13.3731 11.025
      vertex 20.2 -13.3731 11.025
    endloop
  endfacet
  facet normal 0 0.740931 0.671581
    outer loop
      vertex 15.8 -13.3731 11.025
      vertex 20.2 -12.2329 9.76706
      vertex 15.8 -12.2329 9.76706
    endloop
  endfacet
  facet normal 0 -0.595694 0.803212
    outer loop
      vertex 15.8 10.975 8.62692
      vertex 20.2 9.61136 7.61559
      vertex 20.2 10.975 8.62692
    endloop
  endfacet
  facet normal 0 -0.595694 0.803212
    outer loop
      vertex 20.2 9.61136 7.61559
      vertex 15.8 10.975 8.62692
      vertex 15.8 9.61136 7.61559
    endloop
  endfacet
  facet normal 0 1 -0
    outer loop
      vertex 20.2 -17.3 22
      vertex 15.8 -17.3 41
      vertex 20.2 -17.3 41
    endloop
  endfacet
  facet normal 0 1 0
    outer loop
      vertex 15.8 -17.3 41
      vertex 20.2 -17.3 22
      vertex 15.8 -17.3 22
    endloop
  endfacet
  facet normal 0 0.857732 0.514097
    outer loop
      vertex 20.2 -14.3844 12.3886
      vertex 15.8 -15.2572 13.8448
      vertex 20.2 -15.2572 13.8448
    endloop
  endfacet
  facet normal 0 0.857732 0.514097
    outer loop
      vertex 15.8 -15.2572 13.8448
      vertex 20.2 -14.3844 12.3886
      vertex 15.8 -14.3844 12.3886
    endloop
  endfacet
  facet normal 0 -0.671574 0.740938
    outer loop
      vertex 15.8 12.2329 9.76706
      vertex 20.2 10.975 8.62692
      vertex 20.2 12.2329 9.76706
    endloop
  endfacet
  facet normal 0 -0.671574 0.740938
    outer loop
      vertex 20.2 10.975 8.62692
      vertex 15.8 12.2329 9.76706
      vertex 15.8 10.975 8.62692
    endloop
  endfacet
  facet normal -0 0.595694 0.803212
    outer loop
      vertex 15.8 -9.61136 7.61559
      vertex 20.2 -10.975 8.62692
      vertex 20.2 -9.61136 7.61559
    endloop
  endfacet
  facet normal 0 0.595694 0.803212
    outer loop
      vertex 20.2 -10.975 8.62692
      vertex 15.8 -9.61136 7.61559
      vertex 15.8 -10.975 8.62692
    endloop
  endfacet
  facet normal 0 -0.998796 0.0490651
    outer loop
      vertex 15.8 17.2167 20.3043
      vertex 20.2 17.3 22
      vertex 15.8 17.3 22
    endloop
  endfacet
  facet normal 0 -0.998796 0.0490651
    outer loop
      vertex 20.2 17.3 22
      vertex 15.8 17.2167 20.3043
      vertex 20.2 17.2167 20.3043
    endloop
  endfacet
  facet normal -0 0.427558 0.903988
    outer loop
      vertex 15.8 -6.62042 6.01689
      vertex 20.2 -8.15515 6.74277
      vertex 20.2 -6.62042 6.01689
    endloop
  endfacet
  facet normal 0 0.427558 0.903988
    outer loop
      vertex 20.2 -8.15515 6.74277
      vertex 15.8 -6.62042 6.01689
      vertex 15.8 -8.15515 6.74277
    endloop
  endfacet
  facet normal 0 0.941535 0.336915
    outer loop
      vertex 20.2 -15.9831 15.3796
      vertex 15.8 -16.5551 16.9781
      vertex 20.2 -16.5551 16.9781
    endloop
  endfacet
  facet normal 0 0.941535 0.336915
    outer loop
      vertex 15.8 -16.5551 16.9781
      vertex 20.2 -15.9831 15.3796
      vertex 15.8 -15.9831 15.3796
    endloop
  endfacet
  facet normal 0 -0.14673 0.989177
    outer loop
      vertex 15.8 3.37506 5.03242
      vertex 20.2 1.69569 4.78331
      vertex 20.2 3.37506 5.03242
    endloop
  endfacet
  facet normal 0 -0.14673 0.989177
    outer loop
      vertex 20.2 1.69569 4.78331
      vertex 15.8 3.37506 5.03242
      vertex 15.8 1.69569 4.78331
    endloop
  endfacet
  facet normal 0 -0.903991 0.427552
    outer loop
      vertex 15.8 15.2572 13.8448
      vertex 20.2 15.9831 15.3796
      vertex 15.8 15.9831 15.3796
    endloop
  endfacet
  facet normal 0 -0.903991 0.427552
    outer loop
      vertex 20.2 15.9831 15.3796
      vertex 15.8 15.2572 13.8448
      vertex 20.2 15.2572 13.8448
    endloop
  endfacet
  facet normal 0 -0.857732 0.514097
    outer loop
      vertex 15.8 14.3844 12.3886
      vertex 20.2 15.2572 13.8448
      vertex 15.8 15.2572 13.8448
    endloop
  endfacet
  facet normal 0 -0.857732 0.514097
    outer loop
      vertex 20.2 15.2572 13.8448
      vertex 15.8 14.3844 12.3886
      vertex 20.2 14.3844 12.3886
    endloop
  endfacet
  facet normal 0 -1 0
    outer loop
      vertex 15.8 17.3 22
      vertex 20.2 17.3 41
      vertex 15.8 17.3 41
    endloop
  endfacet
  facet normal 0 -1 -0
    outer loop
      vertex 20.2 17.3 41
      vertex 15.8 17.3 22
      vertex 20.2 17.3 22
    endloop
  endfacet
  facet normal 0 -0.0490654 0.998796
    outer loop
      vertex 15.8 1.69569 4.78331
      vertex 20.2 0 4.70001
      vertex 20.2 1.69569 4.78331
    endloop
  endfacet
  facet normal 0 -0.0490654 0.998796
    outer loop
      vertex 20.2 0 4.70001
      vertex 15.8 1.69569 4.78331
      vertex 15.8 0 4.70001
    endloop
  endfacet
  facet normal 0 0.903991 0.427552
    outer loop
      vertex 20.2 -15.2572 13.8448
      vertex 15.8 -15.9831 15.3796
      vertex 20.2 -15.9831 15.3796
    endloop
  endfacet
  facet normal 0 0.903991 0.427552
    outer loop
      vertex 15.8 -15.9831 15.3796
      vertex 20.2 -15.2572 13.8448
      vertex 15.8 -15.2572 13.8448
    endloop
  endfacet
  facet normal 0 -0.941535 0.336915
    outer loop
      vertex 15.8 15.9831 15.3796
      vertex 20.2 16.5551 16.9781
      vertex 15.8 16.5551 16.9781
    endloop
  endfacet
  facet normal 0 -0.941535 0.336915
    outer loop
      vertex 20.2 16.5551 16.9781
      vertex 15.8 15.9831 15.3796
      vertex 20.2 15.9831 15.3796
    endloop
  endfacet
  facet normal 0 0.998796 0.0490651
    outer loop
      vertex 20.2 -17.2167 20.3043
      vertex 15.8 -17.3 22
      vertex 20.2 -17.3 22
    endloop
  endfacet
  facet normal 0 0.998796 0.0490651
    outer loop
      vertex 15.8 -17.3 22
      vertex 20.2 -17.2167 20.3043
      vertex 15.8 -17.2167 20.3043
    endloop
  endfacet
  facet normal 0 -0.740931 0.671581
    outer loop
      vertex 15.8 12.2329 9.76706
      vertex 20.2 13.3731 11.025
      vertex 15.8 13.3731 11.025
    endloop
  endfacet
  facet normal 0 -0.740931 0.671581
    outer loop
      vertex 20.2 13.3731 11.025
      vertex 15.8 12.2329 9.76706
      vertex 20.2 12.2329 9.76706
    endloop
  endfacet
  facet normal 0 -0.970032 0.242979
    outer loop
      vertex 15.8 16.5551 16.9781
      vertex 20.2 16.9676 18.6249
      vertex 15.8 16.9676 18.6249
    endloop
  endfacet
  facet normal 0 -0.970032 0.242979
    outer loop
      vertex 20.2 16.9676 18.6249
      vertex 15.8 16.5551 16.9781
      vertex 20.2 16.5551 16.9781
    endloop
  endfacet
  facet normal 0 -0.427558 0.903988
    outer loop
      vertex 15.8 8.15515 6.74277
      vertex 20.2 6.62042 6.01689
      vertex 20.2 8.15515 6.74277
    endloop
  endfacet
  facet normal 0 -0.427558 0.903988
    outer loop
      vertex 20.2 6.62042 6.01689
      vertex 15.8 8.15515 6.74277
      vertex 15.8 6.62042 6.01689
    endloop
  endfacet
  facet normal 0 0.989178 0.146722
    outer loop
      vertex 20.2 -16.9676 18.6249
      vertex 15.8 -17.2167 20.3043
      vertex 20.2 -17.2167 20.3043
    endloop
  endfacet
  facet normal 0 0.989178 0.146722
    outer loop
      vertex 15.8 -17.2167 20.3043
      vertex 20.2 -16.9676 18.6249
      vertex 15.8 -16.9676 18.6249
    endloop
  endfacet
  facet normal -1 0 0
    outer loop
      vertex 20.2 17.2167 20.3043
      vertex 20.2 15.6244 20.4611
      vertex 20.2 15.7 22
    endloop
  endfacet
  facet normal -1 0 0
    outer loop
      vertex 20.2 16.5551 16.9781
      vertex 20.2 15.3983 18.9371
      vertex 20.2 15.6244 20.4611
    endloop
  endfacet
  facet normal -1 0 0
    outer loop
      vertex 20.2 14.5049 15.9919
      vertex 20.2 15.9831 15.3796
      vertex 20.2 15.2572 13.8448
    endloop
  endfacet
  facet normal -1 0 0
    outer loop
      vertex 20.2 16.5551 16.9781
      vertex 20.2 15.024 17.4425
      vertex 20.2 15.3983 18.9371
    endloop
  endfacet
  facet normal -1 0 0
    outer loop
      vertex 20.2 15.9831 15.3796
      vertex 20.2 14.5049 15.9919
      vertex 20.2 15.024 17.4425
    endloop
  endfacet
  facet normal -1 0 0
    outer loop
      vertex 20.2 13.8462 14.5991
      vertex 20.2 15.2572 13.8448
      vertex 20.2 14.3844 12.3886
    endloop
  endfacet
  facet normal -1 0 0
    outer loop
      vertex 20.2 15.2572 13.8448
      vertex 20.2 13.8462 14.5991
      vertex 20.2 14.5049 15.9919
    endloop
  endfacet
  facet normal -1 0 0
    outer loop
      vertex 20.2 13.0541 13.2776
      vertex 20.2 14.3844 12.3886
      vertex 20.2 13.3731 11.025
    endloop
  endfacet
  facet normal -1 0 0
    outer loop
      vertex 20.2 14.3844 12.3886
      vertex 20.2 13.0541 13.2776
      vertex 20.2 13.8462 14.5991
    endloop
  endfacet
  facet normal -1 0 0
    outer loop
      vertex 20.2 12.1363 12.04
      vertex 20.2 13.3731 11.025
      vertex 20.2 12.2329 9.76706
    endloop
  endfacet
  facet normal -1 0 0
    outer loop
      vertex 20.2 13.3731 11.025
      vertex 20.2 12.1363 12.04
      vertex 20.2 13.0541 13.2776
    endloop
  endfacet
  facet normal -1 0 0
    outer loop
      vertex 20.2 12.2329 9.76706
      vertex 20.2 11.1016 10.8984
      vertex 20.2 12.1363 12.04
    endloop
  endfacet
  facet normal -1 0 0
    outer loop
      vertex 20.2 10.975 8.62692
      vertex 20.2 11.1016 10.8984
      vertex 20.2 12.2329 9.76706
    endloop
  endfacet
  facet normal -1 0 0
    outer loop
      vertex 20.2 10.975 8.62692
      vertex 20.2 9.95996 9.86374
      vertex 20.2 11.1016 10.8984
    endloop
  endfacet
  facet normal -1 0 0
    outer loop
      vertex 20.2 9.61136 7.61559
      vertex 20.2 9.95996 9.86374
      vertex 20.2 10.975 8.62692
    endloop
  endfacet
  facet normal -1 0 0
    outer loop
      vertex 20.2 9.61136 7.61559
      vertex 20.2 8.72244 8.94594
      vertex 20.2 9.95996 9.86374
    endloop
  endfacet
  facet normal -1 0 0
    outer loop
      vertex 20.2 8.15515 6.74277
      vertex 20.2 8.72244 8.94594
      vertex 20.2 9.61136 7.61559
    endloop
  endfacet
  facet normal -1 0 0
    outer loop
      vertex 20.2 8.15515 6.74277
      vertex 20.2 7.40092 8.15384
      vertex 20.2 8.72244 8.94594
    endloop
  endfacet
  facet normal -1 0 0
    outer loop
      vertex 20.2 6.62042 6.01689
      vertex 20.2 7.40092 8.15384
      vertex 20.2 8.15515 6.74277
    endloop
  endfacet
  facet normal -1 0 0
    outer loop
      vertex 20.2 6.62042 6.01689
      vertex 20.2 6.00812 7.4951
      vertex 20.2 7.40092 8.15384
    endloop
  endfacet
  facet normal -1 0 0
    outer loop
      vertex 20.2 5.02191 5.44495
      vertex 20.2 6.00812 7.4951
      vertex 20.2 6.62042 6.01689
    endloop
  endfacet
  facet normal -1 0 0
    outer loop
      vertex 20.2 5.02191 5.44495
      vertex 20.2 4.55746 6.97604
      vertex 20.2 6.00812 7.4951
    endloop
  endfacet
  facet normal -1 0 0
    outer loop
      vertex 20.2 3.37506 5.03242
      vertex 20.2 4.55746 6.97604
      vertex 20.2 5.02191 5.44495
    endloop
  endfacet
  facet normal -1 0 0
    outer loop
      vertex 20.2 3.37506 5.03242
      vertex 20.2 3.06291 6.60168
      vertex 20.2 4.55746 6.97604
    endloop
  endfacet
  facet normal -1 0 0
    outer loop
      vertex 20.2 1.69569 4.78331
      vertex 20.2 3.06291 6.60168
      vertex 20.2 3.37506 5.03242
    endloop
  endfacet
  facet normal -1 0 0
    outer loop
      vertex 20.2 1.69569 4.78331
      vertex 20.2 1.53886 6.37561
      vertex 20.2 3.06291 6.60168
    endloop
  endfacet
  facet normal -1 0 0
    outer loop
      vertex 20.2 0 4.70001
      vertex 20.2 1.53886 6.37561
      vertex 20.2 1.69569 4.78331
    endloop
  endfacet
  facet normal -1 0 0
    outer loop
      vertex 20.2 0 4.70001
      vertex 20.2 0 6.3
      vertex 20.2 1.53886 6.37561
    endloop
  endfacet
  facet normal -1 0 0
    outer loop
      vertex 20.2 0 4.70001
      vertex 20.2 -1.53886 6.37561
      vertex 20.2 0 6.3
    endloop
  endfacet
  facet normal -1 0 0
    outer loop
      vertex 20.2 -1.69569 4.78331
      vertex 20.2 -1.53886 6.37561
      vertex 20.2 0 4.70001
    endloop
  endfacet
  facet normal -1 0 0
    outer loop
      vertex 20.2 -1.69569 4.78331
      vertex 20.2 -3.06291 6.60168
      vertex 20.2 -1.53886 6.37561
    endloop
  endfacet
  facet normal -1 0 0
    outer loop
      vertex 20.2 -3.37506 5.03242
      vertex 20.2 -3.06291 6.60168
      vertex 20.2 -1.69569 4.78331
    endloop
  endfacet
  facet normal -1 0 0
    outer loop
      vertex 20.2 -3.37506 5.03242
      vertex 20.2 -4.55746 6.97604
      vertex 20.2 -3.06291 6.60168
    endloop
  endfacet
  facet normal -1 0 0
    outer loop
      vertex 20.2 -5.02191 5.44495
      vertex 20.2 -4.55746 6.97604
      vertex 20.2 -3.37506 5.03242
    endloop
  endfacet
  facet normal -1 0 0
    outer loop
      vertex 20.2 -5.02191 5.44495
      vertex 20.2 -6.00812 7.4951
      vertex 20.2 -4.55746 6.97604
    endloop
  endfacet
  facet normal -1 0 0
    outer loop
      vertex 20.2 -6.62042 6.01689
      vertex 20.2 -6.00812 7.4951
      vertex 20.2 -5.02191 5.44495
    endloop
  endfacet
  facet normal -1 0 0
    outer loop
      vertex 20.2 -6.62042 6.01689
      vertex 20.2 -7.40092 8.15384
      vertex 20.2 -6.00812 7.4951
    endloop
  endfacet
  facet normal -1 0 0
    outer loop
      vertex 20.2 -8.15515 6.74277
      vertex 20.2 -7.40092 8.15384
      vertex 20.2 -6.62042 6.01689
    endloop
  endfacet
  facet normal -1 0 0
    outer loop
      vertex 20.2 -8.15515 6.74277
      vertex 20.2 -8.72244 8.94594
      vertex 20.2 -7.40092 8.15384
    endloop
  endfacet
  facet normal -1 0 0
    outer loop
      vertex 20.2 -9.61136 7.61559
      vertex 20.2 -8.72244 8.94594
      vertex 20.2 -8.15515 6.74277
    endloop
  endfacet
  facet normal -1 0 0
    outer loop
      vertex 20.2 -9.61136 7.61559
      vertex 20.2 -9.95996 9.86374
      vertex 20.2 -8.72244 8.94594
    endloop
  endfacet
  facet normal -1 0 0
    outer loop
      vertex 20.2 -10.975 8.62692
      vertex 20.2 -9.95996 9.86374
      vertex 20.2 -9.61136 7.61559
    endloop
  endfacet
  facet normal -1 0 0
    outer loop
      vertex 20.2 -10.975 8.62692
      vertex 20.2 -11.1016 10.8984
      vertex 20.2 -9.95996 9.86374
    endloop
  endfacet
  facet normal -1 0 0
    outer loop
      vertex 20.2 -12.2329 9.76706
      vertex 20.2 -11.1016 10.8984
      vertex 20.2 -10.975 8.62692
    endloop
  endfacet
  facet normal -1 -0 0
    outer loop
      vertex 20.2 -11.1016 10.8984
      vertex 20.2 -12.2329 9.76706
      vertex 20.2 -12.1363 12.04
    endloop
  endfacet
  facet normal -1 0 0
    outer loop
      vertex 20.2 -13.3731 11.025
      vertex 20.2 -12.1363 12.04
      vertex 20.2 -12.2329 9.76706
    endloop
  endfacet
  facet normal -1 -0 0
    outer loop
      vertex 20.2 -12.1363 12.04
      vertex 20.2 -13.3731 11.025
      vertex 20.2 -13.0541 13.2776
    endloop
  endfacet
  facet normal -1 0 0
    outer loop
      vertex 20.2 -14.3844 12.3886
      vertex 20.2 -13.0541 13.2776
      vertex 20.2 -13.3731 11.025
    endloop
  endfacet
  facet normal -1 -0 0
    outer loop
      vertex 20.2 -13.0541 13.2776
      vertex 20.2 -14.3844 12.3886
      vertex 20.2 -13.8462 14.5991
    endloop
  endfacet
  facet normal -1 0 0
    outer loop
      vertex 20.2 -15.2572 13.8448
      vertex 20.2 -13.8462 14.5991
      vertex 20.2 -14.3844 12.3886
    endloop
  endfacet
  facet normal -1 -0 0
    outer loop
      vertex 20.2 -13.8462 14.5991
      vertex 20.2 -15.2572 13.8448
      vertex 20.2 -14.5049 15.9919
    endloop
  endfacet
  facet normal -1 0 0
    outer loop
      vertex 20.2 -15.9831 15.3796
      vertex 20.2 -14.5049 15.9919
      vertex 20.2 -15.2572 13.8448
    endloop
  endfacet
  facet normal -1 -0 0
    outer loop
      vertex 20.2 -14.5049 15.9919
      vertex 20.2 -15.9831 15.3796
      vertex 20.2 -15.024 17.4425
    endloop
  endfacet
  facet normal -1 0 0
    outer loop
      vertex 20.2 -16.5551 16.9781
      vertex 20.2 -15.024 17.4425
      vertex 20.2 -15.9831 15.3796
    endloop
  endfacet
  facet normal -1 -0 0
    outer loop
      vertex 20.2 -15.024 17.4425
      vertex 20.2 -16.5551 16.9781
      vertex 20.2 -15.3983 18.9371
    endloop
  endfacet
  facet normal -1 0 0
    outer loop
      vertex 20.2 -16.9676 18.6249
      vertex 20.2 -15.3983 18.9371
      vertex 20.2 -16.5551 16.9781
    endloop
  endfacet
  facet normal -1 -0 0
    outer loop
      vertex 20.2 -15.3983 18.9371
      vertex 20.2 -16.9676 18.6249
      vertex 20.2 -15.6244 20.4611
    endloop
  endfacet
  facet normal -1 0 0
    outer loop
      vertex 20.2 -17.2167 20.3043
      vertex 20.2 -15.6244 20.4611
      vertex 20.2 -16.9676 18.6249
    endloop
  endfacet
  facet normal -1 -0 0
    outer loop
      vertex 20.2 -15.6244 20.4611
      vertex 20.2 -17.2167 20.3043
      vertex 20.2 -15.7 22
    endloop
  endfacet
  facet normal -1 -0 0
    outer loop
      vertex 20.2 -15.7 22
      vertex 20.2 -17.2167 20.3043
      vertex 20.2 -17.3 22
    endloop
  endfacet
  facet normal -1 0 0
    outer loop
      vertex 20.2 -15.7 22
      vertex 20.2 -17.3 22
      vertex 20.2 -15.7 41
    endloop
  endfacet
  facet normal -1 -0 0
    outer loop
      vertex 20.2 -15.7 41
      vertex 20.2 -17.3 22
      vertex 20.2 -17.3 41
    endloop
  endfacet
  facet normal -1 0 0
    outer loop
      vertex 20.2 15.7 22
      vertex 20.2 17.3 22
      vertex 20.2 17.2167 20.3043
    endloop
  endfacet
  facet normal -1 0 0
    outer loop
      vertex 20.2 15.6244 20.4611
      vertex 20.2 17.2167 20.3043
      vertex 20.2 16.9676 18.6249
    endloop
  endfacet
  facet normal -1 0 0
    outer loop
      vertex 20.2 15.6244 20.4611
      vertex 20.2 16.9676 18.6249
      vertex 20.2 16.5551 16.9781
    endloop
  endfacet
  facet normal -1 0 0
    outer loop
      vertex 20.2 15.024 17.4425
      vertex 20.2 16.5551 16.9781
      vertex 20.2 15.9831 15.3796
    endloop
  endfacet
  facet normal -1 0 0
    outer loop
      vertex 20.2 17.3 22
      vertex 20.2 15.7 22
      vertex 20.2 17.3 41
    endloop
  endfacet
  facet normal -1 -0 0
    outer loop
      vertex 20.2 17.3 41
      vertex 20.2 15.7 22
      vertex 20.2 15.7 41
    endloop
  endfacet
  facet normal -0 0.242989 0.970029
    outer loop
      vertex 15.8 -3.37506 5.03242
      vertex 20.2 -5.02191 5.44495
      vertex 20.2 -3.37506 5.03242
    endloop
  endfacet
  facet normal 0 0.242989 0.970029
    outer loop
      vertex 20.2 -5.02191 5.44495
      vertex 15.8 -3.37506 5.03242
      vertex 15.8 -5.02191 5.44495
    endloop
  endfacet
  facet normal 0 -0.336881 0.941547
    outer loop
      vertex 15.8 6.62042 6.01689
      vertex 20.2 5.02191 5.44495
      vertex 20.2 6.62042 6.01689
    endloop
  endfacet
  facet normal 0 -0.336881 0.941547
    outer loop
      vertex 20.2 5.02191 5.44495
      vertex 15.8 6.62042 6.01689
      vertex 15.8 5.02191 5.44495
    endloop
  endfacet
  facet normal -0 0.0490654 0.998796
    outer loop
      vertex 15.8 0 4.70001
      vertex 20.2 -1.69569 4.78331
      vertex 20.2 0 4.70001
    endloop
  endfacet
  facet normal 0 0.0490654 0.998796
    outer loop
      vertex 20.2 -1.69569 4.78331
      vertex 15.8 0 4.70001
      vertex 15.8 -1.69569 4.78331
    endloop
  endfacet
  facet normal -0 0.336881 0.941547
    outer loop
      vertex 15.8 -5.02191 5.44495
      vertex 20.2 -6.62042 6.01689
      vertex 20.2 -5.02191 5.44495
    endloop
  endfacet
  facet normal 0 0.336881 0.941547
    outer loop
      vertex 20.2 -6.62042 6.01689
      vertex 15.8 -5.02191 5.44495
      vertex 15.8 -6.62042 6.01689
    endloop
  endfacet
  facet normal 0 0.803212 0.595694
    outer loop
      vertex 20.2 -13.3731 11.025
      vertex 15.8 -14.3844 12.3886
      vertex 20.2 -14.3844 12.3886
    endloop
  endfacet
  facet normal 0 0.803212 0.595694
    outer loop
      vertex 15.8 -14.3844 12.3886
      vertex 20.2 -13.3731 11.025
      vertex 15.8 -13.3731 11.025
    endloop
  endfacet
  facet normal -0 0.514103 0.857728
    outer loop
      vertex 15.8 -8.15515 6.74277
      vertex 20.2 -9.61136 7.61559
      vertex 20.2 -8.15515 6.74277
    endloop
  endfacet
  facet normal 0 0.514103 0.857728
    outer loop
      vertex 20.2 -9.61136 7.61559
      vertex 15.8 -8.15515 6.74277
      vertex 15.8 -9.61136 7.61559
    endloop
  endfacet
  facet normal 0 -0.803212 0.595694
    outer loop
      vertex 15.8 13.3731 11.025
      vertex 20.2 14.3844 12.3886
      vertex 15.8 14.3844 12.3886
    endloop
  endfacet
  facet normal 0 -0.803212 0.595694
    outer loop
      vertex 20.2 14.3844 12.3886
      vertex 15.8 13.3731 11.025
      vertex 20.2 13.3731 11.025
    endloop
  endfacet
  facet normal 0 -0.989178 0.146722
    outer loop
      vertex 15.8 16.9676 18.6249
      vertex 20.2 17.2167 20.3043
      vertex 15.8 17.2167 20.3043
    endloop
  endfacet
  facet normal 0 -0.989178 0.146722
    outer loop
      vertex 20.2 17.2167 20.3043
      vertex 15.8 16.9676 18.6249
      vertex 20.2 16.9676 18.6249
    endloop
  endfacet
  facet normal 0 0.970032 0.242979
    outer loop
      vertex 20.2 -16.5551 16.9781
      vertex 15.8 -16.9676 18.6249
      vertex 20.2 -16.9676 18.6249
    endloop
  endfacet
  facet normal 0 0.970032 0.242979
    outer loop
      vertex 15.8 -16.9676 18.6249
      vertex 20.2 -16.5551 16.9781
      vertex 15.8 -16.5551 16.9781
    endloop
  endfacet
  facet normal 1 0 0
    outer loop
      vertex 15.8 -17.3 22
      vertex 15.8 -15.7 22
      vertex 15.8 -15.7 41
    endloop
  endfacet
  facet normal 1 0 -0
    outer loop
      vertex 15.8 -17.2167 20.3043
      vertex 15.8 -15.7 22
      vertex 15.8 -17.3 22
    endloop
  endfacet
  facet normal 1 0 0
    outer loop
      vertex 15.8 -15.7 22
      vertex 15.8 -16.5551 16.9781
      vertex 15.8 -15.9831 15.3796
    endloop
  endfacet
  facet normal 1 0 0
    outer loop
      vertex 15.8 -15.7 22
      vertex 15.8 -16.9676 18.6249
      vertex 15.8 -16.5551 16.9781
    endloop
  endfacet
  facet normal 1 0 0
    outer loop
      vertex 15.8 -17.3 22
      vertex 15.8 -15.7 41
      vertex 15.8 -17.3 41
    endloop
  endfacet
  facet normal 1 0 0
    outer loop
      vertex 15.8 -15.7 22
      vertex 15.8 -17.2167 20.3043
      vertex 15.8 -16.9676 18.6249
    endloop
  endfacet
  facet normal 1 0 0
    outer loop
      vertex 15.8 15.7 22
      vertex 15.8 17.3 22
      vertex 15.8 17.3 41
    endloop
  endfacet
  facet normal 1 0 0
    outer loop
      vertex 15.8 17.3 22
      vertex 15.8 15.7 22
      vertex 15.8 17.2167 20.3043
    endloop
  endfacet
  facet normal 1 -0 0
    outer loop
      vertex 15.8 15.6244 20.4611
      vertex 15.8 17.2167 20.3043
      vertex 15.8 15.7 22
    endloop
  endfacet
  facet normal 1 0 0
    outer loop
      vertex 15.8 17.2167 20.3043
      vertex 15.8 15.6244 20.4611
      vertex 15.8 16.9676 18.6249
    endloop
  endfacet
  facet normal 1 0 0
    outer loop
      vertex 15.8 15.7 22
      vertex 15.8 17.3 41
      vertex 15.8 15.7 41
    endloop
  endfacet
  facet normal 1 -0 0
    outer loop
      vertex 15.8 15.3983 18.9371
      vertex 15.8 16.9676 18.6249
      vertex 15.8 15.6244 20.4611
    endloop
  endfacet
  facet normal 1 0 0
    outer loop
      vertex 15.8 16.9676 18.6249
      vertex 15.8 15.3983 18.9371
      vertex 15.8 16.5551 16.9781
    endloop
  endfacet
  facet normal 1 -0 0
    outer loop
      vertex 15.8 15.024 17.4425
      vertex 15.8 16.5551 16.9781
      vertex 15.8 15.3983 18.9371
    endloop
  endfacet
  facet normal 1 0 0
    outer loop
      vertex 15.8 16.5551 16.9781
      vertex 15.8 15.024 17.4425
      vertex 15.8 15.9831 15.3796
    endloop
  endfacet
  facet normal 1 -0 0
    outer loop
      vertex 15.8 14.5049 15.9919
      vertex 15.8 15.9831 15.3796
      vertex 15.8 15.024 17.4425
    endloop
  endfacet
  facet normal 1 0 0
    outer loop
      vertex 15.8 15.9831 15.3796
      vertex 15.8 14.5049 15.9919
      vertex 15.8 15.2572 13.8448
    endloop
  endfacet
  facet normal 1 -0 0
    outer loop
      vertex 15.8 13.8462 14.5991
      vertex 15.8 15.2572 13.8448
      vertex 15.8 14.5049 15.9919
    endloop
  endfacet
  facet normal 1 0 0
    outer loop
      vertex 15.8 15.2572 13.8448
      vertex 15.8 13.8462 14.5991
      vertex 15.8 14.3844 12.3886
    endloop
  endfacet
  facet normal 1 -0 0
    outer loop
      vertex 15.8 13.0541 13.2776
      vertex 15.8 14.3844 12.3886
      vertex 15.8 13.8462 14.5991
    endloop
  endfacet
  facet normal 1 0 0
    outer loop
      vertex 15.8 14.3844 12.3886
      vertex 15.8 13.0541 13.2776
      vertex 15.8 13.3731 11.025
    endloop
  endfacet
  facet normal 1 -0 0
    outer loop
      vertex 15.8 12.1363 12.04
      vertex 15.8 13.3731 11.025
      vertex 15.8 13.0541 13.2776
    endloop
  endfacet
  facet normal 1 0 0
    outer loop
      vertex 15.8 13.3731 11.025
      vertex 15.8 12.1363 12.04
      vertex 15.8 12.2329 9.76706
    endloop
  endfacet
  facet normal 1 -0 0
    outer loop
      vertex 15.8 11.1016 10.8984
      vertex 15.8 12.2329 9.76706
      vertex 15.8 12.1363 12.04
    endloop
  endfacet
  facet normal 1 0 0
    outer loop
      vertex 15.8 11.1016 10.8984
      vertex 15.8 10.975 8.62692
      vertex 15.8 12.2329 9.76706
    endloop
  endfacet
  facet normal 1 -0 0
    outer loop
      vertex 15.8 9.95996 9.86374
      vertex 15.8 10.975 8.62692
      vertex 15.8 11.1016 10.8984
    endloop
  endfacet
  facet normal 1 0 0
    outer loop
      vertex 15.8 9.95996 9.86374
      vertex 15.8 9.61136 7.61559
      vertex 15.8 10.975 8.62692
    endloop
  endfacet
  facet normal 1 -0 0
    outer loop
      vertex 15.8 8.72244 8.94594
      vertex 15.8 9.61136 7.61559
      vertex 15.8 9.95996 9.86374
    endloop
  endfacet
  facet normal 1 0 0
    outer loop
      vertex 15.8 8.72244 8.94594
      vertex 15.8 8.15515 6.74277
      vertex 15.8 9.61136 7.61559
    endloop
  endfacet
  facet normal 1 -0 0
    outer loop
      vertex 15.8 7.40092 8.15384
      vertex 15.8 8.15515 6.74277
      vertex 15.8 8.72244 8.94594
    endloop
  endfacet
  facet normal 1 0 0
    outer loop
      vertex 15.8 7.40092 8.15384
      vertex 15.8 6.62042 6.01689
      vertex 15.8 8.15515 6.74277
    endloop
  endfacet
  facet normal 1 -0 0
    outer loop
      vertex 15.8 6.00812 7.4951
      vertex 15.8 6.62042 6.01689
      vertex 15.8 7.40092 8.15384
    endloop
  endfacet
  facet normal 1 0 0
    outer loop
      vertex 15.8 6.00812 7.4951
      vertex 15.8 5.02191 5.44495
      vertex 15.8 6.62042 6.01689
    endloop
  endfacet
  facet normal 1 -0 0
    outer loop
      vertex 15.8 4.55746 6.97604
      vertex 15.8 5.02191 5.44495
      vertex 15.8 6.00812 7.4951
    endloop
  endfacet
  facet normal 1 0 0
    outer loop
      vertex 15.8 4.55746 6.97604
      vertex 15.8 3.37506 5.03242
      vertex 15.8 5.02191 5.44495
    endloop
  endfacet
  facet normal 1 -0 0
    outer loop
      vertex 15.8 3.06291 6.60168
      vertex 15.8 3.37506 5.03242
      vertex 15.8 4.55746 6.97604
    endloop
  endfacet
  facet normal 1 0 0
    outer loop
      vertex 15.8 3.06291 6.60168
      vertex 15.8 1.69569 4.78331
      vertex 15.8 3.37506 5.03242
    endloop
  endfacet
  facet normal 1 -0 0
    outer loop
      vertex 15.8 1.53886 6.37561
      vertex 15.8 1.69569 4.78331
      vertex 15.8 3.06291 6.60168
    endloop
  endfacet
  facet normal 1 -0 0
    outer loop
      vertex 15.8 0 6.3
      vertex 15.8 1.69569 4.78331
      vertex 15.8 1.53886 6.37561
    endloop
  endfacet
  facet normal 1 0 0
    outer loop
      vertex 15.8 0 6.3
      vertex 15.8 0 4.70001
      vertex 15.8 1.69569 4.78331
    endloop
  endfacet
  facet normal 1 0 0
    outer loop
      vertex 15.8 -1.53886 6.37561
      vertex 15.8 0 4.70001
      vertex 15.8 0 6.3
    endloop
  endfacet
  facet normal 1 0 0
    outer loop
      vertex 15.8 -1.53886 6.37561
      vertex 15.8 -1.69569 4.78331
      vertex 15.8 0 4.70001
    endloop
  endfacet
  facet normal 1 0 0
    outer loop
      vertex 15.8 -3.06291 6.60168
      vertex 15.8 -1.69569 4.78331
      vertex 15.8 -1.53886 6.37561
    endloop
  endfacet
  facet normal 1 0 0
    outer loop
      vertex 15.8 -3.06291 6.60168
      vertex 15.8 -3.37506 5.03242
      vertex 15.8 -1.69569 4.78331
    endloop
  endfacet
  facet normal 1 0 0
    outer loop
      vertex 15.8 -4.55746 6.97604
      vertex 15.8 -3.37506 5.03242
      vertex 15.8 -3.06291 6.60168
    endloop
  endfacet
  facet normal 1 0 0
    outer loop
      vertex 15.8 -4.55746 6.97604
      vertex 15.8 -5.02191 5.44495
      vertex 15.8 -3.37506 5.03242
    endloop
  endfacet
  facet normal 1 0 0
    outer loop
      vertex 15.8 -6.00812 7.4951
      vertex 15.8 -5.02191 5.44495
      vertex 15.8 -4.55746 6.97604
    endloop
  endfacet
  facet normal 1 0 0
    outer loop
      vertex 15.8 -6.00812 7.4951
      vertex 15.8 -6.62042 6.01689
      vertex 15.8 -5.02191 5.44495
    endloop
  endfacet
  facet normal 1 0 0
    outer loop
      vertex 15.8 -7.40092 8.15384
      vertex 15.8 -6.62042 6.01689
      vertex 15.8 -6.00812 7.4951
    endloop
  endfacet
  facet normal 1 0 0
    outer loop
      vertex 15.8 -7.40092 8.15384
      vertex 15.8 -8.15515 6.74277
      vertex 15.8 -6.62042 6.01689
    endloop
  endfacet
  facet normal 1 0 0
    outer loop
      vertex 15.8 -8.72244 8.94594
      vertex 15.8 -8.15515 6.74277
      vertex 15.8 -7.40092 8.15384
    endloop
  endfacet
  facet normal 1 0 0
    outer loop
      vertex 15.8 -8.72244 8.94594
      vertex 15.8 -9.61136 7.61559
      vertex 15.8 -8.15515 6.74277
    endloop
  endfacet
  facet normal 1 0 0
    outer loop
      vertex 15.8 -9.95996 9.86374
      vertex 15.8 -9.61136 7.61559
      vertex 15.8 -8.72244 8.94594
    endloop
  endfacet
  facet normal 1 0 0
    outer loop
      vertex 15.8 -9.95996 9.86374
      vertex 15.8 -10.975 8.62692
      vertex 15.8 -9.61136 7.61559
    endloop
  endfacet
  facet normal 1 0 0
    outer loop
      vertex 15.8 -11.1016 10.8984
      vertex 15.8 -10.975 8.62692
      vertex 15.8 -9.95996 9.86374
    endloop
  endfacet
  facet normal 1 0 0
    outer loop
      vertex 15.8 -12.2329 9.76706
      vertex 15.8 -11.1016 10.8984
      vertex 15.8 -12.1363 12.04
    endloop
  endfacet
  facet normal 1 0 0
    outer loop
      vertex 15.8 -11.1016 10.8984
      vertex 15.8 -12.2329 9.76706
      vertex 15.8 -10.975 8.62692
    endloop
  endfacet
  facet normal 1 0 0
    outer loop
      vertex 15.8 -13.3731 11.025
      vertex 15.8 -12.1363 12.04
      vertex 15.8 -13.0541 13.2776
    endloop
  endfacet
  facet normal 1 0 0
    outer loop
      vertex 15.8 -12.1363 12.04
      vertex 15.8 -13.3731 11.025
      vertex 15.8 -12.2329 9.76706
    endloop
  endfacet
  facet normal 1 0 0
    outer loop
      vertex 15.8 -14.3844 12.3886
      vertex 15.8 -13.0541 13.2776
      vertex 15.8 -13.8462 14.5991
    endloop
  endfacet
  facet normal 1 0 0
    outer loop
      vertex 15.8 -13.0541 13.2776
      vertex 15.8 -14.3844 12.3886
      vertex 15.8 -13.3731 11.025
    endloop
  endfacet
  facet normal 1 0 0
    outer loop
      vertex 15.8 -15.2572 13.8448
      vertex 15.8 -13.8462 14.5991
      vertex 15.8 -14.5049 15.9919
    endloop
  endfacet
  facet normal 1 0 0
    outer loop
      vertex 15.8 -15.9831 15.3796
      vertex 15.8 -14.5049 15.9919
      vertex 15.8 -15.024 17.4425
    endloop
  endfacet
  facet normal 1 0 0
    outer loop
      vertex 15.8 -13.8462 14.5991
      vertex 15.8 -15.2572 13.8448
      vertex 15.8 -14.3844 12.3886
    endloop
  endfacet
  facet normal 1 0 0
    outer loop
      vertex 15.8 -15.9831 15.3796
      vertex 15.8 -15.024 17.4425
      vertex 15.8 -15.3983 18.9371
    endloop
  endfacet
  facet normal 1 0 0
    outer loop
      vertex 15.8 -15.9831 15.3796
      vertex 15.8 -15.3983 18.9371
      vertex 15.8 -15.6244 20.4611
    endloop
  endfacet
  facet normal 1 0 0
    outer loop
      vertex 15.8 -14.5049 15.9919
      vertex 15.8 -15.9831 15.3796
      vertex 15.8 -15.2572 13.8448
    endloop
  endfacet
  facet normal 1 0 0
    outer loop
      vertex 15.8 -15.9831 15.3796
      vertex 15.8 -15.6244 20.4611
      vertex 15.8 -15.7 22
    endloop
  endfacet
  facet normal -0 0.14673 0.989177
    outer loop
      vertex 15.8 -1.69569 4.78331
      vertex 20.2 -3.37506 5.03242
      vertex 20.2 -1.69569 4.78331
    endloop
  endfacet
  facet normal 0 0.14673 0.989177
    outer loop
      vertex 20.2 -3.37506 5.03242
      vertex 15.8 -1.69569 4.78331
      vertex 15.8 -3.37506 5.03242
    endloop
  endfacet
  facet normal 0 -0.242989 0.970029
    outer loop
      vertex 15.8 5.02191 5.44495
      vertex 20.2 3.37506 5.03242
      vertex 20.2 5.02191 5.44495
    endloop
  endfacet
  facet normal 0 -0.242989 0.970029
    outer loop
      vertex 20.2 3.37506 5.03242
      vertex 15.8 5.02191 5.44495
      vertex 15.8 3.37506 5.03242
    endloop
  endfacet
  facet normal -0 0.336893 0.941543
    outer loop
      vertex 15 -4.55746 6.97604
      vertex 15.8 -6.00812 7.4951
      vertex 15.8 -4.55746 6.97604
    endloop
  endfacet
  facet normal 0 0.336893 0.941543
    outer loop
      vertex 15.8 -6.00812 7.4951
      vertex 15 -4.55746 6.97604
      vertex 15 -6.00812 7.4951
    endloop
  endfacet
  facet normal -0 0.336893 0.941543
    outer loop
      vertex 20.2 -4.55746 6.97604
      vertex 21 -6.00812 7.4951
      vertex 21 -4.55746 6.97604
    endloop
  endfacet
  facet normal 0 0.336893 0.941543
    outer loop
      vertex 21 -6.00812 7.4951
      vertex 20.2 -4.55746 6.97604
      vertex 20.2 -6.00812 7.4951
    endloop
  endfacet
  facet normal 0 -0.0490746 0.998795
    outer loop
      vertex 15 1.53886 6.37561
      vertex 15.8 0 6.3
      vertex 15.8 1.53886 6.37561
    endloop
  endfacet
  facet normal 0 -0.0490746 0.998795
    outer loop
      vertex 15.8 0 6.3
      vertex 15 1.53886 6.37561
      vertex 15 0 6.3
    endloop
  endfacet
  facet normal 0 -0.0490746 0.998795
    outer loop
      vertex 20.2 1.53886 6.37561
      vertex 21 0 6.3
      vertex 21 1.53886 6.37561
    endloop
  endfacet
  facet normal 0 -0.0490746 0.998795
    outer loop
      vertex 21 0 6.3
      vertex 20.2 1.53886 6.37561
      vertex 20.2 0 6.3
    endloop
  endfacet
  facet normal 0 -0.14673 0.989177
    outer loop
      vertex 15 3.06291 6.60168
      vertex 15.8 1.53886 6.37561
      vertex 15.8 3.06291 6.60168
    endloop
  endfacet
  facet normal 0 -0.14673 0.989177
    outer loop
      vertex 15.8 1.53886 6.37561
      vertex 15 3.06291 6.60168
      vertex 15 1.53886 6.37561
    endloop
  endfacet
  facet normal 0 -0.14673 0.989177
    outer loop
      vertex 20.2 3.06291 6.60168
      vertex 21 1.53886 6.37561
      vertex 21 3.06291 6.60168
    endloop
  endfacet
  facet normal 0 -0.14673 0.989177
    outer loop
      vertex 21 1.53886 6.37561
      vertex 20.2 3.06291 6.60168
      vertex 20.2 1.53886 6.37561
    endloop
  endfacet
  facet normal 0 -0.998795 0.0490668
    outer loop
      vertex 15 15.6244 20.4611
      vertex 15.8 15.7 22
      vertex 15 15.7 22
    endloop
  endfacet
  facet normal 0 -0.998795 0.0490668
    outer loop
      vertex 15.8 15.7 22
      vertex 15 15.6244 20.4611
      vertex 15.8 15.6244 20.4611
    endloop
  endfacet
  facet normal 0 -0.998795 0.0490668
    outer loop
      vertex 20.2 15.6244 20.4611
      vertex 21 15.7 22
      vertex 20.2 15.7 22
    endloop
  endfacet
  facet normal 0 -0.998795 0.0490668
    outer loop
      vertex 21 15.7 22
      vertex 20.2 15.6244 20.4611
      vertex 21 15.6244 20.4611
    endloop
  endfacet
  facet normal 0 0.904001 0.427531
    outer loop
      vertex 15.8 -13.8462 14.5991
      vertex 15 -14.5049 15.9919
      vertex 15.8 -14.5049 15.9919
    endloop
  endfacet
  facet normal 0 0.904001 0.427531
    outer loop
      vertex 15 -14.5049 15.9919
      vertex 15.8 -13.8462 14.5991
      vertex 15 -13.8462 14.5991
    endloop
  endfacet
  facet normal 0 0.904001 0.427531
    outer loop
      vertex 21 -13.8462 14.5991
      vertex 20.2 -14.5049 15.9919
      vertex 21 -14.5049 15.9919
    endloop
  endfacet
  facet normal 0 0.904001 0.427531
    outer loop
      vertex 20.2 -14.5049 15.9919
      vertex 21 -13.8462 14.5991
      vertex 20.2 -13.8462 14.5991
    endloop
  endfacet
  facet normal 0 0.94153 0.336928
    outer loop
      vertex 15.8 -14.5049 15.9919
      vertex 15 -15.024 17.4425
      vertex 15.8 -15.024 17.4425
    endloop
  endfacet
  facet normal 0 0.94153 0.336928
    outer loop
      vertex 15 -15.024 17.4425
      vertex 15.8 -14.5049 15.9919
      vertex 15 -14.5049 15.9919
    endloop
  endfacet
  facet normal 0 0.94153 0.336928
    outer loop
      vertex 21 -14.5049 15.9919
      vertex 20.2 -15.024 17.4425
      vertex 21 -15.024 17.4425
    endloop
  endfacet
  facet normal 0 0.94153 0.336928
    outer loop
      vertex 20.2 -15.024 17.4425
      vertex 21 -14.5049 15.9919
      vertex 20.2 -14.5049 15.9919
    endloop
  endfacet
  facet normal -0 0.595696 0.80321
    outer loop
      vertex 15 -8.72244 8.94594
      vertex 15.8 -9.95996 9.86374
      vertex 15.8 -8.72244 8.94594
    endloop
  endfacet
  facet normal 0 0.595696 0.80321
    outer loop
      vertex 15.8 -9.95996 9.86374
      vertex 15 -8.72244 8.94594
      vertex 15 -9.95996 9.86374
    endloop
  endfacet
  facet normal -0 0.595696 0.80321
    outer loop
      vertex 20.2 -8.72244 8.94594
      vertex 21 -9.95996 9.86374
      vertex 21 -8.72244 8.94594
    endloop
  endfacet
  facet normal 0 0.595696 0.80321
    outer loop
      vertex 21 -9.95996 9.86374
      vertex 20.2 -8.72244 8.94594
      vertex 20.2 -9.95996 9.86374
    endloop
  endfacet
  facet normal 0 1 -0
    outer loop
      vertex 15.8 -15.7 22
      vertex 15 -15.7 41
      vertex 15.8 -15.7 41
    endloop
  endfacet
  facet normal 0 1 0
    outer loop
      vertex 15 -15.7 41
      vertex 15.8 -15.7 22
      vertex 15 -15.7 22
    endloop
  endfacet
  facet normal 0 1 -0
    outer loop
      vertex 21 -15.7 22
      vertex 20.2 -15.7 41
      vertex 21 -15.7 41
    endloop
  endfacet
  facet normal 0 1 0
    outer loop
      vertex 20.2 -15.7 41
      vertex 21 -15.7 22
      vertex 20.2 -15.7 22
    endloop
  endfacet
  facet normal 0 -0.94153 0.336928
    outer loop
      vertex 15 14.5049 15.9919
      vertex 15.8 15.024 17.4425
      vertex 15 15.024 17.4425
    endloop
  endfacet
  facet normal 0 -0.94153 0.336928
    outer loop
      vertex 15.8 15.024 17.4425
      vertex 15 14.5049 15.9919
      vertex 15.8 14.5049 15.9919
    endloop
  endfacet
  facet normal 0 -0.94153 0.336928
    outer loop
      vertex 20.2 14.5049 15.9919
      vertex 21 15.024 17.4425
      vertex 20.2 15.024 17.4425
    endloop
  endfacet
  facet normal 0 -0.94153 0.336928
    outer loop
      vertex 21 15.024 17.4425
      vertex 20.2 14.5049 15.9919
      vertex 21 14.5049 15.9919
    endloop
  endfacet
  facet normal -0 0.242977 0.970032
    outer loop
      vertex 15 -3.06291 6.60168
      vertex 15.8 -4.55746 6.97604
      vertex 15.8 -3.06291 6.60168
    endloop
  endfacet
  facet normal 0 0.242977 0.970032
    outer loop
      vertex 15.8 -4.55746 6.97604
      vertex 15 -3.06291 6.60168
      vertex 15 -4.55746 6.97604
    endloop
  endfacet
  facet normal -0 0.242977 0.970032
    outer loop
      vertex 20.2 -3.06291 6.60168
      vertex 21 -4.55746 6.97604
      vertex 21 -3.06291 6.60168
    endloop
  endfacet
  facet normal 0 0.242977 0.970032
    outer loop
      vertex 21 -4.55746 6.97604
      vertex 20.2 -3.06291 6.60168
      vertex 20.2 -4.55746 6.97604
    endloop
  endfacet
  facet normal 0 -0.514108 0.857725
    outer loop
      vertex 15 8.72244 8.94594
      vertex 15.8 7.40092 8.15384
      vertex 15.8 8.72244 8.94594
    endloop
  endfacet
  facet normal 0 -0.514108 0.857725
    outer loop
      vertex 15.8 7.40092 8.15384
      vertex 15 8.72244 8.94594
      vertex 15 7.40092 8.15384
    endloop
  endfacet
  facet normal 0 -0.514108 0.857725
    outer loop
      vertex 20.2 8.72244 8.94594
      vertex 21 7.40092 8.15384
      vertex 21 8.72244 8.94594
    endloop
  endfacet
  facet normal 0 -0.514108 0.857725
    outer loop
      vertex 21 7.40092 8.15384
      vertex 20.2 8.72244 8.94594
      vertex 20.2 7.40092 8.15384
    endloop
  endfacet
  facet normal 0 -1 0
    outer loop
      vertex 15 15.7 22
      vertex 15.8 15.7 41
      vertex 15 15.7 41
    endloop
  endfacet
  facet normal 0 -1 -0
    outer loop
      vertex 15.8 15.7 41
      vertex 15 15.7 22
      vertex 15.8 15.7 22
    endloop
  endfacet
  facet normal 0 -1 0
    outer loop
      vertex 20.2 15.7 22
      vertex 21 15.7 41
      vertex 20.2 15.7 41
    endloop
  endfacet
  facet normal 0 -1 -0
    outer loop
      vertex 21 15.7 41
      vertex 20.2 15.7 22
      vertex 21 15.7 22
    endloop
  endfacet
  facet normal -0 0.671537 0.740971
    outer loop
      vertex 15 -9.95996 9.86374
      vertex 15.8 -11.1016 10.8984
      vertex 15.8 -9.95996 9.86374
    endloop
  endfacet
  facet normal 0 0.671537 0.740971
    outer loop
      vertex 15.8 -11.1016 10.8984
      vertex 15 -9.95996 9.86374
      vertex 15 -11.1016 10.8984
    endloop
  endfacet
  facet normal -0 0.671537 0.740971
    outer loop
      vertex 20.2 -9.95996 9.86374
      vertex 21 -11.1016 10.8984
      vertex 21 -9.95996 9.86374
    endloop
  endfacet
  facet normal 0 0.671537 0.740971
    outer loop
      vertex 21 -11.1016 10.8984
      vertex 20.2 -9.95996 9.86374
      vertex 20.2 -11.1016 10.8984
    endloop
  endfacet
  facet normal 0 -0.595696 0.80321
    outer loop
      vertex 15 9.95996 9.86374
      vertex 15.8 8.72244 8.94594
      vertex 15.8 9.95996 9.86374
    endloop
  endfacet
  facet normal 0 -0.595696 0.80321
    outer loop
      vertex 15.8 8.72244 8.94594
      vertex 15 9.95996 9.86374
      vertex 15 8.72244 8.94594
    endloop
  endfacet
  facet normal 0 -0.595696 0.80321
    outer loop
      vertex 20.2 9.95996 9.86374
      vertex 21 8.72244 8.94594
      vertex 21 9.95996 9.86374
    endloop
  endfacet
  facet normal 0 -0.595696 0.80321
    outer loop
      vertex 21 8.72244 8.94594
      vertex 20.2 9.95996 9.86374
      vertex 20.2 8.72244 8.94594
    endloop
  endfacet
  facet normal 0 -0.904001 0.427531
    outer loop
      vertex 15 13.8462 14.5991
      vertex 15.8 14.5049 15.9919
      vertex 15 14.5049 15.9919
    endloop
  endfacet
  facet normal 0 -0.904001 0.427531
    outer loop
      vertex 15.8 14.5049 15.9919
      vertex 15 13.8462 14.5991
      vertex 15.8 13.8462 14.5991
    endloop
  endfacet
  facet normal 0 -0.904001 0.427531
    outer loop
      vertex 20.2 13.8462 14.5991
      vertex 21 14.5049 15.9919
      vertex 20.2 14.5049 15.9919
    endloop
  endfacet
  facet normal 0 -0.904001 0.427531
    outer loop
      vertex 21 14.5049 15.9919
      vertex 20.2 13.8462 14.5991
      vertex 21 13.8462 14.5991
    endloop
  endfacet
  facet normal 0 -0.671537 0.740971
    outer loop
      vertex 15 11.1016 10.8984
      vertex 15.8 9.95996 9.86374
      vertex 15.8 11.1016 10.8984
    endloop
  endfacet
  facet normal 0 -0.671537 0.740971
    outer loop
      vertex 15.8 9.95996 9.86374
      vertex 15 11.1016 10.8984
      vertex 15 9.95996 9.86374
    endloop
  endfacet
  facet normal 0 -0.671537 0.740971
    outer loop
      vertex 20.2 11.1016 10.8984
      vertex 21 9.95996 9.86374
      vertex 21 11.1016 10.8984
    endloop
  endfacet
  facet normal 0 -0.671537 0.740971
    outer loop
      vertex 21 9.95996 9.86374
      vertex 20.2 11.1016 10.8984
      vertex 20.2 9.95996 9.86374
    endloop
  endfacet
  facet normal -0 0.0490746 0.998795
    outer loop
      vertex 15 0 6.3
      vertex 15.8 -1.53886 6.37561
      vertex 15.8 0 6.3
    endloop
  endfacet
  facet normal 0 0.0490746 0.998795
    outer loop
      vertex 15.8 -1.53886 6.37561
      vertex 15 0 6.3
      vertex 15 -1.53886 6.37561
    endloop
  endfacet
  facet normal -0 0.0490746 0.998795
    outer loop
      vertex 20.2 0 6.3
      vertex 21 -1.53886 6.37561
      vertex 21 0 6.3
    endloop
  endfacet
  facet normal 0 0.0490746 0.998795
    outer loop
      vertex 21 -1.53886 6.37561
      vertex 20.2 0 6.3
      vertex 20.2 -1.53886 6.37561
    endloop
  endfacet
  facet normal 0 0.857722 0.514114
    outer loop
      vertex 15.8 -13.0541 13.2776
      vertex 15 -13.8462 14.5991
      vertex 15.8 -13.8462 14.5991
    endloop
  endfacet
  facet normal 0 0.857722 0.514114
    outer loop
      vertex 15 -13.8462 14.5991
      vertex 15.8 -13.0541 13.2776
      vertex 15 -13.0541 13.2776
    endloop
  endfacet
  facet normal 0 0.857722 0.514114
    outer loop
      vertex 21 -13.0541 13.2776
      vertex 20.2 -13.8462 14.5991
      vertex 21 -13.8462 14.5991
    endloop
  endfacet
  facet normal 0 0.857722 0.514114
    outer loop
      vertex 20.2 -13.8462 14.5991
      vertex 21 -13.0541 13.2776
      vertex 20.2 -13.0541 13.2776
    endloop
  endfacet
  facet normal 0 -0.803228 0.595671
    outer loop
      vertex 15 12.1363 12.04
      vertex 15.8 13.0541 13.2776
      vertex 15 13.0541 13.2776
    endloop
  endfacet
  facet normal 0 -0.803228 0.595671
    outer loop
      vertex 15.8 13.0541 13.2776
      vertex 15 12.1363 12.04
      vertex 15.8 12.1363 12.04
    endloop
  endfacet
  facet normal 0 -0.803228 0.595671
    outer loop
      vertex 20.2 12.1363 12.04
      vertex 21 13.0541 13.2776
      vertex 20.2 13.0541 13.2776
    endloop
  endfacet
  facet normal 0 -0.803228 0.595671
    outer loop
      vertex 21 13.0541 13.2776
      vertex 20.2 12.1363 12.04
      vertex 21 12.1363 12.04
    endloop
  endfacet
  facet normal 0 -0.740947 0.671564
    outer loop
      vertex 15 11.1016 10.8984
      vertex 15.8 12.1363 12.04
      vertex 15 12.1363 12.04
    endloop
  endfacet
  facet normal 0 -0.740947 0.671564
    outer loop
      vertex 15.8 12.1363 12.04
      vertex 15 11.1016 10.8984
      vertex 15.8 11.1016 10.8984
    endloop
  endfacet
  facet normal 0 -0.740947 0.671564
    outer loop
      vertex 20.2 11.1016 10.8984
      vertex 21 12.1363 12.04
      vertex 20.2 12.1363 12.04
    endloop
  endfacet
  facet normal 0 -0.740947 0.671564
    outer loop
      vertex 21 12.1363 12.04
      vertex 20.2 11.1016 10.8984
      vertex 21 11.1016 10.8984
    endloop
  endfacet
  facet normal -0 0.14673 0.989177
    outer loop
      vertex 15 -1.53886 6.37561
      vertex 15.8 -3.06291 6.60168
      vertex 15.8 -1.53886 6.37561
    endloop
  endfacet
  facet normal 0 0.14673 0.989177
    outer loop
      vertex 15.8 -3.06291 6.60168
      vertex 15 -1.53886 6.37561
      vertex 15 -3.06291 6.60168
    endloop
  endfacet
  facet normal -0 0.14673 0.989177
    outer loop
      vertex 20.2 -1.53886 6.37561
      vertex 21 -3.06291 6.60168
      vertex 21 -1.53886 6.37561
    endloop
  endfacet
  facet normal 0 0.14673 0.989177
    outer loop
      vertex 21 -3.06291 6.60168
      vertex 20.2 -1.53886 6.37561
      vertex 20.2 -3.06291 6.60168
    endloop
  endfacet
  facet normal 0 -0.970043 0.242933
    outer loop
      vertex 15 15.024 17.4425
      vertex 15.8 15.3983 18.9371
      vertex 15 15.3983 18.9371
    endloop
  endfacet
  facet normal 0 -0.970043 0.242933
    outer loop
      vertex 15.8 15.3983 18.9371
      vertex 15 15.024 17.4425
      vertex 15.8 15.024 17.4425
    endloop
  endfacet
  facet normal 0 -0.970043 0.242933
    outer loop
      vertex 20.2 15.024 17.4425
      vertex 21 15.3983 18.9371
      vertex 20.2 15.3983 18.9371
    endloop
  endfacet
  facet normal 0 -0.970043 0.242933
    outer loop
      vertex 21 15.3983 18.9371
      vertex 20.2 15.024 17.4425
      vertex 21 15.024 17.4425
    endloop
  endfacet
  facet normal 0 -0.989173 0.146753
    outer loop
      vertex 15 15.3983 18.9371
      vertex 15.8 15.6244 20.4611
      vertex 15 15.6244 20.4611
    endloop
  endfacet
  facet normal 0 -0.989173 0.146753
    outer loop
      vertex 15.8 15.6244 20.4611
      vertex 15 15.3983 18.9371
      vertex 15.8 15.3983 18.9371
    endloop
  endfacet
  facet normal 0 -0.989173 0.146753
    outer loop
      vertex 20.2 15.3983 18.9371
      vertex 21 15.6244 20.4611
      vertex 20.2 15.6244 20.4611
    endloop
  endfacet
  facet normal 0 -0.989173 0.146753
    outer loop
      vertex 21 15.6244 20.4611
      vertex 20.2 15.3983 18.9371
      vertex 21 15.3983 18.9371
    endloop
  endfacet
  facet normal -0 0.514108 0.857725
    outer loop
      vertex 15 -7.40092 8.15384
      vertex 15.8 -8.72244 8.94594
      vertex 15.8 -7.40092 8.15384
    endloop
  endfacet
  facet normal 0 0.514108 0.857725
    outer loop
      vertex 15.8 -8.72244 8.94594
      vertex 15 -7.40092 8.15384
      vertex 15 -8.72244 8.94594
    endloop
  endfacet
  facet normal -0 0.514108 0.857725
    outer loop
      vertex 20.2 -7.40092 8.15384
      vertex 21 -8.72244 8.94594
      vertex 21 -7.40092 8.15384
    endloop
  endfacet
  facet normal 0 0.514108 0.857725
    outer loop
      vertex 21 -8.72244 8.94594
      vertex 20.2 -7.40092 8.15384
      vertex 20.2 -8.72244 8.94594
    endloop
  endfacet
  facet normal 0 0.989173 0.146753
    outer loop
      vertex 15.8 -15.3983 18.9371
      vertex 15 -15.6244 20.4611
      vertex 15.8 -15.6244 20.4611
    endloop
  endfacet
  facet normal 0 0.989173 0.146753
    outer loop
      vertex 15 -15.6244 20.4611
      vertex 15.8 -15.3983 18.9371
      vertex 15 -15.3983 18.9371
    endloop
  endfacet
  facet normal 0 0.989173 0.146753
    outer loop
      vertex 21 -15.3983 18.9371
      vertex 20.2 -15.6244 20.4611
      vertex 21 -15.6244 20.4611
    endloop
  endfacet
  facet normal 0 0.989173 0.146753
    outer loop
      vertex 20.2 -15.6244 20.4611
      vertex 21 -15.3983 18.9371
      vertex 20.2 -15.3983 18.9371
    endloop
  endfacet
  facet normal 0 0.803228 0.595671
    outer loop
      vertex 15.8 -12.1363 12.04
      vertex 15 -13.0541 13.2776
      vertex 15.8 -13.0541 13.2776
    endloop
  endfacet
  facet normal 0 0.803228 0.595671
    outer loop
      vertex 15 -13.0541 13.2776
      vertex 15.8 -12.1363 12.04
      vertex 15 -12.1363 12.04
    endloop
  endfacet
  facet normal 0 0.803228 0.595671
    outer loop
      vertex 21 -12.1363 12.04
      vertex 20.2 -13.0541 13.2776
      vertex 21 -13.0541 13.2776
    endloop
  endfacet
  facet normal 0 0.803228 0.595671
    outer loop
      vertex 20.2 -13.0541 13.2776
      vertex 21 -12.1363 12.04
      vertex 20.2 -12.1363 12.04
    endloop
  endfacet
  facet normal 0 -0.857722 0.514114
    outer loop
      vertex 15 13.0541 13.2776
      vertex 15.8 13.8462 14.5991
      vertex 15 13.8462 14.5991
    endloop
  endfacet
  facet normal 0 -0.857722 0.514114
    outer loop
      vertex 15.8 13.8462 14.5991
      vertex 15 13.0541 13.2776
      vertex 15.8 13.0541 13.2776
    endloop
  endfacet
  facet normal 0 -0.857722 0.514114
    outer loop
      vertex 20.2 13.0541 13.2776
      vertex 21 13.8462 14.5991
      vertex 20.2 13.8462 14.5991
    endloop
  endfacet
  facet normal 0 -0.857722 0.514114
    outer loop
      vertex 21 13.8462 14.5991
      vertex 20.2 13.0541 13.2776
      vertex 21 13.0541 13.2776
    endloop
  endfacet
  facet normal 0 0.970043 0.242933
    outer loop
      vertex 15.8 -15.024 17.4425
      vertex 15 -15.3983 18.9371
      vertex 15.8 -15.3983 18.9371
    endloop
  endfacet
  facet normal 0 0.970043 0.242933
    outer loop
      vertex 15 -15.3983 18.9371
      vertex 15.8 -15.024 17.4425
      vertex 15 -15.024 17.4425
    endloop
  endfacet
  facet normal 0 0.970043 0.242933
    outer loop
      vertex 21 -15.024 17.4425
      vertex 20.2 -15.3983 18.9371
      vertex 21 -15.3983 18.9371
    endloop
  endfacet
  facet normal 0 0.970043 0.242933
    outer loop
      vertex 20.2 -15.3983 18.9371
      vertex 21 -15.024 17.4425
      vertex 20.2 -15.024 17.4425
    endloop
  endfacet
  facet normal 0 -0.242977 0.970032
    outer loop
      vertex 15 4.55746 6.97604
      vertex 15.8 3.06291 6.60168
      vertex 15.8 4.55746 6.97604
    endloop
  endfacet
  facet normal 0 -0.242977 0.970032
    outer loop
      vertex 15.8 3.06291 6.60168
      vertex 15 4.55746 6.97604
      vertex 15 3.06291 6.60168
    endloop
  endfacet
  facet normal 0 -0.242977 0.970032
    outer loop
      vertex 20.2 4.55746 6.97604
      vertex 21 3.06291 6.60168
      vertex 21 4.55746 6.97604
    endloop
  endfacet
  facet normal 0 -0.242977 0.970032
    outer loop
      vertex 21 3.06291 6.60168
      vertex 20.2 4.55746 6.97604
      vertex 20.2 3.06291 6.60168
    endloop
  endfacet
  facet normal -0 0.427552 0.903991
    outer loop
      vertex 15 -6.00812 7.4951
      vertex 15.8 -7.40092 8.15384
      vertex 15.8 -6.00812 7.4951
    endloop
  endfacet
  facet normal 0 0.427552 0.903991
    outer loop
      vertex 15.8 -7.40092 8.15384
      vertex 15 -6.00812 7.4951
      vertex 15 -7.40092 8.15384
    endloop
  endfacet
  facet normal -0 0.427552 0.903991
    outer loop
      vertex 20.2 -6.00812 7.4951
      vertex 21 -7.40092 8.15384
      vertex 21 -6.00812 7.4951
    endloop
  endfacet
  facet normal 0 0.427552 0.903991
    outer loop
      vertex 21 -7.40092 8.15384
      vertex 20.2 -6.00812 7.4951
      vertex 20.2 -7.40092 8.15384
    endloop
  endfacet
  facet normal 0 0.740947 0.671564
    outer loop
      vertex 15.8 -11.1016 10.8984
      vertex 15 -12.1363 12.04
      vertex 15.8 -12.1363 12.04
    endloop
  endfacet
  facet normal 0 0.740947 0.671564
    outer loop
      vertex 15 -12.1363 12.04
      vertex 15.8 -11.1016 10.8984
      vertex 15 -11.1016 10.8984
    endloop
  endfacet
  facet normal 0 0.740947 0.671564
    outer loop
      vertex 21 -11.1016 10.8984
      vertex 20.2 -12.1363 12.04
      vertex 21 -12.1363 12.04
    endloop
  endfacet
  facet normal 0 0.740947 0.671564
    outer loop
      vertex 20.2 -12.1363 12.04
      vertex 21 -11.1016 10.8984
      vertex 20.2 -11.1016 10.8984
    endloop
  endfacet
  facet normal 0 -0.336893 0.941543
    outer loop
      vertex 15 6.00812 7.4951
      vertex 15.8 4.55746 6.97604
      vertex 15.8 6.00812 7.4951
    endloop
  endfacet
  facet normal 0 -0.336893 0.941543
    outer loop
      vertex 15.8 4.55746 6.97604
      vertex 15 6.00812 7.4951
      vertex 15 4.55746 6.97604
    endloop
  endfacet
  facet normal 0 -0.336893 0.941543
    outer loop
      vertex 20.2 6.00812 7.4951
      vertex 21 4.55746 6.97604
      vertex 21 6.00812 7.4951
    endloop
  endfacet
  facet normal 0 -0.336893 0.941543
    outer loop
      vertex 21 4.55746 6.97604
      vertex 20.2 6.00812 7.4951
      vertex 20.2 4.55746 6.97604
    endloop
  endfacet
  facet normal 0 0.998795 0.0490668
    outer loop
      vertex 15.8 -15.6244 20.4611
      vertex 15 -15.7 22
      vertex 15.8 -15.7 22
    endloop
  endfacet
  facet normal 0 0.998795 0.0490668
    outer loop
      vertex 15 -15.7 22
      vertex 15.8 -15.6244 20.4611
      vertex 15 -15.6244 20.4611
    endloop
  endfacet
  facet normal 0 0.998795 0.0490668
    outer loop
      vertex 21 -15.6244 20.4611
      vertex 20.2 -15.7 22
      vertex 21 -15.7 22
    endloop
  endfacet
  facet normal 0 0.998795 0.0490668
    outer loop
      vertex 20.2 -15.7 22
      vertex 21 -15.6244 20.4611
      vertex 20.2 -15.6244 20.4611
    endloop
  endfacet
  facet normal 0 -0.427552 0.903991
    outer loop
      vertex 15 7.40092 8.15384
      vertex 15.8 6.00812 7.4951
      vertex 15.8 7.40092 8.15384
    endloop
  endfacet
  facet normal 0 -0.427552 0.903991
    outer loop
      vertex 15.8 6.00812 7.4951
      vertex 15 7.40092 8.15384
      vertex 15 6.00812 7.4951
    endloop
  endfacet
  facet normal 0 -0.427552 0.903991
    outer loop
      vertex 20.2 7.40092 8.15384
      vertex 21 6.00812 7.4951
      vertex 21 7.40092 8.15384
    endloop
  endfacet
  facet normal 0 -0.427552 0.903991
    outer loop
      vertex 21 6.00812 7.4951
      vertex 20.2 7.40092 8.15384
      vertex 20.2 6.00812 7.4951
    endloop
  endfacet
  facet normal 0.0490904 0.998794 -0
    outer loop
      vertex 57.5 -1.2 0
      vertex 57.3824 -1.19422 3
      vertex 57.5 -1.2 3
    endloop
  endfacet
  facet normal 0.0490904 0.998794 0
    outer loop
      vertex 57.3824 -1.19422 3
      vertex 57.5 -1.2 0
      vertex 57.3824 -1.19422 0
    endloop
  endfacet
  facet normal -0.998786 -0.0492515 0
    outer loop
      vertex 70.7 0 0
      vertex 70.6942 0.11762 3
      vertex 70.6942 0.11762 0
    endloop
  endfacet
  facet normal -0.998786 -0.0492515 0
    outer loop
      vertex 70.6942 0.11762 3
      vertex 70.7 0 0
      vertex 70.7 0 3
    endloop
  endfacet
  facet normal 0 1 -0
    outer loop
      vertex 69.5 -1.2 0
      vertex 57.5 -1.2 3
      vertex 69.5 -1.2 3
    endloop
  endfacet
  facet normal 0 1 0
    outer loop
      vertex 57.5 -1.2 3
      vertex 69.5 -1.2 0
      vertex 57.5 -1.2 0
    endloop
  endfacet
  facet normal -0.941741 -0.336339 0
    outer loop
      vertex 70.6483 0.348341 0
      vertex 70.6087 0.45922 3
      vertex 70.6087 0.45922 0
    endloop
  endfacet
  facet normal -0.941741 -0.336339 0
    outer loop
      vertex 70.6087 0.45922 3
      vertex 70.6483 0.348341 0
      vertex 70.6483 0.348341 3
    endloop
  endfacet
  facet normal -0.903825 -0.427902 0
    outer loop
      vertex 70.6087 0.45922 0
      vertex 70.5583 0.565676 3
      vertex 70.5583 0.565676 0
    endloop
  endfacet
  facet normal -0.903825 -0.427902 0
    outer loop
      vertex 70.5583 0.565676 3
      vertex 70.6087 0.45922 0
      vertex 70.6087 0.45922 3
    endloop
  endfacet
  facet normal 0.514102 0.857729 -0
    outer loop
      vertex 56.9343 -1.0583 0
      vertex 56.8333 -0.997763 3
      vertex 56.9343 -1.0583 3
    endloop
  endfacet
  facet normal 0.514102 0.857729 0
    outer loop
      vertex 56.8333 -0.997763 3
      vertex 56.9343 -1.0583 0
      vertex 56.8333 -0.997763 0
    endloop
  endfacet
  facet normal 0.595649 0.803245 -0
    outer loop
      vertex 56.8333 -0.997763 0
      vertex 56.7387 -0.927612 3
      vertex 56.8333 -0.997763 3
    endloop
  endfacet
  facet normal 0.595649 0.803245 0
    outer loop
      vertex 56.7387 -0.927612 3
      vertex 56.8333 -0.997763 0
      vertex 56.7387 -0.927612 0
    endloop
  endfacet
  facet normal 0.740888 -0.671628 0
    outer loop
      vertex 56.5724 0.761271 3
      vertex 56.6515 0.848528 0
      vertex 56.6515 0.848528 3
    endloop
  endfacet
  facet normal 0.740888 -0.671628 0
    outer loop
      vertex 56.6515 0.848528 0
      vertex 56.5724 0.761271 3
      vertex 56.5724 0.761271 0
    endloop
  endfacet
  facet normal -0.740888 -0.671628 0
    outer loop
      vertex 70.4276 0.761271 0
      vertex 70.3485 0.848528 3
      vertex 70.3485 0.848528 0
    endloop
  endfacet
  facet normal -0.740888 -0.671628 0
    outer loop
      vertex 70.3485 0.848528 3
      vertex 70.4276 0.761271 0
      vertex 70.4276 0.761271 3
    endloop
  endfacet
  facet normal -0.0490904 -0.998794 0
    outer loop
      vertex 69.5 1.2 0
      vertex 69.6176 1.19422 3
      vertex 69.5 1.2 3
    endloop
  endfacet
  facet normal -0.0490904 -0.998794 -0
    outer loop
      vertex 69.6176 1.19422 3
      vertex 69.5 1.2 0
      vertex 69.6176 1.19422 0
    endloop
  endfacet
  facet normal -0.970059 -0.242869 0
    outer loop
      vertex 70.6769 0.234108 0
      vertex 70.6483 0.348341 3
      vertex 70.6483 0.348341 0
    endloop
  endfacet
  facet normal -0.970059 -0.242869 0
    outer loop
      vertex 70.6483 0.348341 3
      vertex 70.6769 0.234108 0
      vertex 70.6769 0.234108 3
    endloop
  endfacet
  facet normal 0.427411 -0.904057 0
    outer loop
      vertex 56.9343 1.0583 0
      vertex 57.0408 1.10865 3
      vertex 56.9343 1.0583 3
    endloop
  endfacet
  facet normal 0.427411 -0.904057 0
    outer loop
      vertex 57.0408 1.10865 3
      vertex 56.9343 1.0583 0
      vertex 57.0408 1.10865 0
    endloop
  endfacet
  facet normal -0.595649 -0.803245 0
    outer loop
      vertex 70.1667 0.997763 0
      vertex 70.2613 0.927612 3
      vertex 70.1667 0.997763 3
    endloop
  endfacet
  facet normal -0.595649 -0.803245 -0
    outer loop
      vertex 70.2613 0.927612 3
      vertex 70.1667 0.997763 0
      vertex 70.2613 0.927612 0
    endloop
  endfacet
  facet normal -0.740888 0.671628 0
    outer loop
      vertex 70.3485 -0.848528 0
      vertex 70.4276 -0.761271 3
      vertex 70.4276 -0.761271 0
    endloop
  endfacet
  facet normal -0.740888 0.671628 0
    outer loop
      vertex 70.4276 -0.761271 3
      vertex 70.3485 -0.848528 0
      vertex 70.3485 -0.848528 3
    endloop
  endfacet
  facet normal 0.243015 -0.970022 0
    outer loop
      vertex 57.1517 1.14833 0
      vertex 57.2659 1.17694 3
      vertex 57.1517 1.14833 3
    endloop
  endfacet
  facet normal 0.243015 -0.970022 0
    outer loop
      vertex 57.2659 1.17694 3
      vertex 57.1517 1.14833 0
      vertex 57.2659 1.17694 0
    endloop
  endfacet
  facet normal 0.941741 -0.336339 0
    outer loop
      vertex 56.3517 0.348341 3
      vertex 56.3913 0.45922 0
      vertex 56.3913 0.45922 3
    endloop
  endfacet
  facet normal 0.941741 -0.336339 0
    outer loop
      vertex 56.3913 0.45922 0
      vertex 56.3517 0.348341 3
      vertex 56.3517 0.348341 0
    endloop
  endfacet
  facet normal 0.803006 -0.59597 0
    outer loop
      vertex 56.5022 0.666684 3
      vertex 56.5724 0.761271 0
      vertex 56.5724 0.761271 3
    endloop
  endfacet
  facet normal 0.803006 -0.59597 0
    outer loop
      vertex 56.5724 0.761271 0
      vertex 56.5022 0.666684 3
      vertex 56.5022 0.666684 0
    endloop
  endfacet
  facet normal 0.941741 0.336339 0
    outer loop
      vertex 56.3913 -0.45922 3
      vertex 56.3517 -0.348341 0
      vertex 56.3517 -0.348341 3
    endloop
  endfacet
  facet normal 0.941741 0.336339 0
    outer loop
      vertex 56.3517 -0.348341 0
      vertex 56.3913 -0.45922 3
      vertex 56.3913 -0.45922 0
    endloop
  endfacet
  facet normal 0.243015 0.970022 -0
    outer loop
      vertex 57.2659 -1.17694 0
      vertex 57.1517 -1.14833 3
      vertex 57.2659 -1.17694 3
    endloop
  endfacet
  facet normal 0.243015 0.970022 0
    outer loop
      vertex 57.1517 -1.14833 3
      vertex 57.2659 -1.17694 0
      vertex 57.1517 -1.14833 0
    endloop
  endfacet
  facet normal 0.998786 0.0492515 0
    outer loop
      vertex 56.3058 -0.11762 3
      vertex 56.3 0 0
      vertex 56.3 0 3
    endloop
  endfacet
  facet normal 0.998786 0.0492515 0
    outer loop
      vertex 56.3 0 0
      vertex 56.3058 -0.11762 3
      vertex 56.3058 -0.11762 0
    endloop
  endfacet
  facet normal -0.243015 -0.970022 0
    outer loop
      vertex 69.7341 1.17694 0
      vertex 69.8483 1.14833 3
      vertex 69.7341 1.17694 3
    endloop
  endfacet
  facet normal -0.243015 -0.970022 -0
    outer loop
      vertex 69.8483 1.14833 3
      vertex 69.7341 1.17694 0
      vertex 69.8483 1.14833 0
    endloop
  endfacet
  facet normal -0.595649 0.803245 0
    outer loop
      vertex 70.2613 -0.927612 0
      vertex 70.1667 -0.997763 3
      vertex 70.2613 -0.927612 3
    endloop
  endfacet
  facet normal -0.595649 0.803245 0
    outer loop
      vertex 70.1667 -0.997763 3
      vertex 70.2613 -0.927612 0
      vertex 70.1667 -0.997763 0
    endloop
  endfacet
  facet normal -0.0490904 0.998794 0
    outer loop
      vertex 69.6176 -1.19422 0
      vertex 69.5 -1.2 3
      vertex 69.6176 -1.19422 3
    endloop
  endfacet
  facet normal -0.0490904 0.998794 0
    outer loop
      vertex 69.5 -1.2 3
      vertex 69.6176 -1.19422 0
      vertex 69.5 -1.2 0
    endloop
  endfacet
  facet normal -0.903825 0.427902 0
    outer loop
      vertex 70.5583 -0.565676 0
      vertex 70.6087 -0.45922 3
      vertex 70.6087 -0.45922 0
    endloop
  endfacet
  facet normal -0.903825 0.427902 0
    outer loop
      vertex 70.6087 -0.45922 3
      vertex 70.5583 -0.565676 0
      vertex 70.5583 -0.565676 3
    endloop
  endfacet
  facet normal 0.903825 0.427902 0
    outer loop
      vertex 56.4417 -0.565676 3
      vertex 56.3913 -0.45922 0
      vertex 56.3913 -0.45922 3
    endloop
  endfacet
  facet normal 0.903825 0.427902 0
    outer loop
      vertex 56.3913 -0.45922 0
      vertex 56.4417 -0.565676 3
      vertex 56.4417 -0.565676 0
    endloop
  endfacet
  facet normal -0.146721 0.989178 0
    outer loop
      vertex 69.7341 -1.17694 0
      vertex 69.6176 -1.19422 3
      vertex 69.7341 -1.17694 3
    endloop
  endfacet
  facet normal -0.146721 0.989178 0
    outer loop
      vertex 69.6176 -1.19422 3
      vertex 69.7341 -1.17694 0
      vertex 69.6176 -1.19422 0
    endloop
  endfacet
  facet normal 0.857885 0.513841 0
    outer loop
      vertex 56.5022 -0.666684 3
      vertex 56.4417 -0.565676 0
      vertex 56.4417 -0.565676 3
    endloop
  endfacet
  facet normal 0.857885 0.513841 0
    outer loop
      vertex 56.4417 -0.565676 0
      vertex 56.5022 -0.666684 3
      vertex 56.5022 -0.666684 0
    endloop
  endfacet
  facet normal 0 -1 0
    outer loop
      vertex 57.5 1.2 0
      vertex 69.5 1.2 3
      vertex 57.5 1.2 3
    endloop
  endfacet
  facet normal 0 -1 -0
    outer loop
      vertex 69.5 1.2 3
      vertex 57.5 1.2 0
      vertex 69.5 1.2 0
    endloop
  endfacet
  facet normal 0.740888 0.671628 0
    outer loop
      vertex 56.6515 -0.848528 3
      vertex 56.5724 -0.761271 0
      vertex 56.5724 -0.761271 3
    endloop
  endfacet
  facet normal 0.740888 0.671628 0
    outer loop
      vertex 56.5724 -0.761271 0
      vertex 56.6515 -0.848528 3
      vertex 56.6515 -0.848528 0
    endloop
  endfacet
  facet normal 0.0490904 -0.998794 0
    outer loop
      vertex 57.3824 1.19422 0
      vertex 57.5 1.2 3
      vertex 57.3824 1.19422 3
    endloop
  endfacet
  facet normal 0.0490904 -0.998794 0
    outer loop
      vertex 57.5 1.2 3
      vertex 57.3824 1.19422 0
      vertex 57.5 1.2 0
    endloop
  endfacet
  facet normal 0.970059 0.242869 0
    outer loop
      vertex 56.3517 -0.348341 3
      vertex 56.3231 -0.234108 0
      vertex 56.3231 -0.234108 3
    endloop
  endfacet
  facet normal 0.970059 0.242869 0
    outer loop
      vertex 56.3231 -0.234108 0
      vertex 56.3517 -0.348341 3
      vertex 56.3517 -0.348341 0
    endloop
  endfacet
  facet normal -0.989151 -0.146902 0
    outer loop
      vertex 70.6942 0.11762 0
      vertex 70.6769 0.234108 3
      vertex 70.6769 0.234108 0
    endloop
  endfacet
  facet normal -0.989151 -0.146902 0
    outer loop
      vertex 70.6769 0.234108 3
      vertex 70.6942 0.11762 0
      vertex 70.6942 0.11762 3
    endloop
  endfacet
  facet normal -0.671795 0.740738 0
    outer loop
      vertex 70.3485 -0.848528 0
      vertex 70.2613 -0.927612 3
      vertex 70.3485 -0.848528 3
    endloop
  endfacet
  facet normal -0.671795 0.740738 0
    outer loop
      vertex 70.2613 -0.927612 3
      vertex 70.3485 -0.848528 0
      vertex 70.2613 -0.927612 0
    endloop
  endfacet
  facet normal 0.989151 0.146902 0
    outer loop
      vertex 56.3231 -0.234108 3
      vertex 56.3058 -0.11762 0
      vertex 56.3058 -0.11762 3
    endloop
  endfacet
  facet normal 0.989151 0.146902 0
    outer loop
      vertex 56.3058 -0.11762 0
      vertex 56.3231 -0.234108 3
      vertex 56.3231 -0.234108 0
    endloop
  endfacet
  facet normal 0.803006 0.59597 0
    outer loop
      vertex 56.5724 -0.761271 3
      vertex 56.5022 -0.666684 0
      vertex 56.5022 -0.666684 3
    endloop
  endfacet
  facet normal 0.803006 0.59597 0
    outer loop
      vertex 56.5022 -0.666684 0
      vertex 56.5724 -0.761271 3
      vertex 56.5724 -0.761271 0
    endloop
  endfacet
  facet normal 0.671795 0.740738 -0
    outer loop
      vertex 56.7387 -0.927612 0
      vertex 56.6515 -0.848528 3
      vertex 56.7387 -0.927612 3
    endloop
  endfacet
  facet normal 0.671795 0.740738 0
    outer loop
      vertex 56.6515 -0.848528 3
      vertex 56.7387 -0.927612 0
      vertex 56.6515 -0.848528 0
    endloop
  endfacet
  facet normal 0.671795 -0.740738 0
    outer loop
      vertex 56.6515 0.848528 0
      vertex 56.7387 0.927612 3
      vertex 56.6515 0.848528 3
    endloop
  endfacet
  facet normal 0.671795 -0.740738 0
    outer loop
      vertex 56.7387 0.927612 3
      vertex 56.6515 0.848528 0
      vertex 56.7387 0.927612 0
    endloop
  endfacet
  facet normal -0.998786 0.0492515 0
    outer loop
      vertex 70.6942 -0.11762 0
      vertex 70.7 0 3
      vertex 70.7 0 0
    endloop
  endfacet
  facet normal -0.998786 0.0492515 0
    outer loop
      vertex 70.7 0 3
      vertex 70.6942 -0.11762 0
      vertex 70.6942 -0.11762 3
    endloop
  endfacet
  facet normal -0.146721 -0.989178 0
    outer loop
      vertex 69.6176 1.19422 0
      vertex 69.7341 1.17694 3
      vertex 69.6176 1.19422 3
    endloop
  endfacet
  facet normal -0.146721 -0.989178 -0
    outer loop
      vertex 69.7341 1.17694 3
      vertex 69.6176 1.19422 0
      vertex 69.7341 1.17694 0
    endloop
  endfacet
  facet normal -0.671795 -0.740738 0
    outer loop
      vertex 70.2613 0.927612 0
      vertex 70.3485 0.848528 3
      vertex 70.2613 0.927612 3
    endloop
  endfacet
  facet normal -0.671795 -0.740738 -0
    outer loop
      vertex 70.3485 0.848528 3
      vertex 70.2613 0.927612 0
      vertex 70.3485 0.848528 0
    endloop
  endfacet
  facet normal 0.146721 0.989178 -0
    outer loop
      vertex 57.3824 -1.19422 0
      vertex 57.2659 -1.17694 3
      vertex 57.3824 -1.19422 3
    endloop
  endfacet
  facet normal 0.146721 0.989178 0
    outer loop
      vertex 57.2659 -1.17694 3
      vertex 57.3824 -1.19422 0
      vertex 57.2659 -1.17694 0
    endloop
  endfacet
  facet normal 0.514102 -0.857729 0
    outer loop
      vertex 56.8333 0.997763 0
      vertex 56.9343 1.0583 3
      vertex 56.8333 0.997763 3
    endloop
  endfacet
  facet normal 0.514102 -0.857729 0
    outer loop
      vertex 56.9343 1.0583 3
      vertex 56.8333 0.997763 0
      vertex 56.9343 1.0583 0
    endloop
  endfacet
  facet normal -0.803006 -0.59597 0
    outer loop
      vertex 70.4978 0.666684 0
      vertex 70.4276 0.761271 3
      vertex 70.4276 0.761271 0
    endloop
  endfacet
  facet normal -0.803006 -0.59597 0
    outer loop
      vertex 70.4276 0.761271 3
      vertex 70.4978 0.666684 0
      vertex 70.4978 0.666684 3
    endloop
  endfacet
  facet normal -0.857885 0.513841 0
    outer loop
      vertex 70.4978 -0.666684 0
      vertex 70.5583 -0.565676 3
      vertex 70.5583 -0.565676 0
    endloop
  endfacet
  facet normal -0.857885 0.513841 0
    outer loop
      vertex 70.5583 -0.565676 3
      vertex 70.4978 -0.666684 0
      vertex 70.4978 -0.666684 3
    endloop
  endfacet
  facet normal -0.989151 0.146902 0
    outer loop
      vertex 70.6769 -0.234108 0
      vertex 70.6942 -0.11762 3
      vertex 70.6942 -0.11762 0
    endloop
  endfacet
  facet normal -0.989151 0.146902 0
    outer loop
      vertex 70.6942 -0.11762 3
      vertex 70.6769 -0.234108 0
      vertex 70.6769 -0.234108 3
    endloop
  endfacet
  facet normal -0.427411 -0.904057 0
    outer loop
      vertex 69.9592 1.10865 0
      vertex 70.0657 1.0583 3
      vertex 69.9592 1.10865 3
    endloop
  endfacet
  facet normal -0.427411 -0.904057 -0
    outer loop
      vertex 70.0657 1.0583 3
      vertex 69.9592 1.10865 0
      vertex 70.0657 1.0583 0
    endloop
  endfacet
  facet normal 0.595649 -0.803245 0
    outer loop
      vertex 56.7387 0.927612 0
      vertex 56.8333 0.997763 3
      vertex 56.7387 0.927612 3
    endloop
  endfacet
  facet normal 0.595649 -0.803245 0
    outer loop
      vertex 56.8333 0.997763 3
      vertex 56.7387 0.927612 0
      vertex 56.8333 0.997763 0
    endloop
  endfacet
  facet normal -0.243015 0.970022 0
    outer loop
      vertex 69.8483 -1.14833 0
      vertex 69.7341 -1.17694 3
      vertex 69.8483 -1.14833 3
    endloop
  endfacet
  facet normal -0.243015 0.970022 0
    outer loop
      vertex 69.7341 -1.17694 3
      vertex 69.8483 -1.14833 0
      vertex 69.7341 -1.17694 0
    endloop
  endfacet
  facet normal -0.336885 0.941546 0
    outer loop
      vertex 69.9592 -1.10865 0
      vertex 69.8483 -1.14833 3
      vertex 69.9592 -1.10865 3
    endloop
  endfacet
  facet normal -0.336885 0.941546 0
    outer loop
      vertex 69.8483 -1.14833 3
      vertex 69.9592 -1.10865 0
      vertex 69.8483 -1.14833 0
    endloop
  endfacet
  facet normal -0.857885 -0.513841 0
    outer loop
      vertex 70.5583 0.565676 0
      vertex 70.4978 0.666684 3
      vertex 70.4978 0.666684 0
    endloop
  endfacet
  facet normal -0.857885 -0.513841 0
    outer loop
      vertex 70.4978 0.666684 3
      vertex 70.5583 0.565676 0
      vertex 70.5583 0.565676 3
    endloop
  endfacet
  facet normal 0.146721 -0.989178 0
    outer loop
      vertex 57.2659 1.17694 0
      vertex 57.3824 1.19422 3
      vertex 57.2659 1.17694 3
    endloop
  endfacet
  facet normal 0.146721 -0.989178 0
    outer loop
      vertex 57.3824 1.19422 3
      vertex 57.2659 1.17694 0
      vertex 57.3824 1.19422 0
    endloop
  endfacet
  facet normal 0.336885 0.941546 -0
    outer loop
      vertex 57.1517 -1.14833 0
      vertex 57.0408 -1.10865 3
      vertex 57.1517 -1.14833 3
    endloop
  endfacet
  facet normal 0.336885 0.941546 0
    outer loop
      vertex 57.0408 -1.10865 3
      vertex 57.1517 -1.14833 0
      vertex 57.0408 -1.10865 0
    endloop
  endfacet
  facet normal 0.336885 -0.941546 0
    outer loop
      vertex 57.0408 1.10865 0
      vertex 57.1517 1.14833 3
      vertex 57.0408 1.10865 3
    endloop
  endfacet
  facet normal 0.336885 -0.941546 0
    outer loop
      vertex 57.1517 1.14833 3
      vertex 57.0408 1.10865 0
      vertex 57.1517 1.14833 0
    endloop
  endfacet
  facet normal -0.514102 -0.857729 0
    outer loop
      vertex 70.0657 1.0583 0
      vertex 70.1667 0.997763 3
      vertex 70.0657 1.0583 3
    endloop
  endfacet
  facet normal -0.514102 -0.857729 -0
    outer loop
      vertex 70.1667 0.997763 3
      vertex 70.0657 1.0583 0
      vertex 70.1667 0.997763 0
    endloop
  endfacet
  facet normal 0.427411 0.904057 -0
    outer loop
      vertex 57.0408 -1.10865 0
      vertex 56.9343 -1.0583 3
      vertex 57.0408 -1.10865 3
    endloop
  endfacet
  facet normal 0.427411 0.904057 0
    outer loop
      vertex 56.9343 -1.0583 3
      vertex 57.0408 -1.10865 0
      vertex 56.9343 -1.0583 0
    endloop
  endfacet
  facet normal 0.998786 -0.0492515 0
    outer loop
      vertex 56.3 0 3
      vertex 56.3058 0.11762 0
      vertex 56.3058 0.11762 3
    endloop
  endfacet
  facet normal 0.998786 -0.0492515 0
    outer loop
      vertex 56.3058 0.11762 0
      vertex 56.3 0 3
      vertex 56.3 0 0
    endloop
  endfacet
  facet normal -0.941741 0.336339 0
    outer loop
      vertex 70.6087 -0.45922 0
      vertex 70.6483 -0.348341 3
      vertex 70.6483 -0.348341 0
    endloop
  endfacet
  facet normal -0.941741 0.336339 0
    outer loop
      vertex 70.6483 -0.348341 3
      vertex 70.6087 -0.45922 0
      vertex 70.6087 -0.45922 3
    endloop
  endfacet
  facet normal 0.857885 -0.513841 0
    outer loop
      vertex 56.4417 0.565676 3
      vertex 56.5022 0.666684 0
      vertex 56.5022 0.666684 3
    endloop
  endfacet
  facet normal 0.857885 -0.513841 0
    outer loop
      vertex 56.5022 0.666684 0
      vertex 56.4417 0.565676 3
      vertex 56.4417 0.565676 0
    endloop
  endfacet
  facet normal -0.803006 0.59597 0
    outer loop
      vertex 70.4276 -0.761271 0
      vertex 70.4978 -0.666684 3
      vertex 70.4978 -0.666684 0
    endloop
  endfacet
  facet normal -0.803006 0.59597 0
    outer loop
      vertex 70.4978 -0.666684 3
      vertex 70.4276 -0.761271 0
      vertex 70.4276 -0.761271 3
    endloop
  endfacet
  facet normal -0.427411 0.904057 0
    outer loop
      vertex 70.0657 -1.0583 0
      vertex 69.9592 -1.10865 3
      vertex 70.0657 -1.0583 3
    endloop
  endfacet
  facet normal -0.427411 0.904057 0
    outer loop
      vertex 69.9592 -1.10865 3
      vertex 70.0657 -1.0583 0
      vertex 69.9592 -1.10865 0
    endloop
  endfacet
  facet normal 0.903825 -0.427902 0
    outer loop
      vertex 56.3913 0.45922 3
      vertex 56.4417 0.565676 0
      vertex 56.4417 0.565676 3
    endloop
  endfacet
  facet normal 0.903825 -0.427902 0
    outer loop
      vertex 56.4417 0.565676 0
      vertex 56.3913 0.45922 3
      vertex 56.3913 0.45922 0
    endloop
  endfacet
  facet normal -0.970059 0.242869 0
    outer loop
      vertex 70.6483 -0.348341 0
      vertex 70.6769 -0.234108 3
      vertex 70.6769 -0.234108 0
    endloop
  endfacet
  facet normal -0.970059 0.242869 0
    outer loop
      vertex 70.6769 -0.234108 3
      vertex 70.6483 -0.348341 0
      vertex 70.6483 -0.348341 3
    endloop
  endfacet
  facet normal -0.514102 0.857729 0
    outer loop
      vertex 70.1667 -0.997763 0
      vertex 70.0657 -1.0583 3
      vertex 70.1667 -0.997763 3
    endloop
  endfacet
  facet normal -0.514102 0.857729 0
    outer loop
      vertex 70.0657 -1.0583 3
      vertex 70.1667 -0.997763 0
      vertex 70.0657 -1.0583 0
    endloop
  endfacet
  facet normal -0.336885 -0.941546 0
    outer loop
      vertex 69.8483 1.14833 0
      vertex 69.9592 1.10865 3
      vertex 69.8483 1.14833 3
    endloop
  endfacet
  facet normal -0.336885 -0.941546 -0
    outer loop
      vertex 69.9592 1.10865 3
      vertex 69.8483 1.14833 0
      vertex 69.9592 1.10865 0
    endloop
  endfacet
  facet normal 0.970059 -0.242869 0
    outer loop
      vertex 56.3231 0.234108 3
      vertex 56.3517 0.348341 0
      vertex 56.3517 0.348341 3
    endloop
  endfacet
  facet normal 0.970059 -0.242869 0
    outer loop
      vertex 56.3517 0.348341 0
      vertex 56.3231 0.234108 3
      vertex 56.3231 0.234108 0
    endloop
  endfacet
  facet normal 0.989151 -0.146902 0
    outer loop
      vertex 56.3058 0.11762 3
      vertex 56.3231 0.234108 0
      vertex 56.3231 0.234108 3
    endloop
  endfacet
  facet normal 0.989151 -0.146902 0
    outer loop
      vertex 56.3231 0.234108 0
      vertex 56.3058 0.11762 3
      vertex 56.3058 0.11762 0
    endloop
  endfacet
  facet normal -0 0 1
    outer loop
      vertex 74 5 31
      vertex 79 -5 31
      vertex 79 5 31
    endloop
  endfacet
  facet normal 0 0 1
    outer loop
      vertex 79 -5 31
      vertex 74 5 31
      vertex 74 -5 31
    endloop
  endfacet
  facet normal 0 -1 0
    outer loop
      vertex 74 5 31
      vertex 79 5 41
      vertex 74 5 41
    endloop
  endfacet
  facet normal 0 -1 -0
    outer loop
      vertex 79 5 41
      vertex 74 5 31
      vertex 79 5 31
    endloop
  endfacet
  facet normal 0 1 -0
    outer loop
      vertex 79 -5 31
      vertex 74 -5 41
      vertex 79 -5 41
    endloop
  endfacet
  facet normal 0 1 0
    outer loop
      vertex 74 -5 41
      vertex 79 -5 31
      vertex 74 -5 31
    endloop
  endfacet
  facet normal 1 -0 0
    outer loop
      vertex 79 29 3.5
      vertex 79 71 0
      vertex 79 71 3.5
    endloop
  endfacet
  facet normal 1 0 0
    outer loop
      vertex 79 71 0
      vertex 79 29 3.5
      vertex 79 29 0
    endloop
  endfacet
  facet normal 0 0 -1
    outer loop
      vertex -17.3517 36.3483 0
      vertex 56 40 0
      vertex -17.3231 36.2341 0
    endloop
  endfacet
  facet normal 0 0 -1
    outer loop
      vertex 56 60 0
      vertex -17.3058 63.8824 0
      vertex -17.3 64 0
    endloop
  endfacet
  facet normal 0 0 -1
    outer loop
      vertex -17.3913 36.4592 0
      vertex 56 40 0
      vertex -17.3517 36.3483 0
    endloop
  endfacet
  facet normal 0 0 -1
    outer loop
      vertex 56 60 0
      vertex -17.3231 63.7659 0
      vertex -17.3058 63.8824 0
    endloop
  endfacet
  facet normal -0 0 -1
    outer loop
      vertex 56 40 0
      vertex -17.3913 36.4592 0
      vertex 56 60 0
    endloop
  endfacet
  facet normal 0 0 -1
    outer loop
      vertex 56 60 0
      vertex -17.3517 63.6517 0
      vertex -17.3231 63.7659 0
    endloop
  endfacet
  facet normal 0 0 -1
    outer loop
      vertex -17.3913 63.5408 0
      vertex 56 60 0
      vertex -17.3913 36.4592 0
    endloop
  endfacet
  facet normal 0 0 -1
    outer loop
      vertex 56 60 0
      vertex -17.3913 63.5408 0
      vertex -17.3517 63.6517 0
    endloop
  endfacet
  facet normal 0 0 -1
    outer loop
      vertex -17.4417 36.5657 0
      vertex -17.3913 63.5408 0
      vertex -17.3913 36.4592 0
    endloop
  endfacet
  facet normal 0 0 -1
    outer loop
      vertex -17.4417 36.5657 0
      vertex -17.4417 63.4343 0
      vertex -17.3913 63.5408 0
    endloop
  endfacet
  facet normal 0 0 -1
    outer loop
      vertex -17.5022 36.6667 0
      vertex -17.4417 63.4343 0
      vertex -17.4417 36.5657 0
    endloop
  endfacet
  facet normal 0 0 -1
    outer loop
      vertex -17.5022 36.6667 0
      vertex -17.5022 63.3333 0
      vertex -17.4417 63.4343 0
    endloop
  endfacet
  facet normal 0 0 -1
    outer loop
      vertex -17.5724 36.7613 0
      vertex -17.5022 63.3333 0
      vertex -17.5022 36.6667 0
    endloop
  endfacet
  facet normal 0 0 -1
    outer loop
      vertex -17.5724 36.7613 0
      vertex -17.5724 63.2387 0
      vertex -17.5022 63.3333 0
    endloop
  endfacet
  facet normal 0 0 -1
    outer loop
      vertex -17.6515 36.8485 0
      vertex -17.5724 63.2387 0
      vertex -17.5724 36.7613 0
    endloop
  endfacet
  facet normal 0 0 -1
    outer loop
      vertex -17.6515 36.8485 0
      vertex -17.6515 63.1515 0
      vertex -17.5724 63.2387 0
    endloop
  endfacet
  facet normal 0 0 -1
    outer loop
      vertex -17.7387 36.9276 0
      vertex -17.6515 63.1515 0
      vertex -17.6515 36.8485 0
    endloop
  endfacet
  facet normal 0 0 -1
    outer loop
      vertex -17.7387 36.9276 0
      vertex -17.7387 63.0724 0
      vertex -17.6515 63.1515 0
    endloop
  endfacet
  facet normal 0 0 -1
    outer loop
      vertex -17.8333 36.9978 0
      vertex -17.7387 63.0724 0
      vertex -17.7387 36.9276 0
    endloop
  endfacet
  facet normal 0 0 -1
    outer loop
      vertex -17.8333 36.9978 0
      vertex -17.8333 63.0022 0
      vertex -17.7387 63.0724 0
    endloop
  endfacet
  facet normal 0 0 -1
    outer loop
      vertex -17.9343 37.0583 0
      vertex -17.8333 63.0022 0
      vertex -17.8333 36.9978 0
    endloop
  endfacet
  facet normal 0 0 -1
    outer loop
      vertex -17.9343 37.0583 0
      vertex -17.9343 62.9417 0
      vertex -17.8333 63.0022 0
    endloop
  endfacet
  facet normal 0 0 -1
    outer loop
      vertex -18.0408 37.1087 0
      vertex -17.9343 62.9417 0
      vertex -17.9343 37.0583 0
    endloop
  endfacet
  facet normal 0 0 -1
    outer loop
      vertex -18.0408 37.1087 0
      vertex -18.0408 62.8913 0
      vertex -17.9343 62.9417 0
    endloop
  endfacet
  facet normal 0 0 -1
    outer loop
      vertex -18.1517 37.1483 0
      vertex -18.0408 62.8913 0
      vertex -18.0408 37.1087 0
    endloop
  endfacet
  facet normal 0 0 -1
    outer loop
      vertex -18.1517 37.1483 0
      vertex -18.1517 62.8517 0
      vertex -18.0408 62.8913 0
    endloop
  endfacet
  facet normal 0 0 -1
    outer loop
      vertex -18.2659 37.1769 0
      vertex -18.1517 62.8517 0
      vertex -18.1517 37.1483 0
    endloop
  endfacet
  facet normal 0 0 -1
    outer loop
      vertex -18.2659 37.1769 0
      vertex -18.2659 62.8231 0
      vertex -18.1517 62.8517 0
    endloop
  endfacet
  facet normal 0 0 -1
    outer loop
      vertex -18.3824 37.1942 0
      vertex -18.2659 62.8231 0
      vertex -18.2659 37.1769 0
    endloop
  endfacet
  facet normal 0 0 -1
    outer loop
      vertex -18.3824 37.1942 0
      vertex -18.3824 62.8058 0
      vertex -18.2659 62.8231 0
    endloop
  endfacet
  facet normal 0 0 -1
    outer loop
      vertex -18.5 37.2 0
      vertex -18.3824 62.8058 0
      vertex -18.3824 37.1942 0
    endloop
  endfacet
  facet normal 0 0 -1
    outer loop
      vertex -18.5 37.2 0
      vertex -18.5 62.8 0
      vertex -18.3824 62.8058 0
    endloop
  endfacet
  facet normal 0 0 -1
    outer loop
      vertex -18.6176 37.1942 0
      vertex -18.5 62.8 0
      vertex -18.5 37.2 0
    endloop
  endfacet
  facet normal 0 0 -1
    outer loop
      vertex -18.6176 37.1942 0
      vertex -18.6176 62.8058 0
      vertex -18.5 62.8 0
    endloop
  endfacet
  facet normal 0 0 -1
    outer loop
      vertex -18.7341 37.1769 0
      vertex -18.6176 62.8058 0
      vertex -18.6176 37.1942 0
    endloop
  endfacet
  facet normal 0 0 -1
    outer loop
      vertex -18.7341 37.1769 0
      vertex -18.7341 62.8231 0
      vertex -18.6176 62.8058 0
    endloop
  endfacet
  facet normal 0 0 -1
    outer loop
      vertex -18.8483 37.1483 0
      vertex -18.7341 62.8231 0
      vertex -18.7341 37.1769 0
    endloop
  endfacet
  facet normal 0 0 -1
    outer loop
      vertex -18.8483 37.1483 0
      vertex -18.8483 62.8517 0
      vertex -18.7341 62.8231 0
    endloop
  endfacet
  facet normal 0 0 -1
    outer loop
      vertex -18.9592 37.1087 0
      vertex -18.8483 62.8517 0
      vertex -18.8483 37.1483 0
    endloop
  endfacet
  facet normal 0 0 -1
    outer loop
      vertex -18.9592 37.1087 0
      vertex -18.9592 62.8913 0
      vertex -18.8483 62.8517 0
    endloop
  endfacet
  facet normal 0 0 -1
    outer loop
      vertex -19.0657 37.0583 0
      vertex -18.9592 62.8913 0
      vertex -18.9592 37.1087 0
    endloop
  endfacet
  facet normal 0 0 -1
    outer loop
      vertex -19.0657 37.0583 0
      vertex -19.0657 62.9417 0
      vertex -18.9592 62.8913 0
    endloop
  endfacet
  facet normal 0 0 -1
    outer loop
      vertex -19.1667 36.9978 0
      vertex -19.0657 62.9417 0
      vertex -19.0657 37.0583 0
    endloop
  endfacet
  facet normal 0 0 -1
    outer loop
      vertex -19.1667 36.9978 0
      vertex -19.1667 63.0022 0
      vertex -19.0657 62.9417 0
    endloop
  endfacet
  facet normal 0 0 -1
    outer loop
      vertex -19.2613 36.9276 0
      vertex -19.1667 63.0022 0
      vertex -19.1667 36.9978 0
    endloop
  endfacet
  facet normal 0 0 -1
    outer loop
      vertex -19.2613 36.9276 0
      vertex -19.2613 63.0724 0
      vertex -19.1667 63.0022 0
    endloop
  endfacet
  facet normal 0 0 -1
    outer loop
      vertex -19.3485 36.8485 0
      vertex -19.2613 63.0724 0
      vertex -19.2613 36.9276 0
    endloop
  endfacet
  facet normal 0 0 -1
    outer loop
      vertex -19.3485 36.8485 0
      vertex -19.3485 63.1515 0
      vertex -19.2613 63.0724 0
    endloop
  endfacet
  facet normal 0 0 -1
    outer loop
      vertex -19.4276 36.7613 0
      vertex -19.3485 63.1515 0
      vertex -19.3485 36.8485 0
    endloop
  endfacet
  facet normal 0 0 -1
    outer loop
      vertex -19.4276 36.7613 0
      vertex -19.4276 63.2387 0
      vertex -19.3485 63.1515 0
    endloop
  endfacet
  facet normal 0 0 -1
    outer loop
      vertex -19.4978 36.6667 0
      vertex -19.4276 63.2387 0
      vertex -19.4276 36.7613 0
    endloop
  endfacet
  facet normal 0 0 -1
    outer loop
      vertex -19.4978 36.6667 0
      vertex -19.4978 63.3333 0
      vertex -19.4276 63.2387 0
    endloop
  endfacet
  facet normal 0 0 -1
    outer loop
      vertex -19.5583 36.5657 0
      vertex -19.4978 63.3333 0
      vertex -19.4978 36.6667 0
    endloop
  endfacet
  facet normal 0 0 -1
    outer loop
      vertex -19.5583 36.5657 0
      vertex -19.5583 63.4343 0
      vertex -19.4978 63.3333 0
    endloop
  endfacet
  facet normal 0 0 -1
    outer loop
      vertex -19.6087 36.4592 0
      vertex -19.5583 63.4343 0
      vertex -19.5583 36.5657 0
    endloop
  endfacet
  facet normal 0 0 -1
    outer loop
      vertex -19.6087 36.4592 0
      vertex -19.6087 63.5408 0
      vertex -19.5583 63.4343 0
    endloop
  endfacet
  facet normal 0 0 -1
    outer loop
      vertex -19.6483 36.3483 0
      vertex -19.6087 63.5408 0
      vertex -19.6087 36.4592 0
    endloop
  endfacet
  facet normal 0 0 -1
    outer loop
      vertex -19.6483 36.3483 0
      vertex -19.6483 63.6517 0
      vertex -19.6087 63.5408 0
    endloop
  endfacet
  facet normal 0 0 -1
    outer loop
      vertex -19.6769 36.2341 0
      vertex -19.6483 63.6517 0
      vertex -19.6483 36.3483 0
    endloop
  endfacet
  facet normal 0 0 -1
    outer loop
      vertex -19.6769 36.2341 0
      vertex -19.6769 63.7659 0
      vertex -19.6483 63.6517 0
    endloop
  endfacet
  facet normal 0 0 -1
    outer loop
      vertex -19.6942 36.1176 0
      vertex -19.6769 63.7659 0
      vertex -19.6769 36.2341 0
    endloop
  endfacet
  facet normal 0 0 -1
    outer loop
      vertex -19.6942 36.1176 0
      vertex -19.6942 63.8824 0
      vertex -19.6769 63.7659 0
    endloop
  endfacet
  facet normal 0 0 -1
    outer loop
      vertex -21 29 0
      vertex -19.6942 36.1176 0
      vertex -19.7 36 0
    endloop
  endfacet
  facet normal -0 0 -1
    outer loop
      vertex -19.6942 36.1176 0
      vertex -21 29 0
      vertex -19.6942 63.8824 0
    endloop
  endfacet
  facet normal 0 0 -1
    outer loop
      vertex 77.6942 63.8824 0
      vertex 79 71 0
      vertex 77.6942 36.1176 0
    endloop
  endfacet
  facet normal 0 0 -1
    outer loop
      vertex 79 71 0
      vertex 77.6942 63.8824 0
      vertex 77.7 64 0
    endloop
  endfacet
  facet normal 0 0 -1
    outer loop
      vertex 77.6769 36.2341 0
      vertex 77.6942 63.8824 0
      vertex 77.6942 36.1176 0
    endloop
  endfacet
  facet normal 0 0 -1
    outer loop
      vertex 77.6769 36.2341 0
      vertex 77.6769 63.7659 0
      vertex 77.6942 63.8824 0
    endloop
  endfacet
  facet normal 0 0 -1
    outer loop
      vertex 77.6483 36.3483 0
      vertex 77.6769 63.7659 0
      vertex 77.6769 36.2341 0
    endloop
  endfacet
  facet normal 0 0 -1
    outer loop
      vertex 77.6483 36.3483 0
      vertex 77.6483 63.6517 0
      vertex 77.6769 63.7659 0
    endloop
  endfacet
  facet normal 0 0 -1
    outer loop
      vertex 77.6087 36.4592 0
      vertex 77.6483 63.6517 0
      vertex 77.6483 36.3483 0
    endloop
  endfacet
  facet normal 0 0 -1
    outer loop
      vertex 77.6087 36.4592 0
      vertex 77.6087 63.5408 0
      vertex 77.6483 63.6517 0
    endloop
  endfacet
  facet normal 0 0 -1
    outer loop
      vertex 77.5583 36.5657 0
      vertex 77.6087 63.5408 0
      vertex 77.6087 36.4592 0
    endloop
  endfacet
  facet normal 0 0 -1
    outer loop
      vertex 77.5583 36.5657 0
      vertex 77.5583 63.4343 0
      vertex 77.6087 63.5408 0
    endloop
  endfacet
  facet normal 0 0 -1
    outer loop
      vertex 77.4978 36.6667 0
      vertex 77.5583 63.4343 0
      vertex 77.5583 36.5657 0
    endloop
  endfacet
  facet normal 0 0 -1
    outer loop
      vertex 77.4978 36.6667 0
      vertex 77.4978 63.3333 0
      vertex 77.5583 63.4343 0
    endloop
  endfacet
  facet normal 0 0 -1
    outer loop
      vertex 77.4276 36.7613 0
      vertex 77.4978 63.3333 0
      vertex 77.4978 36.6667 0
    endloop
  endfacet
  facet normal 0 0 -1
    outer loop
      vertex 77.4276 36.7613 0
      vertex 77.4276 63.2387 0
      vertex 77.4978 63.3333 0
    endloop
  endfacet
  facet normal 0 0 -1
    outer loop
      vertex 77.3485 36.8485 0
      vertex 77.4276 63.2387 0
      vertex 77.4276 36.7613 0
    endloop
  endfacet
  facet normal 0 0 -1
    outer loop
      vertex 77.3485 36.8485 0
      vertex 77.3485 63.1515 0
      vertex 77.4276 63.2387 0
    endloop
  endfacet
  facet normal 0 0 -1
    outer loop
      vertex 77.2613 36.9276 0
      vertex 77.3485 63.1515 0
      vertex 77.3485 36.8485 0
    endloop
  endfacet
  facet normal 0 0 -1
    outer loop
      vertex 77.2613 36.9276 0
      vertex 77.2613 63.0724 0
      vertex 77.3485 63.1515 0
    endloop
  endfacet
  facet normal 0 0 -1
    outer loop
      vertex 77.1667 36.9978 0
      vertex 77.2613 63.0724 0
      vertex 77.2613 36.9276 0
    endloop
  endfacet
  facet normal 0 0 -1
    outer loop
      vertex 77.1667 36.9978 0
      vertex 77.1667 63.0022 0
      vertex 77.2613 63.0724 0
    endloop
  endfacet
  facet normal 0 0 -1
    outer loop
      vertex 77.0657 37.0583 0
      vertex 77.1667 63.0022 0
      vertex 77.1667 36.9978 0
    endloop
  endfacet
  facet normal 0 0 -1
    outer loop
      vertex 77.0657 37.0583 0
      vertex 77.0657 62.9417 0
      vertex 77.1667 63.0022 0
    endloop
  endfacet
  facet normal 0 0 -1
    outer loop
      vertex 76.9592 37.1087 0
      vertex 77.0657 62.9417 0
      vertex 77.0657 37.0583 0
    endloop
  endfacet
  facet normal 0 0 -1
    outer loop
      vertex 76.9592 37.1087 0
      vertex 76.9592 62.8913 0
      vertex 77.0657 62.9417 0
    endloop
  endfacet
  facet normal 0 0 -1
    outer loop
      vertex 76.8483 37.1483 0
      vertex 76.9592 62.8913 0
      vertex 76.9592 37.1087 0
    endloop
  endfacet
  facet normal 0 0 -1
    outer loop
      vertex 76.8483 37.1483 0
      vertex 76.8483 62.8517 0
      vertex 76.9592 62.8913 0
    endloop
  endfacet
  facet normal 0 0 -1
    outer loop
      vertex 76.7341 37.1769 0
      vertex 76.8483 62.8517 0
      vertex 76.8483 37.1483 0
    endloop
  endfacet
  facet normal 0 0 -1
    outer loop
      vertex 76.7341 37.1769 0
      vertex 76.7341 62.8231 0
      vertex 76.8483 62.8517 0
    endloop
  endfacet
  facet normal 0 0 -1
    outer loop
      vertex 76.6176 37.1942 0
      vertex 76.7341 62.8231 0
      vertex 76.7341 37.1769 0
    endloop
  endfacet
  facet normal 0 0 -1
    outer loop
      vertex 76.6176 37.1942 0
      vertex 76.6176 62.8058 0
      vertex 76.7341 62.8231 0
    endloop
  endfacet
  facet normal 0 0 -1
    outer loop
      vertex 69.6 40 0
      vertex 76.6176 37.1942 0
      vertex 76.5 37.2 0
    endloop
  endfacet
  facet normal 0 0 -1
    outer loop
      vertex 76.6176 37.1942 0
      vertex 69.6 40 0
      vertex 76.6176 62.8058 0
    endloop
  endfacet
  facet normal 0 0 -1
    outer loop
      vertex 69.6 40 0
      vertex 76.5 37.2 0
      vertex 76.3824 37.1942 0
    endloop
  endfacet
  facet normal 0 0 -1
    outer loop
      vertex 69.6 60 0
      vertex 76.6176 62.8058 0
      vertex 69.6 40 0
    endloop
  endfacet
  facet normal 0 0 -1
    outer loop
      vertex 69.6 40 0
      vertex 76.3824 37.1942 0
      vertex 76.2659 37.1769 0
    endloop
  endfacet
  facet normal 0 0 -1
    outer loop
      vertex 76.6176 62.8058 0
      vertex 69.6 60 0
      vertex 76.5 62.8 0
    endloop
  endfacet
  facet normal 0 0 -1
    outer loop
      vertex 69.6 40 0
      vertex 76.2659 37.1769 0
      vertex 76.1517 37.1483 0
    endloop
  endfacet
  facet normal -0 0 -1
    outer loop
      vertex 76.5 62.8 0
      vertex 69.6 60 0
      vertex 76.3824 62.8058 0
    endloop
  endfacet
  facet normal 0 0 -1
    outer loop
      vertex 69.6 40 0
      vertex 76.1517 37.1483 0
      vertex 76.0408 37.1087 0
    endloop
  endfacet
  facet normal -0 0 -1
    outer loop
      vertex 76.3824 62.8058 0
      vertex 69.6 60 0
      vertex 76.2659 62.8231 0
    endloop
  endfacet
  facet normal 0 0 -1
    outer loop
      vertex 69.6 40 0
      vertex 76.0408 37.1087 0
      vertex 75.9343 37.0583 0
    endloop
  endfacet
  facet normal -0 0 -1
    outer loop
      vertex 76.2659 62.8231 0
      vertex 69.6 60 0
      vertex 76.1517 62.8517 0
    endloop
  endfacet
  facet normal 0 0 -1
    outer loop
      vertex 69.6 40 0
      vertex 75.9343 37.0583 0
      vertex 75.8333 36.9978 0
    endloop
  endfacet
  facet normal -0 0 -1
    outer loop
      vertex 76.1517 62.8517 0
      vertex 69.6 60 0
      vertex 76.0408 62.8913 0
    endloop
  endfacet
  facet normal 0 0 -1
    outer loop
      vertex 69.6 40 0
      vertex 75.8333 36.9978 0
      vertex 75.7387 36.9276 0
    endloop
  endfacet
  facet normal -0 0 -1
    outer loop
      vertex 76.0408 62.8913 0
      vertex 69.6 60 0
      vertex 75.9343 62.9417 0
    endloop
  endfacet
  facet normal 0 0 -1
    outer loop
      vertex 69.6 40 0
      vertex 75.7387 36.9276 0
      vertex 75.6515 36.8485 0
    endloop
  endfacet
  facet normal -0 0 -1
    outer loop
      vertex 75.9343 62.9417 0
      vertex 69.6 60 0
      vertex 75.8333 63.0022 0
    endloop
  endfacet
  facet normal 0 0 -1
    outer loop
      vertex 69.6 40 0
      vertex 75.6515 36.8485 0
      vertex 75.5724 36.7613 0
    endloop
  endfacet
  facet normal -0 0 -1
    outer loop
      vertex 75.8333 63.0022 0
      vertex 69.6 60 0
      vertex 75.7387 63.0724 0
    endloop
  endfacet
  facet normal 0 0 -1
    outer loop
      vertex 69.6 40 0
      vertex 75.5724 36.7613 0
      vertex 75.5022 36.6667 0
    endloop
  endfacet
  facet normal -0 0 -1
    outer loop
      vertex 75.7387 63.0724 0
      vertex 69.6 60 0
      vertex 75.6515 63.1515 0
    endloop
  endfacet
  facet normal 0 0 -1
    outer loop
      vertex 69.6 40 0
      vertex 75.5022 36.6667 0
      vertex 75.4417 36.5657 0
    endloop
  endfacet
  facet normal -0 0 -1
    outer loop
      vertex 75.6515 63.1515 0
      vertex 69.6 60 0
      vertex 75.5724 63.2387 0
    endloop
  endfacet
  facet normal 0 0 -1
    outer loop
      vertex 69.6 40 0
      vertex 75.4417 36.5657 0
      vertex 75.3913 36.4592 0
    endloop
  endfacet
  facet normal -0 0 -1
    outer loop
      vertex 75.5724 63.2387 0
      vertex 69.6 60 0
      vertex 75.5022 63.3333 0
    endloop
  endfacet
  facet normal 0 0 -1
    outer loop
      vertex 69.6 40 0
      vertex 75.3913 36.4592 0
      vertex 75.3517 36.3483 0
    endloop
  endfacet
  facet normal -0 0 -1
    outer loop
      vertex 75.5022 63.3333 0
      vertex 69.6 60 0
      vertex 75.4417 63.4343 0
    endloop
  endfacet
  facet normal 0 0 -1
    outer loop
      vertex 69.6 40 0
      vertex 75.3517 36.3483 0
      vertex 75.3231 36.2341 0
    endloop
  endfacet
  facet normal -0 0 -1
    outer loop
      vertex 75.4417 63.4343 0
      vertex 69.6 60 0
      vertex 75.3913 63.5408 0
    endloop
  endfacet
  facet normal 0 0 -1
    outer loop
      vertex 69.6 40 0
      vertex 75.3231 36.2341 0
      vertex 75.3058 36.1176 0
    endloop
  endfacet
  facet normal -0 0 -1
    outer loop
      vertex 75.3913 63.5408 0
      vertex 69.6 60 0
      vertex 75.3517 63.6517 0
    endloop
  endfacet
  facet normal 0 0 -1
    outer loop
      vertex 69.6 40 0
      vertex 75.3058 36.1176 0
      vertex 75.3 36 0
    endloop
  endfacet
  facet normal -0 0 -1
    outer loop
      vertex 75.3517 63.6517 0
      vertex 69.6 60 0
      vertex 75.3231 63.7659 0
    endloop
  endfacet
  facet normal 0 0 -1
    outer loop
      vertex 77.6942 36.1176 0
      vertex 79 29 0
      vertex 77.7 36 0
    endloop
  endfacet
  facet normal 0 0 -1
    outer loop
      vertex 79 29 0
      vertex 77.6942 35.8824 0
      vertex 77.7 36 0
    endloop
  endfacet
  facet normal 0 0 -1
    outer loop
      vertex 79 29 0
      vertex 77.6769 35.7659 0
      vertex 77.6942 35.8824 0
    endloop
  endfacet
  facet normal 0 0 -1
    outer loop
      vertex 79 29 0
      vertex 77.6483 35.6517 0
      vertex 77.6769 35.7659 0
    endloop
  endfacet
  facet normal 0 0 -1
    outer loop
      vertex 79 29 0
      vertex 77.6087 35.5408 0
      vertex 77.6483 35.6517 0
    endloop
  endfacet
  facet normal 0 0 -1
    outer loop
      vertex 79 29 0
      vertex 77.5583 35.4343 0
      vertex 77.6087 35.5408 0
    endloop
  endfacet
  facet normal 0 0 -1
    outer loop
      vertex 79 29 0
      vertex 77.4978 35.3333 0
      vertex 77.5583 35.4343 0
    endloop
  endfacet
  facet normal 0 0 -1
    outer loop
      vertex 79 29 0
      vertex 77.4276 35.2387 0
      vertex 77.4978 35.3333 0
    endloop
  endfacet
  facet normal 0 0 -1
    outer loop
      vertex 79 29 0
      vertex 77.3485 35.1515 0
      vertex 77.4276 35.2387 0
    endloop
  endfacet
  facet normal 0 0 -1
    outer loop
      vertex 79 29 0
      vertex 77.2613 35.0724 0
      vertex 77.3485 35.1515 0
    endloop
  endfacet
  facet normal 0 0 -1
    outer loop
      vertex 79 29 0
      vertex 77.1667 35.0022 0
      vertex 77.2613 35.0724 0
    endloop
  endfacet
  facet normal 0 0 -1
    outer loop
      vertex 79 29 0
      vertex 77.0657 34.9417 0
      vertex 77.1667 35.0022 0
    endloop
  endfacet
  facet normal 0 0 -1
    outer loop
      vertex 79 29 0
      vertex 76.9592 34.8913 0
      vertex 77.0657 34.9417 0
    endloop
  endfacet
  facet normal 0 0 -1
    outer loop
      vertex 79 29 0
      vertex 76.8483 34.8517 0
      vertex 76.9592 34.8913 0
    endloop
  endfacet
  facet normal 0 0 -1
    outer loop
      vertex 79 29 0
      vertex 76.7341 34.8231 0
      vertex 76.8483 34.8517 0
    endloop
  endfacet
  facet normal 0 0 -1
    outer loop
      vertex 79 29 0
      vertex 76.6176 34.8058 0
      vertex 76.7341 34.8231 0
    endloop
  endfacet
  facet normal 0 0 -1
    outer loop
      vertex 79 29 0
      vertex 76.5 34.8 0
      vertex 76.6176 34.8058 0
    endloop
  endfacet
  facet normal 0 0 -1
    outer loop
      vertex 79 29 0
      vertex 76.3824 34.8058 0
      vertex 76.5 34.8 0
    endloop
  endfacet
  facet normal 0 0 -1
    outer loop
      vertex 79 29 0
      vertex 76.2659 34.8231 0
      vertex 76.3824 34.8058 0
    endloop
  endfacet
  facet normal 0 0 -1
    outer loop
      vertex 79 29 0
      vertex 76.1517 34.8517 0
      vertex 76.2659 34.8231 0
    endloop
  endfacet
  facet normal 0 0 -1
    outer loop
      vertex 79 29 0
      vertex 76.0408 34.8913 0
      vertex 76.1517 34.8517 0
    endloop
  endfacet
  facet normal 0 0 -1
    outer loop
      vertex 79 29 0
      vertex 75.9343 34.9417 0
      vertex 76.0408 34.8913 0
    endloop
  endfacet
  facet normal 0 0 -1
    outer loop
      vertex 79 29 0
      vertex 75.8333 35.0022 0
      vertex 75.9343 34.9417 0
    endloop
  endfacet
  facet normal 0 0 -1
    outer loop
      vertex 79 29 0
      vertex 75.7387 35.0724 0
      vertex 75.8333 35.0022 0
    endloop
  endfacet
  facet normal 0 0 -1
    outer loop
      vertex 79 29 0
      vertex 75.6515 35.1515 0
      vertex 75.7387 35.0724 0
    endloop
  endfacet
  facet normal 0 0 -1
    outer loop
      vertex 79 29 0
      vertex 75.5724 35.2387 0
      vertex 75.6515 35.1515 0
    endloop
  endfacet
  facet normal 0 0 -1
    outer loop
      vertex 65.6 40 0
      vertex 75.5724 35.2387 0
      vertex 79 29 0
    endloop
  endfacet
  facet normal 0 0 -1
    outer loop
      vertex 75.5724 35.2387 0
      vertex 65.6 40 0
      vertex 75.5022 35.3333 0
    endloop
  endfacet
  facet normal -0 0 -1
    outer loop
      vertex 75.3231 63.7659 0
      vertex 69.6 60 0
      vertex 75.3058 63.8824 0
    endloop
  endfacet
  facet normal 0 0 -1
    outer loop
      vertex 75.3058 35.8824 0
      vertex 69.6 40 0
      vertex 75.3 36 0
    endloop
  endfacet
  facet normal 0 0 -1
    outer loop
      vertex 75.3231 35.7659 0
      vertex 69.6 40 0
      vertex 75.3058 35.8824 0
    endloop
  endfacet
  facet normal 0 0 -1
    outer loop
      vertex 75.3517 35.6517 0
      vertex 69.6 40 0
      vertex 75.3231 35.7659 0
    endloop
  endfacet
  facet normal 0 0 -1
    outer loop
      vertex 75.3913 35.5408 0
      vertex 69.6 40 0
      vertex 75.3517 35.6517 0
    endloop
  endfacet
  facet normal 0 0 -1
    outer loop
      vertex 68 40 0
      vertex 75.3913 35.5408 0
      vertex 75.4417 35.4343 0
    endloop
  endfacet
  facet normal -0 -0 -1
    outer loop
      vertex 68 40 0
      vertex 75.5022 35.3333 0
      vertex 65.6 40 0
    endloop
  endfacet
  facet normal 0 0 -1
    outer loop
      vertex 75.3913 35.5408 0
      vertex 68 40 0
      vertex 69.6 40 0
    endloop
  endfacet
  facet normal 0 0 -1
    outer loop
      vertex 68 40 0
      vertex 65.6 40 0
      vertex 68 60 0
    endloop
  endfacet
  facet normal 0 0 -1
    outer loop
      vertex 75.5022 35.3333 0
      vertex 68 40 0
      vertex 75.4417 35.4343 0
    endloop
  endfacet
  facet normal 0 0 -1
    outer loop
      vertex 79 29 0
      vertex 64 40 0
      vertex 65.6 40 0
    endloop
  endfacet
  facet normal 0 0 -1
    outer loop
      vertex 64 40 0
      vertex 61.6 40 0
      vertex 64 60 0
    endloop
  endfacet
  facet normal 0 0 -1
    outer loop
      vertex 79 29 0
      vertex 61.6 40 0
      vertex 64 40 0
    endloop
  endfacet
  facet normal 0 0 -1
    outer loop
      vertex 79 29 0
      vertex 60 40 0
      vertex 61.6 40 0
    endloop
  endfacet
  facet normal 0 0 -1
    outer loop
      vertex 60 40 0
      vertex 57.6 40 0
      vertex 60 60 0
    endloop
  endfacet
  facet normal 0 0 -1
    outer loop
      vertex 79 29 0
      vertex 57.6 40 0
      vertex 60 40 0
    endloop
  endfacet
  facet normal 0 0 -1
    outer loop
      vertex 79 29 0
      vertex 56 40 0
      vertex 57.6 40 0
    endloop
  endfacet
  facet normal 0 0 -1
    outer loop
      vertex -17.3058 36.1176 0
      vertex 56 40 0
      vertex -17.3 36 0
    endloop
  endfacet
  facet normal 0 0 -1
    outer loop
      vertex -21 29 0
      vertex 56 40 0
      vertex 79 29 0
    endloop
  endfacet
  facet normal 0 0 -1
    outer loop
      vertex 56 40 0
      vertex -17.3058 35.8824 0
      vertex -17.3 36 0
    endloop
  endfacet
  facet normal 0 0 -1
    outer loop
      vertex 56 40 0
      vertex -17.3231 35.7659 0
      vertex -17.3058 35.8824 0
    endloop
  endfacet
  facet normal 0 0 -1
    outer loop
      vertex 56 40 0
      vertex -17.3517 35.6517 0
      vertex -17.3231 35.7659 0
    endloop
  endfacet
  facet normal 0 0 -1
    outer loop
      vertex 56 40 0
      vertex -17.3913 35.5408 0
      vertex -17.3517 35.6517 0
    endloop
  endfacet
  facet normal 0 0 -1
    outer loop
      vertex 56 40 0
      vertex -17.4417 35.4343 0
      vertex -17.3913 35.5408 0
    endloop
  endfacet
  facet normal 0 0 -1
    outer loop
      vertex 56 40 0
      vertex -17.5022 35.3333 0
      vertex -17.4417 35.4343 0
    endloop
  endfacet
  facet normal 0 0 -1
    outer loop
      vertex 56 40 0
      vertex -21 29 0
      vertex -17.5022 35.3333 0
    endloop
  endfacet
  facet normal 0 0 -1
    outer loop
      vertex -17.5022 35.3333 0
      vertex -21 29 0
      vertex -17.5724 35.2387 0
    endloop
  endfacet
  facet normal 0 0 -1
    outer loop
      vertex -17.5724 35.2387 0
      vertex -21 29 0
      vertex -17.6515 35.1515 0
    endloop
  endfacet
  facet normal 0 0 -1
    outer loop
      vertex -17.6515 35.1515 0
      vertex -21 29 0
      vertex -17.7387 35.0724 0
    endloop
  endfacet
  facet normal 0 0 -1
    outer loop
      vertex -17.7387 35.0724 0
      vertex -21 29 0
      vertex -17.8333 35.0022 0
    endloop
  endfacet
  facet normal 0 0 -1
    outer loop
      vertex -17.8333 35.0022 0
      vertex -21 29 0
      vertex -17.9343 34.9417 0
    endloop
  endfacet
  facet normal 0 0 -1
    outer loop
      vertex -17.9343 34.9417 0
      vertex -21 29 0
      vertex -18.0408 34.8913 0
    endloop
  endfacet
  facet normal 0 0 -1
    outer loop
      vertex -18.0408 34.8913 0
      vertex -21 29 0
      vertex -18.1517 34.8517 0
    endloop
  endfacet
  facet normal 0 0 -1
    outer loop
      vertex -18.1517 34.8517 0
      vertex -21 29 0
      vertex -18.2659 34.8231 0
    endloop
  endfacet
  facet normal 0 0 -1
    outer loop
      vertex -18.2659 34.8231 0
      vertex -21 29 0
      vertex -18.3824 34.8058 0
    endloop
  endfacet
  facet normal 0 0 -1
    outer loop
      vertex -18.3824 34.8058 0
      vertex -21 29 0
      vertex -18.5 34.8 0
    endloop
  endfacet
  facet normal 0 0 -1
    outer loop
      vertex -21 71 0
      vertex -19.6942 63.8824 0
      vertex -21 29 0
    endloop
  endfacet
  facet normal -0 0 -1
    outer loop
      vertex -19.6942 35.8824 0
      vertex -21 29 0
      vertex -19.7 36 0
    endloop
  endfacet
  facet normal -0 0 -1
    outer loop
      vertex -19.6769 35.7659 0
      vertex -21 29 0
      vertex -19.6942 35.8824 0
    endloop
  endfacet
  facet normal -0 0 -1
    outer loop
      vertex -19.6483 35.6517 0
      vertex -21 29 0
      vertex -19.6769 35.7659 0
    endloop
  endfacet
  facet normal -0 0 -1
    outer loop
      vertex -19.6087 35.5408 0
      vertex -21 29 0
      vertex -19.6483 35.6517 0
    endloop
  endfacet
  facet normal -0 0 -1
    outer loop
      vertex -19.5583 35.4343 0
      vertex -21 29 0
      vertex -19.6087 35.5408 0
    endloop
  endfacet
  facet normal -0 0 -1
    outer loop
      vertex -19.4978 35.3333 0
      vertex -21 29 0
      vertex -19.5583 35.4343 0
    endloop
  endfacet
  facet normal -0 0 -1
    outer loop
      vertex -19.4276 35.2387 0
      vertex -21 29 0
      vertex -19.4978 35.3333 0
    endloop
  endfacet
  facet normal -0 0 -1
    outer loop
      vertex -19.3485 35.1515 0
      vertex -21 29 0
      vertex -19.4276 35.2387 0
    endloop
  endfacet
  facet normal -0 0 -1
    outer loop
      vertex -19.2613 35.0724 0
      vertex -21 29 0
      vertex -19.3485 35.1515 0
    endloop
  endfacet
  facet normal -0 0 -1
    outer loop
      vertex -19.1667 35.0022 0
      vertex -21 29 0
      vertex -19.2613 35.0724 0
    endloop
  endfacet
  facet normal -0 0 -1
    outer loop
      vertex -19.0657 34.9417 0
      vertex -21 29 0
      vertex -19.1667 35.0022 0
    endloop
  endfacet
  facet normal -0 0 -1
    outer loop
      vertex -18.9592 34.8913 0
      vertex -21 29 0
      vertex -19.0657 34.9417 0
    endloop
  endfacet
  facet normal -0 0 -1
    outer loop
      vertex -18.8483 34.8517 0
      vertex -21 29 0
      vertex -18.9592 34.8913 0
    endloop
  endfacet
  facet normal -0 0 -1
    outer loop
      vertex -18.7341 34.8231 0
      vertex -21 29 0
      vertex -18.8483 34.8517 0
    endloop
  endfacet
  facet normal -0 0 -1
    outer loop
      vertex -18.6176 34.8058 0
      vertex -21 29 0
      vertex -18.7341 34.8231 0
    endloop
  endfacet
  facet normal -0 0 -1
    outer loop
      vertex -18.5 34.8 0
      vertex -21 29 0
      vertex -18.6176 34.8058 0
    endloop
  endfacet
  facet normal 0 0 -1
    outer loop
      vertex 79 29 0
      vertex 77.6942 36.1176 0
      vertex 79 71 0
    endloop
  endfacet
  facet normal 0 0 -1
    outer loop
      vertex 77.6942 64.1176 0
      vertex 79 71 0
      vertex 77.7 64 0
    endloop
  endfacet
  facet normal 0 0 -1
    outer loop
      vertex 77.6769 64.2341 0
      vertex 79 71 0
      vertex 77.6942 64.1176 0
    endloop
  endfacet
  facet normal 0 0 -1
    outer loop
      vertex 77.6483 64.3483 0
      vertex 79 71 0
      vertex 77.6769 64.2341 0
    endloop
  endfacet
  facet normal 0 0 -1
    outer loop
      vertex 77.6087 64.4592 0
      vertex 79 71 0
      vertex 77.6483 64.3483 0
    endloop
  endfacet
  facet normal 0 0 -1
    outer loop
      vertex 77.5583 64.5657 0
      vertex 79 71 0
      vertex 77.6087 64.4592 0
    endloop
  endfacet
  facet normal 0 0 -1
    outer loop
      vertex 77.4978 64.6667 0
      vertex 79 71 0
      vertex 77.5583 64.5657 0
    endloop
  endfacet
  facet normal 0 0 -1
    outer loop
      vertex 77.4276 64.7613 0
      vertex 79 71 0
      vertex 77.4978 64.6667 0
    endloop
  endfacet
  facet normal 0 0 -1
    outer loop
      vertex 77.3485 64.8485 0
      vertex 79 71 0
      vertex 77.4276 64.7613 0
    endloop
  endfacet
  facet normal 0 0 -1
    outer loop
      vertex 77.2613 64.9276 0
      vertex 79 71 0
      vertex 77.3485 64.8485 0
    endloop
  endfacet
  facet normal 0 0 -1
    outer loop
      vertex 77.1667 64.9978 0
      vertex 79 71 0
      vertex 77.2613 64.9276 0
    endloop
  endfacet
  facet normal 0 0 -1
    outer loop
      vertex 77.0657 65.0583 0
      vertex 79 71 0
      vertex 77.1667 64.9978 0
    endloop
  endfacet
  facet normal 0 0 -1
    outer loop
      vertex 76.9592 65.1087 0
      vertex 79 71 0
      vertex 77.0657 65.0583 0
    endloop
  endfacet
  facet normal 0 0 -1
    outer loop
      vertex 76.8483 65.1483 0
      vertex 79 71 0
      vertex 76.9592 65.1087 0
    endloop
  endfacet
  facet normal 0 0 -1
    outer loop
      vertex 76.7341 65.1769 0
      vertex 79 71 0
      vertex 76.8483 65.1483 0
    endloop
  endfacet
  facet normal 0 0 -1
    outer loop
      vertex 76.6176 65.1942 0
      vertex 79 71 0
      vertex 76.7341 65.1769 0
    endloop
  endfacet
  facet normal 0 0 -1
    outer loop
      vertex 76.5 65.2 0
      vertex 79 71 0
      vertex 76.6176 65.1942 0
    endloop
  endfacet
  facet normal 0 0 -1
    outer loop
      vertex 76.3824 65.1942 0
      vertex 79 71 0
      vertex 76.5 65.2 0
    endloop
  endfacet
  facet normal 0 0 -1
    outer loop
      vertex 76.2659 65.1769 0
      vertex 79 71 0
      vertex 76.3824 65.1942 0
    endloop
  endfacet
  facet normal 0 0 -1
    outer loop
      vertex 76.1517 65.1483 0
      vertex 79 71 0
      vertex 76.2659 65.1769 0
    endloop
  endfacet
  facet normal 0 0 -1
    outer loop
      vertex 76.0408 65.1087 0
      vertex 79 71 0
      vertex 76.1517 65.1483 0
    endloop
  endfacet
  facet normal 0 0 -1
    outer loop
      vertex 75.9343 65.0583 0
      vertex 79 71 0
      vertex 76.0408 65.1087 0
    endloop
  endfacet
  facet normal 0 0 -1
    outer loop
      vertex 75.8333 64.9978 0
      vertex 79 71 0
      vertex 75.9343 65.0583 0
    endloop
  endfacet
  facet normal 0 0 -1
    outer loop
      vertex 75.7387 64.9276 0
      vertex 79 71 0
      vertex 75.8333 64.9978 0
    endloop
  endfacet
  facet normal 0 0 -1
    outer loop
      vertex 75.6515 64.8485 0
      vertex 79 71 0
      vertex 75.7387 64.9276 0
    endloop
  endfacet
  facet normal 0 0 -1
    outer loop
      vertex 75.5724 64.7613 0
      vertex 79 71 0
      vertex 75.6515 64.8485 0
    endloop
  endfacet
  facet normal 0 0 -1
    outer loop
      vertex 65.6 60 0
      vertex 75.5724 64.7613 0
      vertex 75.5022 64.6667 0
    endloop
  endfacet
  facet normal 0 0 -1
    outer loop
      vertex 68 60 0
      vertex 75.5022 64.6667 0
      vertex 75.4417 64.5657 0
    endloop
  endfacet
  facet normal -0 0 -1
    outer loop
      vertex 75.3058 63.8824 0
      vertex 69.6 60 0
      vertex 75.3 64 0
    endloop
  endfacet
  facet normal -0 0 -1
    outer loop
      vertex 75.3 64 0
      vertex 69.6 60 0
      vertex 75.3058 64.1176 0
    endloop
  endfacet
  facet normal -0 0 -1
    outer loop
      vertex 75.3058 64.1176 0
      vertex 69.6 60 0
      vertex 75.3231 64.2341 0
    endloop
  endfacet
  facet normal 0 0 -1
    outer loop
      vertex 69.6 60 0
      vertex 75.3517 64.3483 0
      vertex 75.3231 64.2341 0
    endloop
  endfacet
  facet normal 0 0 -1
    outer loop
      vertex 69.6 60 0
      vertex 75.3913 64.4592 0
      vertex 75.3517 64.3483 0
    endloop
  endfacet
  facet normal 0 0 -1
    outer loop
      vertex 68 60 0
      vertex 75.3913 64.4592 0
      vertex 69.6 60 0
    endloop
  endfacet
  facet normal -0 0 -1
    outer loop
      vertex 75.3913 64.4592 0
      vertex 68 60 0
      vertex 75.4417 64.5657 0
    endloop
  endfacet
  facet normal 0 0 -1
    outer loop
      vertex 75.5022 64.6667 0
      vertex 68 60 0
      vertex 65.6 60 0
    endloop
  endfacet
  facet normal 0 0 -1
    outer loop
      vertex 65.6 60 0
      vertex 68 60 0
      vertex 65.6 40 0
    endloop
  endfacet
  facet normal -0 0 -1
    outer loop
      vertex 75.5724 64.7613 0
      vertex 65.6 60 0
      vertex 79 71 0
    endloop
  endfacet
  facet normal 0 0 -1
    outer loop
      vertex 64 60 0
      vertex 79 71 0
      vertex 65.6 60 0
    endloop
  endfacet
  facet normal 0 0 -1
    outer loop
      vertex 61.6 60 0
      vertex 64 60 0
      vertex 61.6 40 0
    endloop
  endfacet
  facet normal 0 0 -1
    outer loop
      vertex 61.6 60 0
      vertex 79 71 0
      vertex 64 60 0
    endloop
  endfacet
  facet normal 0 0 -1
    outer loop
      vertex 60 60 0
      vertex 79 71 0
      vertex 61.6 60 0
    endloop
  endfacet
  facet normal 0 0 -1
    outer loop
      vertex 57.6 60 0
      vertex 60 60 0
      vertex 57.6 40 0
    endloop
  endfacet
  facet normal 0 0 -1
    outer loop
      vertex 57.6 60 0
      vertex 79 71 0
      vertex 60 60 0
    endloop
  endfacet
  facet normal 0 0 -1
    outer loop
      vertex 56 60 0
      vertex 79 71 0
      vertex 57.6 60 0
    endloop
  endfacet
  facet normal 0 0 -1
    outer loop
      vertex -17.3231 36.2341 0
      vertex 56 40 0
      vertex -17.3058 36.1176 0
    endloop
  endfacet
  facet normal 0 0 -1
    outer loop
      vertex -17.3058 64.1176 0
      vertex 56 60 0
      vertex -17.3 64 0
    endloop
  endfacet
  facet normal 0 0 -1
    outer loop
      vertex -17.3231 64.2341 0
      vertex 56 60 0
      vertex -17.3058 64.1176 0
    endloop
  endfacet
  facet normal 0 0 -1
    outer loop
      vertex -17.3517 64.3483 0
      vertex 56 60 0
      vertex -17.3231 64.2341 0
    endloop
  endfacet
  facet normal 0 0 -1
    outer loop
      vertex -17.3913 64.4592 0
      vertex 56 60 0
      vertex -17.3517 64.3483 0
    endloop
  endfacet
  facet normal 0 0 -1
    outer loop
      vertex -17.4417 64.5657 0
      vertex 56 60 0
      vertex -17.3913 64.4592 0
    endloop
  endfacet
  facet normal 0 0 -1
    outer loop
      vertex -17.5022 64.6667 0
      vertex 56 60 0
      vertex -17.4417 64.5657 0
    endloop
  endfacet
  facet normal 0 0 -1
    outer loop
      vertex -21 71 0
      vertex 56 60 0
      vertex -17.5022 64.6667 0
    endloop
  endfacet
  facet normal 0 0 -1
    outer loop
      vertex -21 71 0
      vertex -17.5022 64.6667 0
      vertex -17.5724 64.7613 0
    endloop
  endfacet
  facet normal 0 0 -1
    outer loop
      vertex -21 71 0
      vertex -17.5724 64.7613 0
      vertex -17.6515 64.8485 0
    endloop
  endfacet
  facet normal 0 0 -1
    outer loop
      vertex -21 71 0
      vertex -17.6515 64.8485 0
      vertex -17.7387 64.9276 0
    endloop
  endfacet
  facet normal 0 0 -1
    outer loop
      vertex -21 71 0
      vertex -17.7387 64.9276 0
      vertex -17.8333 64.9978 0
    endloop
  endfacet
  facet normal 0 0 -1
    outer loop
      vertex -21 71 0
      vertex -17.8333 64.9978 0
      vertex -17.9343 65.0583 0
    endloop
  endfacet
  facet normal 0 0 -1
    outer loop
      vertex -21 71 0
      vertex -17.9343 65.0583 0
      vertex -18.0408 65.1087 0
    endloop
  endfacet
  facet normal 0 0 -1
    outer loop
      vertex -21 71 0
      vertex -18.0408 65.1087 0
      vertex -18.1517 65.1483 0
    endloop
  endfacet
  facet normal 0 0 -1
    outer loop
      vertex -21 71 0
      vertex -18.1517 65.1483 0
      vertex -18.2659 65.1769 0
    endloop
  endfacet
  facet normal 0 0 -1
    outer loop
      vertex -21 71 0
      vertex -18.2659 65.1769 0
      vertex -18.3824 65.1942 0
    endloop
  endfacet
  facet normal 0 0 -1
    outer loop
      vertex -21 71 0
      vertex -18.3824 65.1942 0
      vertex -18.5 65.2 0
    endloop
  endfacet
  facet normal 0 0 -1
    outer loop
      vertex -21 71 0
      vertex -18.5 65.2 0
      vertex -18.6176 65.1942 0
    endloop
  endfacet
  facet normal 0 0 -1
    outer loop
      vertex 56 60 0
      vertex -21 71 0
      vertex 79 71 0
    endloop
  endfacet
  facet normal 0 0 -1
    outer loop
      vertex -18.7341 65.1769 0
      vertex -21 71 0
      vertex -18.6176 65.1942 0
    endloop
  endfacet
  facet normal 0 0 -1
    outer loop
      vertex -18.8483 65.1483 0
      vertex -21 71 0
      vertex -18.7341 65.1769 0
    endloop
  endfacet
  facet normal 0 0 -1
    outer loop
      vertex -18.9592 65.1087 0
      vertex -21 71 0
      vertex -18.8483 65.1483 0
    endloop
  endfacet
  facet normal 0 0 -1
    outer loop
      vertex -19.0657 65.0583 0
      vertex -21 71 0
      vertex -18.9592 65.1087 0
    endloop
  endfacet
  facet normal 0 0 -1
    outer loop
      vertex -19.1667 64.9978 0
      vertex -21 71 0
      vertex -19.0657 65.0583 0
    endloop
  endfacet
  facet normal 0 0 -1
    outer loop
      vertex -19.2613 64.9276 0
      vertex -21 71 0
      vertex -19.1667 64.9978 0
    endloop
  endfacet
  facet normal 0 0 -1
    outer loop
      vertex -19.3485 64.8485 0
      vertex -21 71 0
      vertex -19.2613 64.9276 0
    endloop
  endfacet
  facet normal 0 0 -1
    outer loop
      vertex -19.4276 64.7613 0
      vertex -21 71 0
      vertex -19.3485 64.8485 0
    endloop
  endfacet
  facet normal 0 0 -1
    outer loop
      vertex -19.4978 64.6667 0
      vertex -21 71 0
      vertex -19.4276 64.7613 0
    endloop
  endfacet
  facet normal 0 0 -1
    outer loop
      vertex -19.5583 64.5657 0
      vertex -21 71 0
      vertex -19.4978 64.6667 0
    endloop
  endfacet
  facet normal 0 0 -1
    outer loop
      vertex -19.6087 64.4592 0
      vertex -21 71 0
      vertex -19.5583 64.5657 0
    endloop
  endfacet
  facet normal 0 0 -1
    outer loop
      vertex -19.6483 64.3483 0
      vertex -21 71 0
      vertex -19.6087 64.4592 0
    endloop
  endfacet
  facet normal 0 0 -1
    outer loop
      vertex -19.6769 64.2341 0
      vertex -21 71 0
      vertex -19.6483 64.3483 0
    endloop
  endfacet
  facet normal 0 0 -1
    outer loop
      vertex -19.6942 64.1176 0
      vertex -21 71 0
      vertex -19.6769 64.2341 0
    endloop
  endfacet
  facet normal 0 0 -1
    outer loop
      vertex -19.7 64 0
      vertex -21 71 0
      vertex -19.6942 64.1176 0
    endloop
  endfacet
  facet normal 0 0 -1
    outer loop
      vertex -19.6942 63.8824 0
      vertex -21 71 0
      vertex -19.7 64 0
    endloop
  endfacet
  facet normal -0 0 1
    outer loop
      vertex -17.3517 63.6517 3.5
      vertex 8.27315 62.5158 3.5
      vertex -17.3231 63.7659 3.5
    endloop
  endfacet
  facet normal 0 0 1
    outer loop
      vertex -12.5158 41.7269 3.5
      vertex -17.3058 36.1176 3.5
      vertex -17.3 36 3.5
    endloop
  endfacet
  facet normal -0 0 1
    outer loop
      vertex -17.3913 63.5408 3.5
      vertex 8.27315 62.5158 3.5
      vertex -17.3517 63.6517 3.5
    endloop
  endfacet
  facet normal 0 0 1
    outer loop
      vertex -12.5158 41.7269 3.5
      vertex -17.3231 36.2341 3.5
      vertex -17.3058 36.1176 3.5
    endloop
  endfacet
  facet normal -0 0 1
    outer loop
      vertex -17.4417 63.4343 3.5
      vertex 8.27315 62.5158 3.5
      vertex -17.3913 63.5408 3.5
    endloop
  endfacet
  facet normal 0 0 1
    outer loop
      vertex -12.5158 41.7269 3.5
      vertex -17.3517 36.3483 3.5
      vertex -17.3231 36.2341 3.5
    endloop
  endfacet
  facet normal -0 0 1
    outer loop
      vertex -17.5022 63.3333 3.5
      vertex 8.27315 62.5158 3.5
      vertex -17.4417 63.4343 3.5
    endloop
  endfacet
  facet normal 0 0 1
    outer loop
      vertex -12.5158 41.7269 3.5
      vertex -17.3913 36.4592 3.5
      vertex -17.3517 36.3483 3.5
    endloop
  endfacet
  facet normal 0 0 1
    outer loop
      vertex 8.27315 62.5158 3.5
      vertex -17.5022 63.3333 3.5
      vertex -12.5158 41.7269 3.5
    endloop
  endfacet
  facet normal 0 0 1
    outer loop
      vertex -12.5158 41.7269 3.5
      vertex -17.4417 36.5657 3.5
      vertex -17.3913 36.4592 3.5
    endloop
  endfacet
  facet normal -0 0 1
    outer loop
      vertex -17.5724 63.2387 3.5
      vertex -12.5158 41.7269 3.5
      vertex -17.5022 63.3333 3.5
    endloop
  endfacet
  facet normal 0 0 1
    outer loop
      vertex -12.5158 41.7269 3.5
      vertex -17.5022 36.6667 3.5
      vertex -17.4417 36.5657 3.5
    endloop
  endfacet
  facet normal -0 0 1
    outer loop
      vertex -17.6515 63.1515 3.5
      vertex -12.5158 41.7269 3.5
      vertex -17.5724 63.2387 3.5
    endloop
  endfacet
  facet normal 0 0 1
    outer loop
      vertex -12.5158 41.7269 3.5
      vertex -17.5724 36.7613 3.5
      vertex -17.5022 36.6667 3.5
    endloop
  endfacet
  facet normal -0 0 1
    outer loop
      vertex -17.7387 63.0724 3.5
      vertex -12.5158 41.7269 3.5
      vertex -17.6515 63.1515 3.5
    endloop
  endfacet
  facet normal 0 0 1
    outer loop
      vertex -12.5158 41.7269 3.5
      vertex -17.6515 36.8485 3.5
      vertex -17.5724 36.7613 3.5
    endloop
  endfacet
  facet normal -0 0 1
    outer loop
      vertex -17.8333 63.0022 3.5
      vertex -12.5158 41.7269 3.5
      vertex -17.7387 63.0724 3.5
    endloop
  endfacet
  facet normal 0 0 1
    outer loop
      vertex -12.5158 41.7269 3.5
      vertex -17.7387 36.9276 3.5
      vertex -17.6515 36.8485 3.5
    endloop
  endfacet
  facet normal -0 0 1
    outer loop
      vertex -17.9343 62.9417 3.5
      vertex -12.5158 41.7269 3.5
      vertex -17.8333 63.0022 3.5
    endloop
  endfacet
  facet normal 0 0 1
    outer loop
      vertex -12.5158 41.7269 3.5
      vertex -17.8333 36.9978 3.5
      vertex -17.7387 36.9276 3.5
    endloop
  endfacet
  facet normal -0 0 1
    outer loop
      vertex -18.0408 62.8913 3.5
      vertex -12.5158 41.7269 3.5
      vertex -17.9343 62.9417 3.5
    endloop
  endfacet
  facet normal 0 0 1
    outer loop
      vertex -12.5158 41.7269 3.5
      vertex -17.9343 37.0583 3.5
      vertex -17.8333 36.9978 3.5
    endloop
  endfacet
  facet normal -0 0 1
    outer loop
      vertex -18.1517 62.8517 3.5
      vertex -12.5158 41.7269 3.5
      vertex -18.0408 62.8913 3.5
    endloop
  endfacet
  facet normal 0 0 1
    outer loop
      vertex -12.5158 41.7269 3.5
      vertex -18.0408 37.1087 3.5
      vertex -17.9343 37.0583 3.5
    endloop
  endfacet
  facet normal -0 0 1
    outer loop
      vertex -18.2659 62.8231 3.5
      vertex -12.5158 41.7269 3.5
      vertex -18.1517 62.8517 3.5
    endloop
  endfacet
  facet normal 0 0 1
    outer loop
      vertex -12.5158 41.7269 3.5
      vertex -18.1517 37.1483 3.5
      vertex -18.0408 37.1087 3.5
    endloop
  endfacet
  facet normal -0 0 1
    outer loop
      vertex -18.3824 62.8058 3.5
      vertex -12.5158 41.7269 3.5
      vertex -18.2659 62.8231 3.5
    endloop
  endfacet
  facet normal 0 0 1
    outer loop
      vertex -12.5158 41.7269 3.5
      vertex -18.2659 37.1769 3.5
      vertex -18.1517 37.1483 3.5
    endloop
  endfacet
  facet normal -0 0 1
    outer loop
      vertex -18.5 62.8 3.5
      vertex -12.5158 41.7269 3.5
      vertex -18.3824 62.8058 3.5
    endloop
  endfacet
  facet normal 0 0 1
    outer loop
      vertex -12.5158 41.7269 3.5
      vertex -18.3824 37.1942 3.5
      vertex -18.2659 37.1769 3.5
    endloop
  endfacet
  facet normal 0 0 1
    outer loop
      vertex -18.6176 62.8058 3.5
      vertex -12.5158 41.7269 3.5
      vertex -18.5 62.8 3.5
    endloop
  endfacet
  facet normal 0 0 1
    outer loop
      vertex -12.5158 41.7269 3.5
      vertex -18.5 37.2 3.5
      vertex -18.3824 37.1942 3.5
    endloop
  endfacet
  facet normal 0 0 1
    outer loop
      vertex -18.7341 62.8231 3.5
      vertex -12.5158 41.7269 3.5
      vertex -18.6176 62.8058 3.5
    endloop
  endfacet
  facet normal 0 0 1
    outer loop
      vertex -12.5158 41.7269 3.5
      vertex -18.6176 37.1942 3.5
      vertex -18.5 37.2 3.5
    endloop
  endfacet
  facet normal 0 0 1
    outer loop
      vertex -18.8483 62.8517 3.5
      vertex -12.5158 41.7269 3.5
      vertex -18.7341 62.8231 3.5
    endloop
  endfacet
  facet normal 0 0 1
    outer loop
      vertex -12.5158 41.7269 3.5
      vertex -18.7341 37.1769 3.5
      vertex -18.6176 37.1942 3.5
    endloop
  endfacet
  facet normal 0 0 1
    outer loop
      vertex -18.8483 37.1483 3.5
      vertex -12.5158 41.7269 3.5
      vertex -18.8483 62.8517 3.5
    endloop
  endfacet
  facet normal 0 0 1
    outer loop
      vertex -12.5158 41.7269 3.5
      vertex -18.8483 37.1483 3.5
      vertex -18.7341 37.1769 3.5
    endloop
  endfacet
  facet normal 0 0 1
    outer loop
      vertex -18.9592 62.8913 3.5
      vertex -18.8483 37.1483 3.5
      vertex -18.8483 62.8517 3.5
    endloop
  endfacet
  facet normal 0 0 1
    outer loop
      vertex -18.9592 62.8913 3.5
      vertex -18.9592 37.1087 3.5
      vertex -18.8483 37.1483 3.5
    endloop
  endfacet
  facet normal 0 0 1
    outer loop
      vertex -19.0657 62.9417 3.5
      vertex -18.9592 37.1087 3.5
      vertex -18.9592 62.8913 3.5
    endloop
  endfacet
  facet normal 0 0 1
    outer loop
      vertex -19.0657 62.9417 3.5
      vertex -19.0657 37.0583 3.5
      vertex -18.9592 37.1087 3.5
    endloop
  endfacet
  facet normal 0 0 1
    outer loop
      vertex -19.1667 63.0022 3.5
      vertex -19.0657 37.0583 3.5
      vertex -19.0657 62.9417 3.5
    endloop
  endfacet
  facet normal 0 0 1
    outer loop
      vertex -19.1667 63.0022 3.5
      vertex -19.1667 36.9978 3.5
      vertex -19.0657 37.0583 3.5
    endloop
  endfacet
  facet normal 0 0 1
    outer loop
      vertex -19.2613 63.0724 3.5
      vertex -19.1667 36.9978 3.5
      vertex -19.1667 63.0022 3.5
    endloop
  endfacet
  facet normal 0 0 1
    outer loop
      vertex -19.2613 63.0724 3.5
      vertex -19.2613 36.9276 3.5
      vertex -19.1667 36.9978 3.5
    endloop
  endfacet
  facet normal 0 0 1
    outer loop
      vertex -19.3485 63.1515 3.5
      vertex -19.2613 36.9276 3.5
      vertex -19.2613 63.0724 3.5
    endloop
  endfacet
  facet normal 0 0 1
    outer loop
      vertex -19.3485 63.1515 3.5
      vertex -19.3485 36.8485 3.5
      vertex -19.2613 36.9276 3.5
    endloop
  endfacet
  facet normal 0 0 1
    outer loop
      vertex -19.4276 63.2387 3.5
      vertex -19.3485 36.8485 3.5
      vertex -19.3485 63.1515 3.5
    endloop
  endfacet
  facet normal 0 0 1
    outer loop
      vertex -19.4276 63.2387 3.5
      vertex -19.4276 36.7613 3.5
      vertex -19.3485 36.8485 3.5
    endloop
  endfacet
  facet normal 0 0 1
    outer loop
      vertex -19.4978 63.3333 3.5
      vertex -19.4276 36.7613 3.5
      vertex -19.4276 63.2387 3.5
    endloop
  endfacet
  facet normal 0 0 1
    outer loop
      vertex -19.4978 63.3333 3.5
      vertex -19.4978 36.6667 3.5
      vertex -19.4276 36.7613 3.5
    endloop
  endfacet
  facet normal 0 0 1
    outer loop
      vertex -19.5583 63.4343 3.5
      vertex -19.4978 36.6667 3.5
      vertex -19.4978 63.3333 3.5
    endloop
  endfacet
  facet normal 0 0 1
    outer loop
      vertex -19.5583 63.4343 3.5
      vertex -19.5583 36.5657 3.5
      vertex -19.4978 36.6667 3.5
    endloop
  endfacet
  facet normal 0 0 1
    outer loop
      vertex -19.6087 63.5408 3.5
      vertex -19.5583 36.5657 3.5
      vertex -19.5583 63.4343 3.5
    endloop
  endfacet
  facet normal 0 0 1
    outer loop
      vertex -19.6087 63.5408 3.5
      vertex -19.6087 36.4592 3.5
      vertex -19.5583 36.5657 3.5
    endloop
  endfacet
  facet normal 0 0 1
    outer loop
      vertex -19.6483 63.6517 3.5
      vertex -19.6087 36.4592 3.5
      vertex -19.6087 63.5408 3.5
    endloop
  endfacet
  facet normal 0 0 1
    outer loop
      vertex -19.6483 63.6517 3.5
      vertex -19.6483 36.3483 3.5
      vertex -19.6087 36.4592 3.5
    endloop
  endfacet
  facet normal 0 0 1
    outer loop
      vertex -19.6769 63.7659 3.5
      vertex -19.6483 36.3483 3.5
      vertex -19.6483 63.6517 3.5
    endloop
  endfacet
  facet normal 0 0 1
    outer loop
      vertex -19.6769 63.7659 3.5
      vertex -19.6769 36.2341 3.5
      vertex -19.6483 36.3483 3.5
    endloop
  endfacet
  facet normal 0 0 1
    outer loop
      vertex -19.6942 63.8824 3.5
      vertex -19.6769 36.2341 3.5
      vertex -19.6769 63.7659 3.5
    endloop
  endfacet
  facet normal 0 0 1
    outer loop
      vertex -19.6942 63.8824 3.5
      vertex -19.6942 36.1176 3.5
      vertex -19.6769 36.2341 3.5
    endloop
  endfacet
  facet normal 0 0 1
    outer loop
      vertex -21 71 3.5
      vertex -19.6942 63.8824 3.5
      vertex -19.7 64 3.5
    endloop
  endfacet
  facet normal 0 0 1
    outer loop
      vertex -19.6942 63.8824 3.5
      vertex -21 71 3.5
      vertex -19.6942 36.1176 3.5
    endloop
  endfacet
  facet normal -0 0 1
    outer loop
      vertex 77.6942 36.1176 3.5
      vertex 79 29 3.5
      vertex 77.6942 63.8824 3.5
    endloop
  endfacet
  facet normal 0 0 1
    outer loop
      vertex 79 29 3.5
      vertex 77.6942 36.1176 3.5
      vertex 77.7 36 3.5
    endloop
  endfacet
  facet normal -0 0 1
    outer loop
      vertex 77.6769 63.7659 3.5
      vertex 77.6942 36.1176 3.5
      vertex 77.6942 63.8824 3.5
    endloop
  endfacet
  facet normal 0 0 1
    outer loop
      vertex 77.6769 63.7659 3.5
      vertex 77.6769 36.2341 3.5
      vertex 77.6942 36.1176 3.5
    endloop
  endfacet
  facet normal -0 0 1
    outer loop
      vertex 77.6483 63.6517 3.5
      vertex 77.6769 36.2341 3.5
      vertex 77.6769 63.7659 3.5
    endloop
  endfacet
  facet normal 0 0 1
    outer loop
      vertex 77.6483 63.6517 3.5
      vertex 77.6483 36.3483 3.5
      vertex 77.6769 36.2341 3.5
    endloop
  endfacet
  facet normal -0 0 1
    outer loop
      vertex 77.6087 63.5408 3.5
      vertex 77.6483 36.3483 3.5
      vertex 77.6483 63.6517 3.5
    endloop
  endfacet
  facet normal 0 0 1
    outer loop
      vertex 77.6087 63.5408 3.5
      vertex 77.6087 36.4592 3.5
      vertex 77.6483 36.3483 3.5
    endloop
  endfacet
  facet normal -0 0 1
    outer loop
      vertex 77.5583 63.4343 3.5
      vertex 77.6087 36.4592 3.5
      vertex 77.6087 63.5408 3.5
    endloop
  endfacet
  facet normal 0 0 1
    outer loop
      vertex 77.5583 63.4343 3.5
      vertex 77.5583 36.5657 3.5
      vertex 77.6087 36.4592 3.5
    endloop
  endfacet
  facet normal -0 0 1
    outer loop
      vertex 77.4978 63.3333 3.5
      vertex 77.5583 36.5657 3.5
      vertex 77.5583 63.4343 3.5
    endloop
  endfacet
  facet normal 0 0 1
    outer loop
      vertex 77.4978 63.3333 3.5
      vertex 77.4978 36.6667 3.5
      vertex 77.5583 36.5657 3.5
    endloop
  endfacet
  facet normal -0 0 1
    outer loop
      vertex 77.4276 63.2387 3.5
      vertex 77.4978 36.6667 3.5
      vertex 77.4978 63.3333 3.5
    endloop
  endfacet
  facet normal 0 0 1
    outer loop
      vertex 77.4276 63.2387 3.5
      vertex 77.4276 36.7613 3.5
      vertex 77.4978 36.6667 3.5
    endloop
  endfacet
  facet normal -0 0 1
    outer loop
      vertex 77.3485 63.1515 3.5
      vertex 77.4276 36.7613 3.5
      vertex 77.4276 63.2387 3.5
    endloop
  endfacet
  facet normal 0 0 1
    outer loop
      vertex 77.3485 63.1515 3.5
      vertex 77.3485 36.8485 3.5
      vertex 77.4276 36.7613 3.5
    endloop
  endfacet
  facet normal -0 0 1
    outer loop
      vertex 77.2613 63.0724 3.5
      vertex 77.3485 36.8485 3.5
      vertex 77.3485 63.1515 3.5
    endloop
  endfacet
  facet normal 0 0 1
    outer loop
      vertex 77.2613 63.0724 3.5
      vertex 77.2613 36.9276 3.5
      vertex 77.3485 36.8485 3.5
    endloop
  endfacet
  facet normal -0 0 1
    outer loop
      vertex 77.1667 63.0022 3.5
      vertex 77.2613 36.9276 3.5
      vertex 77.2613 63.0724 3.5
    endloop
  endfacet
  facet normal 0 0 1
    outer loop
      vertex 77.1667 63.0022 3.5
      vertex 77.1667 36.9978 3.5
      vertex 77.2613 36.9276 3.5
    endloop
  endfacet
  facet normal -0 0 1
    outer loop
      vertex 77.0657 62.9417 3.5
      vertex 77.1667 36.9978 3.5
      vertex 77.1667 63.0022 3.5
    endloop
  endfacet
  facet normal 0 0 1
    outer loop
      vertex 77.0657 62.9417 3.5
      vertex 77.0657 37.0583 3.5
      vertex 77.1667 36.9978 3.5
    endloop
  endfacet
  facet normal -0 0 1
    outer loop
      vertex 76.9592 62.8913 3.5
      vertex 77.0657 37.0583 3.5
      vertex 77.0657 62.9417 3.5
    endloop
  endfacet
  facet normal 0 0 1
    outer loop
      vertex 76.9592 62.8913 3.5
      vertex 76.9592 37.1087 3.5
      vertex 77.0657 37.0583 3.5
    endloop
  endfacet
  facet normal -0 0 1
    outer loop
      vertex 76.8483 62.8517 3.5
      vertex 76.9592 37.1087 3.5
      vertex 76.9592 62.8913 3.5
    endloop
  endfacet
  facet normal 0 0 1
    outer loop
      vertex 76.8483 62.8517 3.5
      vertex 76.8483 37.1483 3.5
      vertex 76.9592 37.1087 3.5
    endloop
  endfacet
  facet normal -0 0 1
    outer loop
      vertex 76.7341 62.8231 3.5
      vertex 76.8483 37.1483 3.5
      vertex 76.8483 62.8517 3.5
    endloop
  endfacet
  facet normal 0 0 1
    outer loop
      vertex 76.7341 62.8231 3.5
      vertex 76.7341 37.1769 3.5
      vertex 76.8483 37.1483 3.5
    endloop
  endfacet
  facet normal -0 0 1
    outer loop
      vertex 76.6176 62.8058 3.5
      vertex 76.7341 37.1769 3.5
      vertex 76.7341 62.8231 3.5
    endloop
  endfacet
  facet normal 0 0 1
    outer loop
      vertex 76.6176 62.8058 3.5
      vertex 76.6176 37.1942 3.5
      vertex 76.7341 37.1769 3.5
    endloop
  endfacet
  facet normal 0 0 1
    outer loop
      vertex 69.6 60 3.5
      vertex 76.6176 62.8058 3.5
      vertex 76.5 62.8 3.5
    endloop
  endfacet
  facet normal 0 0 1
    outer loop
      vertex 76.6176 62.8058 3.5
      vertex 69.6 60 3.5
      vertex 76.6176 37.1942 3.5
    endloop
  endfacet
  facet normal 0 0 1
    outer loop
      vertex 69.6 60 3.5
      vertex 76.5 62.8 3.5
      vertex 76.3824 62.8058 3.5
    endloop
  endfacet
  facet normal -0 0 1
    outer loop
      vertex 69.6 40 3.5
      vertex 76.6176 37.1942 3.5
      vertex 69.6 60 3.5
    endloop
  endfacet
  facet normal 0 0 1
    outer loop
      vertex 69.6 60 3.5
      vertex 76.3824 62.8058 3.5
      vertex 76.2659 62.8231 3.5
    endloop
  endfacet
  facet normal 0 0 1
    outer loop
      vertex 76.6176 37.1942 3.5
      vertex 69.6 40 3.5
      vertex 76.5 37.2 3.5
    endloop
  endfacet
  facet normal 0 0 1
    outer loop
      vertex 69.6 60 3.5
      vertex 76.2659 62.8231 3.5
      vertex 76.1517 62.8517 3.5
    endloop
  endfacet
  facet normal 0 0 1
    outer loop
      vertex 76.5 37.2 3.5
      vertex 69.6 40 3.5
      vertex 76.3824 37.1942 3.5
    endloop
  endfacet
  facet normal 0 0 1
    outer loop
      vertex 69.6 60 3.5
      vertex 76.1517 62.8517 3.5
      vertex 76.0408 62.8913 3.5
    endloop
  endfacet
  facet normal 0 0 1
    outer loop
      vertex 76.3824 37.1942 3.5
      vertex 69.6 40 3.5
      vertex 76.2659 37.1769 3.5
    endloop
  endfacet
  facet normal 0 0 1
    outer loop
      vertex 69.6 60 3.5
      vertex 76.0408 62.8913 3.5
      vertex 75.9343 62.9417 3.5
    endloop
  endfacet
  facet normal 0 0 1
    outer loop
      vertex 76.2659 37.1769 3.5
      vertex 69.6 40 3.5
      vertex 76.1517 37.1483 3.5
    endloop
  endfacet
  facet normal 0 0 1
    outer loop
      vertex 69.6 60 3.5
      vertex 75.9343 62.9417 3.5
      vertex 75.8333 63.0022 3.5
    endloop
  endfacet
  facet normal 0 0 1
    outer loop
      vertex 76.1517 37.1483 3.5
      vertex 69.6 40 3.5
      vertex 76.0408 37.1087 3.5
    endloop
  endfacet
  facet normal 0 0 1
    outer loop
      vertex 69.6 60 3.5
      vertex 75.8333 63.0022 3.5
      vertex 75.7387 63.0724 3.5
    endloop
  endfacet
  facet normal 0 0 1
    outer loop
      vertex 76.0408 37.1087 3.5
      vertex 69.6 40 3.5
      vertex 75.9343 37.0583 3.5
    endloop
  endfacet
  facet normal 0 0 1
    outer loop
      vertex 69.6 60 3.5
      vertex 75.7387 63.0724 3.5
      vertex 75.6515 63.1515 3.5
    endloop
  endfacet
  facet normal 0 0 1
    outer loop
      vertex 75.9343 37.0583 3.5
      vertex 69.6 40 3.5
      vertex 75.8333 36.9978 3.5
    endloop
  endfacet
  facet normal 0 0 1
    outer loop
      vertex 69.6 60 3.5
      vertex 75.6515 63.1515 3.5
      vertex 75.5724 63.2387 3.5
    endloop
  endfacet
  facet normal 0 0 1
    outer loop
      vertex 75.8333 36.9978 3.5
      vertex 69.6 40 3.5
      vertex 75.7387 36.9276 3.5
    endloop
  endfacet
  facet normal 0 0 1
    outer loop
      vertex 69.6 60 3.5
      vertex 75.5724 63.2387 3.5
      vertex 75.5022 63.3333 3.5
    endloop
  endfacet
  facet normal 0 0 1
    outer loop
      vertex 75.7387 36.9276 3.5
      vertex 69.6 40 3.5
      vertex 75.6515 36.8485 3.5
    endloop
  endfacet
  facet normal 0 0 1
    outer loop
      vertex 69.6 60 3.5
      vertex 75.5022 63.3333 3.5
      vertex 75.4417 63.4343 3.5
    endloop
  endfacet
  facet normal 0 0 1
    outer loop
      vertex 75.6515 36.8485 3.5
      vertex 69.6 40 3.5
      vertex 75.5724 36.7613 3.5
    endloop
  endfacet
  facet normal 0 0 1
    outer loop
      vertex 69.6 60 3.5
      vertex 75.4417 63.4343 3.5
      vertex 75.3913 63.5408 3.5
    endloop
  endfacet
  facet normal 0 0 1
    outer loop
      vertex 75.5724 36.7613 3.5
      vertex 69.6 40 3.5
      vertex 75.5022 36.6667 3.5
    endloop
  endfacet
  facet normal 0 0 1
    outer loop
      vertex 69.6 60 3.5
      vertex 75.3913 63.5408 3.5
      vertex 75.3517 63.6517 3.5
    endloop
  endfacet
  facet normal 0 0 1
    outer loop
      vertex 75.5022 36.6667 3.5
      vertex 69.6 40 3.5
      vertex 75.4417 36.5657 3.5
    endloop
  endfacet
  facet normal 0 0 1
    outer loop
      vertex 69.6 60 3.5
      vertex 75.3517 63.6517 3.5
      vertex 75.3231 63.7659 3.5
    endloop
  endfacet
  facet normal 0 0 1
    outer loop
      vertex 75.4417 36.5657 3.5
      vertex 69.6 40 3.5
      vertex 75.3913 36.4592 3.5
    endloop
  endfacet
  facet normal 0 0 1
    outer loop
      vertex 69.6 60 3.5
      vertex 75.3231 63.7659 3.5
      vertex 75.3058 63.8824 3.5
    endloop
  endfacet
  facet normal 0 0 1
    outer loop
      vertex 75.3913 36.4592 3.5
      vertex 69.6 40 3.5
      vertex 75.3517 36.3483 3.5
    endloop
  endfacet
  facet normal 0 0 1
    outer loop
      vertex 69.6 60 3.5
      vertex 75.3058 63.8824 3.5
      vertex 75.3 64 3.5
    endloop
  endfacet
  facet normal 0 0 1
    outer loop
      vertex 75.3517 36.3483 3.5
      vertex 69.6 40 3.5
      vertex 75.3231 36.2341 3.5
    endloop
  endfacet
  facet normal 0 0 1
    outer loop
      vertex 77.6942 63.8824 3.5
      vertex 79 71 3.5
      vertex 77.7 64 3.5
    endloop
  endfacet
  facet normal 0 0 1
    outer loop
      vertex 79 71 3.5
      vertex 77.6942 64.1176 3.5
      vertex 77.7 64 3.5
    endloop
  endfacet
  facet normal 0 0 1
    outer loop
      vertex 79 71 3.5
      vertex 77.6769 64.2341 3.5
      vertex 77.6942 64.1176 3.5
    endloop
  endfacet
  facet normal 0 0 1
    outer loop
      vertex 79 71 3.5
      vertex 77.6483 64.3483 3.5
      vertex 77.6769 64.2341 3.5
    endloop
  endfacet
  facet normal 0 0 1
    outer loop
      vertex 79 71 3.5
      vertex 77.6087 64.4592 3.5
      vertex 77.6483 64.3483 3.5
    endloop
  endfacet
  facet normal 0 0 1
    outer loop
      vertex 79 71 3.5
      vertex 77.5583 64.5657 3.5
      vertex 77.6087 64.4592 3.5
    endloop
  endfacet
  facet normal 0 0 1
    outer loop
      vertex 79 71 3.5
      vertex 77.4978 64.6667 3.5
      vertex 77.5583 64.5657 3.5
    endloop
  endfacet
  facet normal 0 0 1
    outer loop
      vertex 79 71 3.5
      vertex 77.4276 64.7613 3.5
      vertex 77.4978 64.6667 3.5
    endloop
  endfacet
  facet normal 0 0 1
    outer loop
      vertex 79 71 3.5
      vertex 77.3485 64.8485 3.5
      vertex 77.4276 64.7613 3.5
    endloop
  endfacet
  facet normal 0 0 1
    outer loop
      vertex 79 71 3.5
      vertex 77.2613 64.9276 3.5
      vertex 77.3485 64.8485 3.5
    endloop
  endfacet
  facet normal 0 0 1
    outer loop
      vertex 79 71 3.5
      vertex 77.1667 64.9978 3.5
      vertex 77.2613 64.9276 3.5
    endloop
  endfacet
  facet normal 0 0 1
    outer loop
      vertex 79 71 3.5
      vertex 77.0657 65.0583 3.5
      vertex 77.1667 64.9978 3.5
    endloop
  endfacet
  facet normal 0 0 1
    outer loop
      vertex 79 71 3.5
      vertex 76.9592 65.1087 3.5
      vertex 77.0657 65.0583 3.5
    endloop
  endfacet
  facet normal 0 0 1
    outer loop
      vertex 79 71 3.5
      vertex 76.8483 65.1483 3.5
      vertex 76.9592 65.1087 3.5
    endloop
  endfacet
  facet normal 0 0 1
    outer loop
      vertex 79 71 3.5
      vertex 76.7341 65.1769 3.5
      vertex 76.8483 65.1483 3.5
    endloop
  endfacet
  facet normal 0 0 1
    outer loop
      vertex 79 71 3.5
      vertex 76.6176 65.1942 3.5
      vertex 76.7341 65.1769 3.5
    endloop
  endfacet
  facet normal 0 0 1
    outer loop
      vertex 79 71 3.5
      vertex 76.5 65.2 3.5
      vertex 76.6176 65.1942 3.5
    endloop
  endfacet
  facet normal 0 0 1
    outer loop
      vertex 79 71 3.5
      vertex 76.3824 65.1942 3.5
      vertex 76.5 65.2 3.5
    endloop
  endfacet
  facet normal 0 0 1
    outer loop
      vertex 79 71 3.5
      vertex 76.2659 65.1769 3.5
      vertex 76.3824 65.1942 3.5
    endloop
  endfacet
  facet normal 0 0 1
    outer loop
      vertex 79 71 3.5
      vertex 76.1517 65.1483 3.5
      vertex 76.2659 65.1769 3.5
    endloop
  endfacet
  facet normal 0 0 1
    outer loop
      vertex 79 71 3.5
      vertex 76.0408 65.1087 3.5
      vertex 76.1517 65.1483 3.5
    endloop
  endfacet
  facet normal 0 0 1
    outer loop
      vertex 79 71 3.5
      vertex 75.9343 65.0583 3.5
      vertex 76.0408 65.1087 3.5
    endloop
  endfacet
  facet normal 0 0 1
    outer loop
      vertex 79 71 3.5
      vertex 75.8333 64.9978 3.5
      vertex 75.9343 65.0583 3.5
    endloop
  endfacet
  facet normal 0 0 1
    outer loop
      vertex 79 71 3.5
      vertex 75.7387 64.9276 3.5
      vertex 75.8333 64.9978 3.5
    endloop
  endfacet
  facet normal 0 0 1
    outer loop
      vertex 79 71 3.5
      vertex 75.6515 64.8485 3.5
      vertex 75.7387 64.9276 3.5
    endloop
  endfacet
  facet normal 0 0 1
    outer loop
      vertex 79 71 3.5
      vertex 75.5724 64.7613 3.5
      vertex 75.6515 64.8485 3.5
    endloop
  endfacet
  facet normal 0 0 1
    outer loop
      vertex 65.6 60 3.5
      vertex 75.5724 64.7613 3.5
      vertex 79 71 3.5
    endloop
  endfacet
  facet normal 0 0 1
    outer loop
      vertex 75.5724 64.7613 3.5
      vertex 65.6 60 3.5
      vertex 75.5022 64.6667 3.5
    endloop
  endfacet
  facet normal 0 0 1
    outer loop
      vertex 75.3231 36.2341 3.5
      vertex 69.6 40 3.5
      vertex 75.3058 36.1176 3.5
    endloop
  endfacet
  facet normal 0 0 1
    outer loop
      vertex 75.3058 64.1176 3.5
      vertex 69.6 60 3.5
      vertex 75.3 64 3.5
    endloop
  endfacet
  facet normal 0 0 1
    outer loop
      vertex 75.3231 64.2341 3.5
      vertex 69.6 60 3.5
      vertex 75.3058 64.1176 3.5
    endloop
  endfacet
  facet normal 0 0 1
    outer loop
      vertex 75.3517 64.3483 3.5
      vertex 69.6 60 3.5
      vertex 75.3231 64.2341 3.5
    endloop
  endfacet
  facet normal 0 0 1
    outer loop
      vertex 75.3913 64.4592 3.5
      vertex 69.6 60 3.5
      vertex 75.3517 64.3483 3.5
    endloop
  endfacet
  facet normal 0 0 1
    outer loop
      vertex 68 60 3.5
      vertex 75.3913 64.4592 3.5
      vertex 75.4417 64.5657 3.5
    endloop
  endfacet
  facet normal 0 -0 1
    outer loop
      vertex 68 60 3.5
      vertex 75.5022 64.6667 3.5
      vertex 65.6 60 3.5
    endloop
  endfacet
  facet normal 0 0 1
    outer loop
      vertex 75.3913 64.4592 3.5
      vertex 68 60 3.5
      vertex 69.6 60 3.5
    endloop
  endfacet
  facet normal 0 0 1
    outer loop
      vertex 68 60 3.5
      vertex 65.6 60 3.5
      vertex 68 40 3.5
    endloop
  endfacet
  facet normal 0 0 1
    outer loop
      vertex 75.5022 64.6667 3.5
      vertex 68 60 3.5
      vertex 75.4417 64.5657 3.5
    endloop
  endfacet
  facet normal 0 0 1
    outer loop
      vertex 79 71 3.5
      vertex 64 60 3.5
      vertex 65.6 60 3.5
    endloop
  endfacet
  facet normal 0 0 1
    outer loop
      vertex 64 60 3.5
      vertex 61.6 60 3.5
      vertex 64 40 3.5
    endloop
  endfacet
  facet normal 0 0 1
    outer loop
      vertex 79 71 3.5
      vertex 61.6 60 3.5
      vertex 64 60 3.5
    endloop
  endfacet
  facet normal 0 0 1
    outer loop
      vertex 79 71 3.5
      vertex 60 60 3.5
      vertex 61.6 60 3.5
    endloop
  endfacet
  facet normal 0 0 1
    outer loop
      vertex 60 60 3.5
      vertex 57.6 60 3.5
      vertex 60 40 3.5
    endloop
  endfacet
  facet normal 0 0 1
    outer loop
      vertex 79 71 3.5
      vertex 57.6 60 3.5
      vertex 60 60 3.5
    endloop
  endfacet
  facet normal 0 0 1
    outer loop
      vertex 79 71 3.5
      vertex 56 60 3.5
      vertex 57.6 60 3.5
    endloop
  endfacet
  facet normal 0 0 1
    outer loop
      vertex 56 60 3.5
      vertex 21.7 58 3.5
      vertex 56 40 3.5
    endloop
  endfacet
  facet normal -0 0 1
    outer loop
      vertex 8.27315 62.5158 3.5
      vertex 56 60 3.5
      vertex 79 71 3.5
    endloop
  endfacet
  facet normal 0 0 1
    outer loop
      vertex 56 60 3.5
      vertex 8.27315 62.5158 3.5
      vertex 21.7 58 3.5
    endloop
  endfacet
  facet normal 0 0 1
    outer loop
      vertex 14.3 58 3.5
      vertex 12.5158 58.2731 3.5
      vertex 14.3 42 3.5
    endloop
  endfacet
  facet normal 0 0 1
    outer loop
      vertex 21.7 58 3.5
      vertex 8.27315 62.5158 3.5
      vertex 14.3 58 3.5
    endloop
  endfacet
  facet normal 0 0 1
    outer loop
      vertex 14.3 58 3.5
      vertex 8.27315 62.5158 3.5
      vertex 12.5158 58.2731 3.5
    endloop
  endfacet
  facet normal -0 0 1
    outer loop
      vertex -17.3058 63.8824 3.5
      vertex 8.27315 62.5158 3.5
      vertex -17.3 64 3.5
    endloop
  endfacet
  facet normal -0 0 1
    outer loop
      vertex -21 71 3.5
      vertex 8.27315 62.5158 3.5
      vertex 79 71 3.5
    endloop
  endfacet
  facet normal 0 0 1
    outer loop
      vertex 8.27315 62.5158 3.5
      vertex -17.3058 64.1176 3.5
      vertex -17.3 64 3.5
    endloop
  endfacet
  facet normal 0 0 1
    outer loop
      vertex 8.27315 62.5158 3.5
      vertex -17.3231 64.2341 3.5
      vertex -17.3058 64.1176 3.5
    endloop
  endfacet
  facet normal 0 0 1
    outer loop
      vertex 8.27315 62.5158 3.5
      vertex -17.3517 64.3483 3.5
      vertex -17.3231 64.2341 3.5
    endloop
  endfacet
  facet normal 0 0 1
    outer loop
      vertex 8.27315 62.5158 3.5
      vertex -17.3913 64.4592 3.5
      vertex -17.3517 64.3483 3.5
    endloop
  endfacet
  facet normal 0 0 1
    outer loop
      vertex 8.27315 62.5158 3.5
      vertex -17.4417 64.5657 3.5
      vertex -17.3913 64.4592 3.5
    endloop
  endfacet
  facet normal 0 0 1
    outer loop
      vertex 8.27315 62.5158 3.5
      vertex -17.5022 64.6667 3.5
      vertex -17.4417 64.5657 3.5
    endloop
  endfacet
  facet normal -0 -0 1
    outer loop
      vertex -17.5724 64.7613 3.5
      vertex 8.27315 62.5158 3.5
      vertex -21 71 3.5
    endloop
  endfacet
  facet normal 0 0 1
    outer loop
      vertex 8.27315 62.5158 3.5
      vertex -17.5724 64.7613 3.5
      vertex -17.5022 64.6667 3.5
    endloop
  endfacet
  facet normal 0 0 1
    outer loop
      vertex -17.5724 64.7613 3.5
      vertex -21 71 3.5
      vertex -17.6515 64.8485 3.5
    endloop
  endfacet
  facet normal 0 0 1
    outer loop
      vertex -17.6515 64.8485 3.5
      vertex -21 71 3.5
      vertex -17.7387 64.9276 3.5
    endloop
  endfacet
  facet normal 0 0 1
    outer loop
      vertex -17.7387 64.9276 3.5
      vertex -21 71 3.5
      vertex -17.8333 64.9978 3.5
    endloop
  endfacet
  facet normal 0 0 1
    outer loop
      vertex -17.8333 64.9978 3.5
      vertex -21 71 3.5
      vertex -17.9343 65.0583 3.5
    endloop
  endfacet
  facet normal 0 0 1
    outer loop
      vertex -17.9343 65.0583 3.5
      vertex -21 71 3.5
      vertex -18.0408 65.1087 3.5
    endloop
  endfacet
  facet normal 0 0 1
    outer loop
      vertex -18.0408 65.1087 3.5
      vertex -21 71 3.5
      vertex -18.1517 65.1483 3.5
    endloop
  endfacet
  facet normal 0 0 1
    outer loop
      vertex -18.1517 65.1483 3.5
      vertex -21 71 3.5
      vertex -18.2659 65.1769 3.5
    endloop
  endfacet
  facet normal 0 0 1
    outer loop
      vertex -18.2659 65.1769 3.5
      vertex -21 71 3.5
      vertex -18.3824 65.1942 3.5
    endloop
  endfacet
  facet normal 0 0 1
    outer loop
      vertex -18.3824 65.1942 3.5
      vertex -21 71 3.5
      vertex -18.5 65.2 3.5
    endloop
  endfacet
  facet normal 0 0 1
    outer loop
      vertex -21 29 3.5
      vertex -19.6942 36.1176 3.5
      vertex -21 71 3.5
    endloop
  endfacet
  facet normal 0 0 1
    outer loop
      vertex -19.6942 64.1176 3.5
      vertex -21 71 3.5
      vertex -19.7 64 3.5
    endloop
  endfacet
  facet normal 0 0 1
    outer loop
      vertex -19.6769 64.2341 3.5
      vertex -21 71 3.5
      vertex -19.6942 64.1176 3.5
    endloop
  endfacet
  facet normal 0 0 1
    outer loop
      vertex -19.6483 64.3483 3.5
      vertex -21 71 3.5
      vertex -19.6769 64.2341 3.5
    endloop
  endfacet
  facet normal 0 0 1
    outer loop
      vertex -19.6087 64.4592 3.5
      vertex -21 71 3.5
      vertex -19.6483 64.3483 3.5
    endloop
  endfacet
  facet normal 0 0 1
    outer loop
      vertex -19.5583 64.5657 3.5
      vertex -21 71 3.5
      vertex -19.6087 64.4592 3.5
    endloop
  endfacet
  facet normal 0 0 1
    outer loop
      vertex -19.4978 64.6667 3.5
      vertex -21 71 3.5
      vertex -19.5583 64.5657 3.5
    endloop
  endfacet
  facet normal 0 0 1
    outer loop
      vertex -19.4276 64.7613 3.5
      vertex -21 71 3.5
      vertex -19.4978 64.6667 3.5
    endloop
  endfacet
  facet normal 0 0 1
    outer loop
      vertex -19.3485 64.8485 3.5
      vertex -21 71 3.5
      vertex -19.4276 64.7613 3.5
    endloop
  endfacet
  facet normal 0 0 1
    outer loop
      vertex -19.2613 64.9276 3.5
      vertex -21 71 3.5
      vertex -19.3485 64.8485 3.5
    endloop
  endfacet
  facet normal 0 0 1
    outer loop
      vertex -19.1667 64.9978 3.5
      vertex -21 71 3.5
      vertex -19.2613 64.9276 3.5
    endloop
  endfacet
  facet normal 0 0 1
    outer loop
      vertex -19.0657 65.0583 3.5
      vertex -21 71 3.5
      vertex -19.1667 64.9978 3.5
    endloop
  endfacet
  facet normal 0 0 1
    outer loop
      vertex -18.9592 65.1087 3.5
      vertex -21 71 3.5
      vertex -19.0657 65.0583 3.5
    endloop
  endfacet
  facet normal 0 0 1
    outer loop
      vertex -18.8483 65.1483 3.5
      vertex -21 71 3.5
      vertex -18.9592 65.1087 3.5
    endloop
  endfacet
  facet normal 0 0 1
    outer loop
      vertex -18.7341 65.1769 3.5
      vertex -21 71 3.5
      vertex -18.8483 65.1483 3.5
    endloop
  endfacet
  facet normal 0 0 1
    outer loop
      vertex -18.6176 65.1942 3.5
      vertex -21 71 3.5
      vertex -18.7341 65.1769 3.5
    endloop
  endfacet
  facet normal 0 0 1
    outer loop
      vertex -18.5 65.2 3.5
      vertex -21 71 3.5
      vertex -18.6176 65.1942 3.5
    endloop
  endfacet
  facet normal 0 0 1
    outer loop
      vertex 79 71 3.5
      vertex 77.6942 63.8824 3.5
      vertex 79 29 3.5
    endloop
  endfacet
  facet normal -0 0 1
    outer loop
      vertex 77.6942 35.8824 3.5
      vertex 79 29 3.5
      vertex 77.7 36 3.5
    endloop
  endfacet
  facet normal -0 0 1
    outer loop
      vertex 77.6769 35.7659 3.5
      vertex 79 29 3.5
      vertex 77.6942 35.8824 3.5
    endloop
  endfacet
  facet normal -0 0 1
    outer loop
      vertex 77.6483 35.6517 3.5
      vertex 79 29 3.5
      vertex 77.6769 35.7659 3.5
    endloop
  endfacet
  facet normal -0 0 1
    outer loop
      vertex 77.6087 35.5408 3.5
      vertex 79 29 3.5
      vertex 77.6483 35.6517 3.5
    endloop
  endfacet
  facet normal -0 0 1
    outer loop
      vertex 77.5583 35.4343 3.5
      vertex 79 29 3.5
      vertex 77.6087 35.5408 3.5
    endloop
  endfacet
  facet normal -0 0 1
    outer loop
      vertex 77.4978 35.3333 3.5
      vertex 79 29 3.5
      vertex 77.5583 35.4343 3.5
    endloop
  endfacet
  facet normal -0 0 1
    outer loop
      vertex 77.4276 35.2387 3.5
      vertex 79 29 3.5
      vertex 77.4978 35.3333 3.5
    endloop
  endfacet
  facet normal -0 0 1
    outer loop
      vertex 77.3485 35.1515 3.5
      vertex 79 29 3.5
      vertex 77.4276 35.2387 3.5
    endloop
  endfacet
  facet normal -0 0 1
    outer loop
      vertex 77.2613 35.0724 3.5
      vertex 79 29 3.5
      vertex 77.3485 35.1515 3.5
    endloop
  endfacet
  facet normal -0 0 1
    outer loop
      vertex 77.1667 35.0022 3.5
      vertex 79 29 3.5
      vertex 77.2613 35.0724 3.5
    endloop
  endfacet
  facet normal -0 0 1
    outer loop
      vertex 77.0657 34.9417 3.5
      vertex 79 29 3.5
      vertex 77.1667 35.0022 3.5
    endloop
  endfacet
  facet normal -0 0 1
    outer loop
      vertex 76.9592 34.8913 3.5
      vertex 79 29 3.5
      vertex 77.0657 34.9417 3.5
    endloop
  endfacet
  facet normal -0 0 1
    outer loop
      vertex 76.8483 34.8517 3.5
      vertex 79 29 3.5
      vertex 76.9592 34.8913 3.5
    endloop
  endfacet
  facet normal -0 0 1
    outer loop
      vertex 76.7341 34.8231 3.5
      vertex 79 29 3.5
      vertex 76.8483 34.8517 3.5
    endloop
  endfacet
  facet normal -0 0 1
    outer loop
      vertex 76.6176 34.8058 3.5
      vertex 79 29 3.5
      vertex 76.7341 34.8231 3.5
    endloop
  endfacet
  facet normal -0 0 1
    outer loop
      vertex 76.5 34.8 3.5
      vertex 79 29 3.5
      vertex 76.6176 34.8058 3.5
    endloop
  endfacet
  facet normal 0 0 1
    outer loop
      vertex 76.3824 34.8058 3.5
      vertex 79 29 3.5
      vertex 76.5 34.8 3.5
    endloop
  endfacet
  facet normal 0 0 1
    outer loop
      vertex 76.2659 34.8231 3.5
      vertex 79 29 3.5
      vertex 76.3824 34.8058 3.5
    endloop
  endfacet
  facet normal 0 0 1
    outer loop
      vertex 76.1517 34.8517 3.5
      vertex 79 29 3.5
      vertex 76.2659 34.8231 3.5
    endloop
  endfacet
  facet normal 0 0 1
    outer loop
      vertex 76.0408 34.8913 3.5
      vertex 79 29 3.5
      vertex 76.1517 34.8517 3.5
    endloop
  endfacet
  facet normal 0 0 1
    outer loop
      vertex 75.9343 34.9417 3.5
      vertex 79 29 3.5
      vertex 76.0408 34.8913 3.5
    endloop
  endfacet
  facet normal 0 0 1
    outer loop
      vertex 75.8333 35.0022 3.5
      vertex 79 29 3.5
      vertex 75.9343 34.9417 3.5
    endloop
  endfacet
  facet normal 0 0 1
    outer loop
      vertex 75.7387 35.0724 3.5
      vertex 79 29 3.5
      vertex 75.8333 35.0022 3.5
    endloop
  endfacet
  facet normal 0 0 1
    outer loop
      vertex 75.6515 35.1515 3.5
      vertex 79 29 3.5
      vertex 75.7387 35.0724 3.5
    endloop
  endfacet
  facet normal 0 0 1
    outer loop
      vertex 75.5724 35.2387 3.5
      vertex 79 29 3.5
      vertex 75.6515 35.1515 3.5
    endloop
  endfacet
  facet normal 0 0 1
    outer loop
      vertex 65.6 40 3.5
      vertex 75.5724 35.2387 3.5
      vertex 75.5022 35.3333 3.5
    endloop
  endfacet
  facet normal 0 0 1
    outer loop
      vertex 68 40 3.5
      vertex 75.5022 35.3333 3.5
      vertex 75.4417 35.4343 3.5
    endloop
  endfacet
  facet normal 0 0 1
    outer loop
      vertex 75.3058 36.1176 3.5
      vertex 69.6 40 3.5
      vertex 75.3 36 3.5
    endloop
  endfacet
  facet normal 0 0 1
    outer loop
      vertex 75.3 36 3.5
      vertex 69.6 40 3.5
      vertex 75.3058 35.8824 3.5
    endloop
  endfacet
  facet normal 0 0 1
    outer loop
      vertex 75.3058 35.8824 3.5
      vertex 69.6 40 3.5
      vertex 75.3231 35.7659 3.5
    endloop
  endfacet
  facet normal 0 0 1
    outer loop
      vertex 69.6 40 3.5
      vertex 75.3517 35.6517 3.5
      vertex 75.3231 35.7659 3.5
    endloop
  endfacet
  facet normal 0 0 1
    outer loop
      vertex 69.6 40 3.5
      vertex 75.3913 35.5408 3.5
      vertex 75.3517 35.6517 3.5
    endloop
  endfacet
  facet normal -0 0 1
    outer loop
      vertex 68 40 3.5
      vertex 75.3913 35.5408 3.5
      vertex 69.6 40 3.5
    endloop
  endfacet
  facet normal 0 0 1
    outer loop
      vertex 75.3913 35.5408 3.5
      vertex 68 40 3.5
      vertex 75.4417 35.4343 3.5
    endloop
  endfacet
  facet normal 0 0 1
    outer loop
      vertex 75.5022 35.3333 3.5
      vertex 68 40 3.5
      vertex 65.6 40 3.5
    endloop
  endfacet
  facet normal 0 0 1
    outer loop
      vertex 65.6 40 3.5
      vertex 68 40 3.5
      vertex 65.6 60 3.5
    endloop
  endfacet
  facet normal 0 0 1
    outer loop
      vertex 75.5724 35.2387 3.5
      vertex 65.6 40 3.5
      vertex 79 29 3.5
    endloop
  endfacet
  facet normal -0 0 1
    outer loop
      vertex 64 40 3.5
      vertex 79 29 3.5
      vertex 65.6 40 3.5
    endloop
  endfacet
  facet normal 0 0 1
    outer loop
      vertex 61.6 40 3.5
      vertex 64 40 3.5
      vertex 61.6 60 3.5
    endloop
  endfacet
  facet normal -0 0 1
    outer loop
      vertex 61.6 40 3.5
      vertex 79 29 3.5
      vertex 64 40 3.5
    endloop
  endfacet
  facet normal -0 0 1
    outer loop
      vertex 60 40 3.5
      vertex 79 29 3.5
      vertex 61.6 40 3.5
    endloop
  endfacet
  facet normal 0 0 1
    outer loop
      vertex 57.6 40 3.5
      vertex 60 40 3.5
      vertex 57.6 60 3.5
    endloop
  endfacet
  facet normal -0 0 1
    outer loop
      vertex 57.6 40 3.5
      vertex 79 29 3.5
      vertex 60 40 3.5
    endloop
  endfacet
  facet normal -0 0 1
    outer loop
      vertex 56 40 3.5
      vertex 79 29 3.5
      vertex 57.6 40 3.5
    endloop
  endfacet
  facet normal -0 0 1
    outer loop
      vertex 21.7 42 3.5
      vertex 56 40 3.5
      vertex 21.7 58 3.5
    endloop
  endfacet
  facet normal 0 0 1
    outer loop
      vertex 21.7 42 3.5
      vertex 79 29 3.5
      vertex 56 40 3.5
    endloop
  endfacet
  facet normal 0 0 1
    outer loop
      vertex -21 29 3.5
      vertex 21.7 42 3.5
      vertex 14.3 42 3.5
    endloop
  endfacet
  facet normal 0 0 1
    outer loop
      vertex -8.27315 37.4842 3.5
      vertex 14.3 42 3.5
      vertex 12.5158 58.2731 3.5
    endloop
  endfacet
  facet normal 0 0 1
    outer loop
      vertex -21 29 3.5
      vertex 14.3 42 3.5
      vertex -8.27315 37.4842 3.5
    endloop
  endfacet
  facet normal -0 0 1
    outer loop
      vertex -17.3231 63.7659 3.5
      vertex 8.27315 62.5158 3.5
      vertex -17.3058 63.8824 3.5
    endloop
  endfacet
  facet normal 0 0 1
    outer loop
      vertex -17.3 36 3.5
      vertex -8.27315 37.4842 3.5
      vertex -12.5158 41.7269 3.5
    endloop
  endfacet
  facet normal 0 0 1
    outer loop
      vertex -17.3058 35.8824 3.5
      vertex -8.27315 37.4842 3.5
      vertex -17.3 36 3.5
    endloop
  endfacet
  facet normal 0 0 1
    outer loop
      vertex -17.3231 35.7659 3.5
      vertex -8.27315 37.4842 3.5
      vertex -17.3058 35.8824 3.5
    endloop
  endfacet
  facet normal 0 0 1
    outer loop
      vertex -17.3517 35.6517 3.5
      vertex -8.27315 37.4842 3.5
      vertex -17.3231 35.7659 3.5
    endloop
  endfacet
  facet normal 0 0 1
    outer loop
      vertex -17.3913 35.5408 3.5
      vertex -8.27315 37.4842 3.5
      vertex -17.3517 35.6517 3.5
    endloop
  endfacet
  facet normal 0 0 1
    outer loop
      vertex -17.4417 35.4343 3.5
      vertex -8.27315 37.4842 3.5
      vertex -17.3913 35.5408 3.5
    endloop
  endfacet
  facet normal 0 0 1
    outer loop
      vertex -17.5022 35.3333 3.5
      vertex -8.27315 37.4842 3.5
      vertex -17.4417 35.4343 3.5
    endloop
  endfacet
  facet normal 0 0 1
    outer loop
      vertex -17.5724 35.2387 3.5
      vertex -8.27315 37.4842 3.5
      vertex -17.5022 35.3333 3.5
    endloop
  endfacet
  facet normal 0 0 1
    outer loop
      vertex -17.6515 35.1515 3.5
      vertex -8.27315 37.4842 3.5
      vertex -17.5724 35.2387 3.5
    endloop
  endfacet
  facet normal 0 0 1
    outer loop
      vertex -8.27315 37.4842 3.5
      vertex -17.6515 35.1515 3.5
      vertex -21 29 3.5
    endloop
  endfacet
  facet normal 0 0 1
    outer loop
      vertex -21 29 3.5
      vertex -17.6515 35.1515 3.5
      vertex -17.7387 35.0724 3.5
    endloop
  endfacet
  facet normal 0 0 1
    outer loop
      vertex -21 29 3.5
      vertex -17.7387 35.0724 3.5
      vertex -17.8333 35.0022 3.5
    endloop
  endfacet
  facet normal 0 0 1
    outer loop
      vertex -21 29 3.5
      vertex -17.8333 35.0022 3.5
      vertex -17.9343 34.9417 3.5
    endloop
  endfacet
  facet normal 0 0 1
    outer loop
      vertex -21 29 3.5
      vertex -17.9343 34.9417 3.5
      vertex -18.0408 34.8913 3.5
    endloop
  endfacet
  facet normal 0 0 1
    outer loop
      vertex -21 29 3.5
      vertex -18.0408 34.8913 3.5
      vertex -18.1517 34.8517 3.5
    endloop
  endfacet
  facet normal 0 0 1
    outer loop
      vertex -21 29 3.5
      vertex -18.1517 34.8517 3.5
      vertex -18.2659 34.8231 3.5
    endloop
  endfacet
  facet normal 0 0 1
    outer loop
      vertex -21 29 3.5
      vertex -18.2659 34.8231 3.5
      vertex -18.3824 34.8058 3.5
    endloop
  endfacet
  facet normal 0 0 1
    outer loop
      vertex -21 29 3.5
      vertex -18.3824 34.8058 3.5
      vertex -18.5 34.8 3.5
    endloop
  endfacet
  facet normal 0 0 1
    outer loop
      vertex -21 29 3.5
      vertex -18.5 34.8 3.5
      vertex -18.6176 34.8058 3.5
    endloop
  endfacet
  facet normal 0 0 1
    outer loop
      vertex 21.7 42 3.5
      vertex -21 29 3.5
      vertex 79 29 3.5
    endloop
  endfacet
  facet normal 0 0 1
    outer loop
      vertex -18.7341 34.8231 3.5
      vertex -21 29 3.5
      vertex -18.6176 34.8058 3.5
    endloop
  endfacet
  facet normal 0 0 1
    outer loop
      vertex -18.8483 34.8517 3.5
      vertex -21 29 3.5
      vertex -18.7341 34.8231 3.5
    endloop
  endfacet
  facet normal 0 0 1
    outer loop
      vertex -18.9592 34.8913 3.5
      vertex -21 29 3.5
      vertex -18.8483 34.8517 3.5
    endloop
  endfacet
  facet normal 0 0 1
    outer loop
      vertex -19.0657 34.9417 3.5
      vertex -21 29 3.5
      vertex -18.9592 34.8913 3.5
    endloop
  endfacet
  facet normal 0 0 1
    outer loop
      vertex -19.1667 35.0022 3.5
      vertex -21 29 3.5
      vertex -19.0657 34.9417 3.5
    endloop
  endfacet
  facet normal 0 0 1
    outer loop
      vertex -19.2613 35.0724 3.5
      vertex -21 29 3.5
      vertex -19.1667 35.0022 3.5
    endloop
  endfacet
  facet normal 0 0 1
    outer loop
      vertex -19.3485 35.1515 3.5
      vertex -21 29 3.5
      vertex -19.2613 35.0724 3.5
    endloop
  endfacet
  facet normal 0 0 1
    outer loop
      vertex -19.4276 35.2387 3.5
      vertex -21 29 3.5
      vertex -19.3485 35.1515 3.5
    endloop
  endfacet
  facet normal 0 0 1
    outer loop
      vertex -19.4978 35.3333 3.5
      vertex -21 29 3.5
      vertex -19.4276 35.2387 3.5
    endloop
  endfacet
  facet normal 0 0 1
    outer loop
      vertex -19.5583 35.4343 3.5
      vertex -21 29 3.5
      vertex -19.4978 35.3333 3.5
    endloop
  endfacet
  facet normal 0 0 1
    outer loop
      vertex -19.6087 35.5408 3.5
      vertex -21 29 3.5
      vertex -19.5583 35.4343 3.5
    endloop
  endfacet
  facet normal 0 0 1
    outer loop
      vertex -19.6483 35.6517 3.5
      vertex -21 29 3.5
      vertex -19.6087 35.5408 3.5
    endloop
  endfacet
  facet normal 0 0 1
    outer loop
      vertex -19.6769 35.7659 3.5
      vertex -21 29 3.5
      vertex -19.6483 35.6517 3.5
    endloop
  endfacet
  facet normal 0 0 1
    outer loop
      vertex -19.6942 35.8824 3.5
      vertex -21 29 3.5
      vertex -19.6769 35.7659 3.5
    endloop
  endfacet
  facet normal 0 0 1
    outer loop
      vertex -19.7 36 3.5
      vertex -21 29 3.5
      vertex -19.6942 35.8824 3.5
    endloop
  endfacet
  facet normal 0 0 1
    outer loop
      vertex -19.6942 36.1176 3.5
      vertex -21 29 3.5
      vertex -19.7 36 3.5
    endloop
  endfacet
  facet normal -1 0 0
    outer loop
      vertex -21 29 0
      vertex -21 71 3.5
      vertex -21 71 0
    endloop
  endfacet
  facet normal -1 -0 0
    outer loop
      vertex -21 71 3.5
      vertex -21 29 0
      vertex -21 29 3.5
    endloop
  endfacet
  facet normal 0 1 -0
    outer loop
      vertex 79 71 0
      vertex -21 71 3.5
      vertex 79 71 3.5
    endloop
  endfacet
  facet normal 0 1 0
    outer loop
      vertex -21 71 3.5
      vertex 79 71 0
      vertex -21 71 0
    endloop
  endfacet
  facet normal 0 -1 0
    outer loop
      vertex -21 29 0
      vertex 79 29 3.5
      vertex -21 29 3.5
    endloop
  endfacet
  facet normal 0 -1 -0
    outer loop
      vertex 79 29 3.5
      vertex -21 29 0
      vertex 79 29 0
    endloop
  endfacet
  facet normal 0.707111 0.707103 0
    outer loop
      vertex 12.5158 58.2731 11.3
      vertex 8.27315 62.5158 3.5
      vertex 8.27315 62.5158 11.3
    endloop
  endfacet
  facet normal 0.707111 0.707103 0
    outer loop
      vertex 8.27315 62.5158 3.5
      vertex 12.5158 58.2731 11.3
      vertex 12.5158 58.2731 3.5
    endloop
  endfacet
  facet normal -0.707111 -0.707103 0
    outer loop
      vertex -8.27315 37.4842 3.5
      vertex -12.5158 41.7269 11.3
      vertex -12.5158 41.7269 3.5
    endloop
  endfacet
  facet normal -0.707111 -0.707103 0
    outer loop
      vertex -12.5158 41.7269 11.3
      vertex -8.27315 37.4842 3.5
      vertex -8.27315 37.4842 11.3
    endloop
  endfacet
  facet normal -0.707106 0.707108 0
    outer loop
      vertex -12.5158 41.7269 3.5
      vertex 8.27315 62.5158 11.3
      vertex 8.27315 62.5158 3.5
    endloop
  endfacet
  facet normal -0.707106 0.707108 0
    outer loop
      vertex 8.27315 62.5158 11.3
      vertex -12.5158 41.7269 3.5
      vertex -12.5158 41.7269 11.3
    endloop
  endfacet
  facet normal 0 0 1
    outer loop
      vertex 12.5158 58.2731 11.3
      vertex 8.37922 60.0056 11.3
      vertex 10.0056 58.3792 11.3
    endloop
  endfacet
  facet normal 0 0 1
    outer loop
      vertex 8.27315 62.5158 11.3
      vertex 8.37922 60.0056 11.3
      vertex 12.5158 58.2731 11.3
    endloop
  endfacet
  facet normal 0 0 1
    outer loop
      vertex 8.27315 62.5158 11.3
      vertex -10.0056 41.6208 11.3
      vertex 8.37922 60.0056 11.3
    endloop
  endfacet
  facet normal 0 -0 1
    outer loop
      vertex -10.0056 41.6208 11.3
      vertex 8.27315 62.5158 11.3
      vertex -12.5158 41.7269 11.3
    endloop
  endfacet
  facet normal 0 0 1
    outer loop
      vertex 10.0056 58.3792 11.3
      vertex -8.27315 37.4842 11.3
      vertex 12.5158 58.2731 11.3
    endloop
  endfacet
  facet normal -0 0 1
    outer loop
      vertex -8.37922 39.9944 11.3
      vertex -8.27315 37.4842 11.3
      vertex 10.0056 58.3792 11.3
    endloop
  endfacet
  facet normal 0 0 1
    outer loop
      vertex -10.0056 41.6208 11.3
      vertex -8.27315 37.4842 11.3
      vertex -8.37922 39.9944 11.3
    endloop
  endfacet
  facet normal 0 0 1
    outer loop
      vertex -8.27315 37.4842 11.3
      vertex -10.0056 41.6208 11.3
      vertex -12.5158 41.7269 11.3
    endloop
  endfacet
  facet normal 0.707106 -0.707108 0
    outer loop
      vertex -8.27315 37.4842 11.3
      vertex 12.5158 58.2731 3.5
      vertex 12.5158 58.2731 11.3
    endloop
  endfacet
  facet normal 0.707106 -0.707108 0
    outer loop
      vertex 12.5158 58.2731 3.5
      vertex -8.27315 37.4842 11.3
      vertex -8.27315 37.4842 3.5
    endloop
  endfacet
  facet normal 1 -0 0
    outer loop
      vertex 21.7 42 5.2
      vertex 21.7 58 3.5
      vertex 21.7 58 5.2
    endloop
  endfacet
  facet normal 1 0 0
    outer loop
      vertex 21.7 58 3.5
      vertex 21.7 42 5.2
      vertex 21.7 42 3.5
    endloop
  endfacet
  facet normal -0 0 1
    outer loop
      vertex 20.2 58 5.2
      vertex 21.7 42 5.2
      vertex 21.7 58 5.2
    endloop
  endfacet
  facet normal 0 0 1
    outer loop
      vertex 21.7 42 5.2
      vertex 20.2 58 5.2
      vertex 20.2 42 5.2
    endloop
  endfacet
  facet normal -0 0 1
    outer loop
      vertex 14.3 58 5.2
      vertex 15.8 42 5.2
      vertex 15.8 58 5.2
    endloop
  endfacet
  facet normal 0 0 1
    outer loop
      vertex 15.8 42 5.2
      vertex 14.3 58 5.2
      vertex 14.3 42 5.2
    endloop
  endfacet
  facet normal -1 0 0
    outer loop
      vertex 14.3 42 3.5
      vertex 14.3 58 5.2
      vertex 14.3 58 3.5
    endloop
  endfacet
  facet normal -1 -0 0
    outer loop
      vertex 14.3 58 5.2
      vertex 14.3 42 3.5
      vertex 14.3 42 5.2
    endloop
  endfacet
  facet normal 0 1 0
    outer loop
      vertex 21.7 58 5.2
      vertex 20.2 58 4.5
      vertex 20.2 58 5.2
    endloop
  endfacet
  facet normal 0 1 0
    outer loop
      vertex 20.2 58 4.5
      vertex 21.7 58 3.5
      vertex 15.8 58 4.5
    endloop
  endfacet
  facet normal 0 1 -0
    outer loop
      vertex 21.7 58 3.5
      vertex 20.2 58 4.5
      vertex 21.7 58 5.2
    endloop
  endfacet
  facet normal 0 1 -0
    outer loop
      vertex 15.8 58 4.5
      vertex 14.3 58 5.2
      vertex 15.8 58 5.2
    endloop
  endfacet
  facet normal 0 1 0
    outer loop
      vertex 15.8 58 4.5
      vertex 14.3 58 3.5
      vertex 14.3 58 5.2
    endloop
  endfacet
  facet normal 0 1 0
    outer loop
      vertex 14.3 58 3.5
      vertex 15.8 58 4.5
      vertex 21.7 58 3.5
    endloop
  endfacet
  facet normal 0 -1 0
    outer loop
      vertex 14.3 42 5.2
      vertex 15.8 42 4.5
      vertex 15.8 42 5.2
    endloop
  endfacet
  facet normal 0 -1 -0
    outer loop
      vertex 15.8 42 4.5
      vertex 14.3 42 3.5
      vertex 20.2 42 4.5
    endloop
  endfacet
  facet normal 0 -1 0
    outer loop
      vertex 14.3 42 3.5
      vertex 15.8 42 4.5
      vertex 14.3 42 5.2
    endloop
  endfacet
  facet normal 0 -1 0
    outer loop
      vertex 20.2 42 4.5
      vertex 21.7 42 5.2
      vertex 20.2 42 5.2
    endloop
  endfacet
  facet normal 0 -1 0
    outer loop
      vertex 20.2 42 4.5
      vertex 21.7 42 3.5
      vertex 21.7 42 5.2
    endloop
  endfacet
  facet normal 0 -1 0
    outer loop
      vertex 21.7 42 3.5
      vertex 20.2 42 4.5
      vertex 14.3 42 3.5
    endloop
  endfacet
  facet normal -0.0492599 -0.998786 0
    outer loop
      vertex -18.5 37.2 0
      vertex -18.3824 37.1942 3.5
      vertex -18.5 37.2 3.5
    endloop
  endfacet
  facet normal -0.0492599 -0.998786 -0
    outer loop
      vertex -18.3824 37.1942 3.5
      vertex -18.5 37.2 0
      vertex -18.3824 37.1942 0
    endloop
  endfacet
  facet normal 0.970042 0.242935 0
    outer loop
      vertex -19.6483 35.6517 3.5
      vertex -19.6769 35.7659 0
      vertex -19.6769 35.7659 3.5
    endloop
  endfacet
  facet normal 0.970042 0.242935 0
    outer loop
      vertex -19.6769 35.7659 0
      vertex -19.6483 35.6517 3.5
      vertex -19.6483 35.6517 0
    endloop
  endfacet
  facet normal -0.803046 -0.595918 0
    outer loop
      vertex -17.5022 36.6667 0
      vertex -17.5724 36.7613 3.5
      vertex -17.5724 36.7613 0
    endloop
  endfacet
  facet normal -0.803046 -0.595918 0
    outer loop
      vertex -17.5724 36.7613 3.5
      vertex -17.5022 36.6667 0
      vertex -17.5022 36.6667 3.5
    endloop
  endfacet
  facet normal 0.427758 0.903893 -0
    outer loop
      vertex -18.9592 34.8913 0
      vertex -19.0657 34.9417 3.5
      vertex -18.9592 34.8913 3.5
    endloop
  endfacet
  facet normal 0.427758 0.903893 0
    outer loop
      vertex -19.0657 34.9417 3.5
      vertex -18.9592 34.8913 0
      vertex -19.0657 34.9417 0
    endloop
  endfacet
  facet normal 0.336283 0.941761 -0
    outer loop
      vertex -18.8483 34.8517 0
      vertex -18.9592 34.8913 3.5
      vertex -18.8483 34.8517 3.5
    endloop
  endfacet
  facet normal 0.336283 0.941761 0
    outer loop
      vertex -18.9592 34.8913 3.5
      vertex -18.8483 34.8517 0
      vertex -18.9592 34.8913 0
    endloop
  endfacet
  facet normal -0.74067 0.671869 0
    outer loop
      vertex -17.6515 35.1515 0
      vertex -17.5724 35.2387 3.5
      vertex -17.5724 35.2387 0
    endloop
  endfacet
  facet normal -0.74067 0.671869 0
    outer loop
      vertex -17.5724 35.2387 3.5
      vertex -17.6515 35.1515 0
      vertex -17.6515 35.1515 3.5
    endloop
  endfacet
  facet normal 0.941761 0.336283 0
    outer loop
      vertex -19.6087 35.5408 3.5
      vertex -19.6483 35.6517 0
      vertex -19.6483 35.6517 3.5
    endloop
  endfacet
  facet normal 0.941761 0.336283 0
    outer loop
      vertex -19.6483 35.6517 0
      vertex -19.6087 35.5408 3.5
      vertex -19.6087 35.5408 0
    endloop
  endfacet
  facet normal -0.903893 -0.427758 0
    outer loop
      vertex -17.3913 36.4592 0
      vertex -17.4417 36.5657 3.5
      vertex -17.4417 36.5657 0
    endloop
  endfacet
  facet normal -0.903893 -0.427758 0
    outer loop
      vertex -17.4417 36.5657 3.5
      vertex -17.3913 36.4592 0
      vertex -17.3913 36.4592 3.5
    endloop
  endfacet
  facet normal 0.146887 -0.989153 0
    outer loop
      vertex -18.7341 37.1769 0
      vertex -18.6176 37.1942 3.5
      vertex -18.7341 37.1769 3.5
    endloop
  endfacet
  facet normal 0.146887 -0.989153 0
    outer loop
      vertex -18.6176 37.1942 3.5
      vertex -18.7341 37.1769 0
      vertex -18.6176 37.1942 0
    endloop
  endfacet
  facet normal -0.0492599 0.998786 0
    outer loop
      vertex -18.3824 34.8058 0
      vertex -18.5 34.8 3.5
      vertex -18.3824 34.8058 3.5
    endloop
  endfacet
  facet normal -0.0492599 0.998786 0
    outer loop
      vertex -18.5 34.8 3.5
      vertex -18.3824 34.8058 0
      vertex -18.5 34.8 0
    endloop
  endfacet
  facet normal 0.941761 -0.336283 0
    outer loop
      vertex -19.6483 36.3483 3.5
      vertex -19.6087 36.4592 0
      vertex -19.6087 36.4592 3.5
    endloop
  endfacet
  facet normal 0.941761 -0.336283 0
    outer loop
      vertex -19.6087 36.4592 0
      vertex -19.6483 36.3483 3.5
      vertex -19.6483 36.3483 0
    endloop
  endfacet
  facet normal -0.803046 0.595918 0
    outer loop
      vertex -17.5724 35.2387 0
      vertex -17.5022 35.3333 3.5
      vertex -17.5022 35.3333 0
    endloop
  endfacet
  facet normal -0.803046 0.595918 0
    outer loop
      vertex -17.5022 35.3333 3.5
      vertex -17.5724 35.2387 0
      vertex -17.5724 35.2387 3.5
    endloop
  endfacet
  facet normal -0.336283 0.941761 0
    outer loop
      vertex -18.0408 34.8913 0
      vertex -18.1517 34.8517 3.5
      vertex -18.0408 34.8913 3.5
    endloop
  endfacet
  facet normal -0.336283 0.941761 0
    outer loop
      vertex -18.1517 34.8517 3.5
      vertex -18.0408 34.8913 0
      vertex -18.1517 34.8517 0
    endloop
  endfacet
  facet normal -0.857867 -0.513871 0
    outer loop
      vertex -17.4417 36.5657 0
      vertex -17.5022 36.6667 3.5
      vertex -17.5022 36.6667 0
    endloop
  endfacet
  facet normal -0.857867 -0.513871 0
    outer loop
      vertex -17.5022 36.6667 3.5
      vertex -17.4417 36.5657 0
      vertex -17.4417 36.5657 3.5
    endloop
  endfacet
  facet normal -0.989153 -0.146887 0
    outer loop
      vertex -17.3058 36.1176 0
      vertex -17.3231 36.2341 3.5
      vertex -17.3231 36.2341 0
    endloop
  endfacet
  facet normal -0.989153 -0.146887 0
    outer loop
      vertex -17.3231 36.2341 3.5
      vertex -17.3058 36.1176 0
      vertex -17.3058 36.1176 3.5
    endloop
  endfacet
  facet normal 0.989153 -0.146887 0
    outer loop
      vertex -19.6942 36.1176 3.5
      vertex -19.6769 36.2341 0
      vertex -19.6769 36.2341 3.5
    endloop
  endfacet
  facet normal 0.989153 -0.146887 0
    outer loop
      vertex -19.6769 36.2341 0
      vertex -19.6942 36.1176 3.5
      vertex -19.6942 36.1176 0
    endloop
  endfacet
  facet normal 0.857867 -0.513871 0
    outer loop
      vertex -19.5583 36.5657 3.5
      vertex -19.4978 36.6667 0
      vertex -19.4978 36.6667 3.5
    endloop
  endfacet
  facet normal 0.857867 -0.513871 0
    outer loop
      vertex -19.4978 36.6667 0
      vertex -19.5583 36.5657 3.5
      vertex -19.5583 36.5657 0
    endloop
  endfacet
  facet normal -0.941761 -0.336283 0
    outer loop
      vertex -17.3517 36.3483 0
      vertex -17.3913 36.4592 3.5
      vertex -17.3913 36.4592 0
    endloop
  endfacet
  facet normal -0.941761 -0.336283 0
    outer loop
      vertex -17.3913 36.4592 3.5
      vertex -17.3517 36.3483 0
      vertex -17.3517 36.3483 3.5
    endloop
  endfacet
  facet normal -0.146887 -0.989153 0
    outer loop
      vertex -18.3824 37.1942 0
      vertex -18.2659 37.1769 3.5
      vertex -18.3824 37.1942 3.5
    endloop
  endfacet
  facet normal -0.146887 -0.989153 -0
    outer loop
      vertex -18.2659 37.1769 3.5
      vertex -18.3824 37.1942 0
      vertex -18.2659 37.1769 0
    endloop
  endfacet
  facet normal -0.998786 -0.0492599 0
    outer loop
      vertex -17.3 36 0
      vertex -17.3058 36.1176 3.5
      vertex -17.3058 36.1176 0
    endloop
  endfacet
  facet normal -0.998786 -0.0492599 0
    outer loop
      vertex -17.3058 36.1176 3.5
      vertex -17.3 36 0
      vertex -17.3 36 3.5
    endloop
  endfacet
  facet normal 0.336283 -0.941761 0
    outer loop
      vertex -18.9592 37.1087 0
      vertex -18.8483 37.1483 3.5
      vertex -18.9592 37.1087 3.5
    endloop
  endfacet
  facet normal 0.336283 -0.941761 0
    outer loop
      vertex -18.8483 37.1483 3.5
      vertex -18.9592 37.1087 0
      vertex -18.8483 37.1483 0
    endloop
  endfacet
  facet normal -0.970042 -0.242935 0
    outer loop
      vertex -17.3231 36.2341 0
      vertex -17.3517 36.3483 3.5
      vertex -17.3517 36.3483 0
    endloop
  endfacet
  facet normal -0.970042 -0.242935 0
    outer loop
      vertex -17.3517 36.3483 3.5
      vertex -17.3231 36.2341 0
      vertex -17.3231 36.2341 3.5
    endloop
  endfacet
  facet normal -0.998786 0.0492599 0
    outer loop
      vertex -17.3058 35.8824 0
      vertex -17.3 36 3.5
      vertex -17.3 36 0
    endloop
  endfacet
  facet normal -0.998786 0.0492599 0
    outer loop
      vertex -17.3 36 3.5
      vertex -17.3058 35.8824 0
      vertex -17.3058 35.8824 3.5
    endloop
  endfacet
  facet normal -0.146887 0.989153 0
    outer loop
      vertex -18.2659 34.8231 0
      vertex -18.3824 34.8058 3.5
      vertex -18.2659 34.8231 3.5
    endloop
  endfacet
  facet normal -0.146887 0.989153 0
    outer loop
      vertex -18.3824 34.8058 3.5
      vertex -18.2659 34.8231 0
      vertex -18.3824 34.8058 0
    endloop
  endfacet
  facet normal -0.970042 0.242935 0
    outer loop
      vertex -17.3517 35.6517 0
      vertex -17.3231 35.7659 3.5
      vertex -17.3231 35.7659 0
    endloop
  endfacet
  facet normal -0.970042 0.242935 0
    outer loop
      vertex -17.3231 35.7659 3.5
      vertex -17.3517 35.6517 0
      vertex -17.3517 35.6517 3.5
    endloop
  endfacet
  facet normal 0.427758 -0.903893 0
    outer loop
      vertex -19.0657 37.0583 0
      vertex -18.9592 37.1087 3.5
      vertex -19.0657 37.0583 3.5
    endloop
  endfacet
  facet normal 0.427758 -0.903893 0
    outer loop
      vertex -18.9592 37.1087 3.5
      vertex -19.0657 37.0583 0
      vertex -18.9592 37.1087 0
    endloop
  endfacet
  facet normal -0.242935 0.970042 0
    outer loop
      vertex -18.1517 34.8517 0
      vertex -18.2659 34.8231 3.5
      vertex -18.1517 34.8517 3.5
    endloop
  endfacet
  facet normal -0.242935 0.970042 0
    outer loop
      vertex -18.2659 34.8231 3.5
      vertex -18.1517 34.8517 0
      vertex -18.2659 34.8231 0
    endloop
  endfacet
  facet normal 0.74067 0.671869 0
    outer loop
      vertex -19.3485 35.1515 3.5
      vertex -19.4276 35.2387 0
      vertex -19.4276 35.2387 3.5
    endloop
  endfacet
  facet normal 0.74067 0.671869 0
    outer loop
      vertex -19.4276 35.2387 0
      vertex -19.3485 35.1515 3.5
      vertex -19.3485 35.1515 0
    endloop
  endfacet
  facet normal 0.998786 0.0492599 0
    outer loop
      vertex -19.6942 35.8824 3.5
      vertex -19.7 36 0
      vertex -19.7 36 3.5
    endloop
  endfacet
  facet normal 0.998786 0.0492599 0
    outer loop
      vertex -19.7 36 0
      vertex -19.6942 35.8824 3.5
      vertex -19.6942 35.8824 0
    endloop
  endfacet
  facet normal 0.0492599 -0.998786 0
    outer loop
      vertex -18.6176 37.1942 0
      vertex -18.5 37.2 3.5
      vertex -18.6176 37.1942 3.5
    endloop
  endfacet
  facet normal 0.0492599 -0.998786 0
    outer loop
      vertex -18.5 37.2 3.5
      vertex -18.6176 37.1942 0
      vertex -18.5 37.2 0
    endloop
  endfacet
  facet normal 0.595918 0.803046 -0
    outer loop
      vertex -19.1667 35.0022 0
      vertex -19.2613 35.0724 3.5
      vertex -19.1667 35.0022 3.5
    endloop
  endfacet
  facet normal 0.595918 0.803046 0
    outer loop
      vertex -19.2613 35.0724 3.5
      vertex -19.1667 35.0022 0
      vertex -19.2613 35.0724 0
    endloop
  endfacet
  facet normal -0.671869 -0.74067 0
    outer loop
      vertex -17.7387 36.9276 0
      vertex -17.6515 36.8485 3.5
      vertex -17.7387 36.9276 3.5
    endloop
  endfacet
  facet normal -0.671869 -0.74067 -0
    outer loop
      vertex -17.6515 36.8485 3.5
      vertex -17.7387 36.9276 0
      vertex -17.6515 36.8485 0
    endloop
  endfacet
  facet normal -0.513871 0.857867 0
    outer loop
      vertex -17.8333 35.0022 0
      vertex -17.9343 34.9417 3.5
      vertex -17.8333 35.0022 3.5
    endloop
  endfacet
  facet normal -0.513871 0.857867 0
    outer loop
      vertex -17.9343 34.9417 3.5
      vertex -17.8333 35.0022 0
      vertex -17.9343 34.9417 0
    endloop
  endfacet
  facet normal 0.989153 0.146887 0
    outer loop
      vertex -19.6769 35.7659 3.5
      vertex -19.6942 35.8824 0
      vertex -19.6942 35.8824 3.5
    endloop
  endfacet
  facet normal 0.989153 0.146887 0
    outer loop
      vertex -19.6942 35.8824 0
      vertex -19.6769 35.7659 3.5
      vertex -19.6769 35.7659 0
    endloop
  endfacet
  facet normal 0.998786 -0.0492599 0
    outer loop
      vertex -19.7 36 3.5
      vertex -19.6942 36.1176 0
      vertex -19.6942 36.1176 3.5
    endloop
  endfacet
  facet normal 0.998786 -0.0492599 0
    outer loop
      vertex -19.6942 36.1176 0
      vertex -19.7 36 3.5
      vertex -19.7 36 0
    endloop
  endfacet
  facet normal -0.336283 -0.941761 0
    outer loop
      vertex -18.1517 37.1483 0
      vertex -18.0408 37.1087 3.5
      vertex -18.1517 37.1483 3.5
    endloop
  endfacet
  facet normal -0.336283 -0.941761 -0
    outer loop
      vertex -18.0408 37.1087 3.5
      vertex -18.1517 37.1483 0
      vertex -18.0408 37.1087 0
    endloop
  endfacet
  facet normal 0.903893 -0.427758 0
    outer loop
      vertex -19.6087 36.4592 3.5
      vertex -19.5583 36.5657 0
      vertex -19.5583 36.5657 3.5
    endloop
  endfacet
  facet normal 0.903893 -0.427758 0
    outer loop
      vertex -19.5583 36.5657 0
      vertex -19.6087 36.4592 3.5
      vertex -19.6087 36.4592 0
    endloop
  endfacet
  facet normal 0.671869 -0.74067 0
    outer loop
      vertex -19.3485 36.8485 0
      vertex -19.2613 36.9276 3.5
      vertex -19.3485 36.8485 3.5
    endloop
  endfacet
  facet normal 0.671869 -0.74067 0
    outer loop
      vertex -19.2613 36.9276 3.5
      vertex -19.3485 36.8485 0
      vertex -19.2613 36.9276 0
    endloop
  endfacet
  facet normal -0.427758 0.903893 0
    outer loop
      vertex -17.9343 34.9417 0
      vertex -18.0408 34.8913 3.5
      vertex -17.9343 34.9417 3.5
    endloop
  endfacet
  facet normal -0.427758 0.903893 0
    outer loop
      vertex -18.0408 34.8913 3.5
      vertex -17.9343 34.9417 0
      vertex -18.0408 34.8913 0
    endloop
  endfacet
  facet normal 0.513871 -0.857867 0
    outer loop
      vertex -19.1667 36.9978 0
      vertex -19.0657 37.0583 3.5
      vertex -19.1667 36.9978 3.5
    endloop
  endfacet
  facet normal 0.513871 -0.857867 0
    outer loop
      vertex -19.0657 37.0583 3.5
      vertex -19.1667 36.9978 0
      vertex -19.0657 37.0583 0
    endloop
  endfacet
  facet normal 0.671869 0.74067 -0
    outer loop
      vertex -19.2613 35.0724 0
      vertex -19.3485 35.1515 3.5
      vertex -19.2613 35.0724 3.5
    endloop
  endfacet
  facet normal 0.671869 0.74067 0
    outer loop
      vertex -19.3485 35.1515 3.5
      vertex -19.2613 35.0724 0
      vertex -19.3485 35.1515 0
    endloop
  endfacet
  facet normal -0.74067 -0.671869 0
    outer loop
      vertex -17.5724 36.7613 0
      vertex -17.6515 36.8485 3.5
      vertex -17.6515 36.8485 0
    endloop
  endfacet
  facet normal -0.74067 -0.671869 0
    outer loop
      vertex -17.6515 36.8485 3.5
      vertex -17.5724 36.7613 0
      vertex -17.5724 36.7613 3.5
    endloop
  endfacet
  facet normal -0.427758 -0.903893 0
    outer loop
      vertex -18.0408 37.1087 0
      vertex -17.9343 37.0583 3.5
      vertex -18.0408 37.1087 3.5
    endloop
  endfacet
  facet normal -0.427758 -0.903893 -0
    outer loop
      vertex -17.9343 37.0583 3.5
      vertex -18.0408 37.1087 0
      vertex -17.9343 37.0583 0
    endloop
  endfacet
  facet normal 0.513871 0.857867 -0
    outer loop
      vertex -19.0657 34.9417 0
      vertex -19.1667 35.0022 3.5
      vertex -19.0657 34.9417 3.5
    endloop
  endfacet
  facet normal 0.513871 0.857867 0
    outer loop
      vertex -19.1667 35.0022 3.5
      vertex -19.0657 34.9417 0
      vertex -19.1667 35.0022 0
    endloop
  endfacet
  facet normal -0.595918 -0.803046 0
    outer loop
      vertex -17.8333 36.9978 0
      vertex -17.7387 36.9276 3.5
      vertex -17.8333 36.9978 3.5
    endloop
  endfacet
  facet normal -0.595918 -0.803046 -0
    outer loop
      vertex -17.7387 36.9276 3.5
      vertex -17.8333 36.9978 0
      vertex -17.7387 36.9276 0
    endloop
  endfacet
  facet normal 0.970042 -0.242935 0
    outer loop
      vertex -19.6769 36.2341 3.5
      vertex -19.6483 36.3483 0
      vertex -19.6483 36.3483 3.5
    endloop
  endfacet
  facet normal 0.970042 -0.242935 0
    outer loop
      vertex -19.6483 36.3483 0
      vertex -19.6769 36.2341 3.5
      vertex -19.6769 36.2341 0
    endloop
  endfacet
  facet normal 0.595918 -0.803046 0
    outer loop
      vertex -19.2613 36.9276 0
      vertex -19.1667 36.9978 3.5
      vertex -19.2613 36.9276 3.5
    endloop
  endfacet
  facet normal 0.595918 -0.803046 0
    outer loop
      vertex -19.1667 36.9978 3.5
      vertex -19.2613 36.9276 0
      vertex -19.1667 36.9978 0
    endloop
  endfacet
  facet normal -0.513871 -0.857867 0
    outer loop
      vertex -17.9343 37.0583 0
      vertex -17.8333 36.9978 3.5
      vertex -17.9343 37.0583 3.5
    endloop
  endfacet
  facet normal -0.513871 -0.857867 -0
    outer loop
      vertex -17.8333 36.9978 3.5
      vertex -17.9343 37.0583 0
      vertex -17.8333 36.9978 0
    endloop
  endfacet
  facet normal -0.595918 0.803046 0
    outer loop
      vertex -17.7387 35.0724 0
      vertex -17.8333 35.0022 3.5
      vertex -17.7387 35.0724 3.5
    endloop
  endfacet
  facet normal -0.595918 0.803046 0
    outer loop
      vertex -17.8333 35.0022 3.5
      vertex -17.7387 35.0724 0
      vertex -17.8333 35.0022 0
    endloop
  endfacet
  facet normal 0.242935 -0.970042 0
    outer loop
      vertex -18.8483 37.1483 0
      vertex -18.7341 37.1769 3.5
      vertex -18.8483 37.1483 3.5
    endloop
  endfacet
  facet normal 0.242935 -0.970042 0
    outer loop
      vertex -18.7341 37.1769 3.5
      vertex -18.8483 37.1483 0
      vertex -18.7341 37.1769 0
    endloop
  endfacet
  facet normal 0.146887 0.989153 -0
    outer loop
      vertex -18.6176 34.8058 0
      vertex -18.7341 34.8231 3.5
      vertex -18.6176 34.8058 3.5
    endloop
  endfacet
  facet normal 0.146887 0.989153 0
    outer loop
      vertex -18.7341 34.8231 3.5
      vertex -18.6176 34.8058 0
      vertex -18.7341 34.8231 0
    endloop
  endfacet
  facet normal -0.989153 0.146887 0
    outer loop
      vertex -17.3231 35.7659 0
      vertex -17.3058 35.8824 3.5
      vertex -17.3058 35.8824 0
    endloop
  endfacet
  facet normal -0.989153 0.146887 0
    outer loop
      vertex -17.3058 35.8824 3.5
      vertex -17.3231 35.7659 0
      vertex -17.3231 35.7659 3.5
    endloop
  endfacet
  facet normal 0.0492599 0.998786 -0
    outer loop
      vertex -18.5 34.8 0
      vertex -18.6176 34.8058 3.5
      vertex -18.5 34.8 3.5
    endloop
  endfacet
  facet normal 0.0492599 0.998786 0
    outer loop
      vertex -18.6176 34.8058 3.5
      vertex -18.5 34.8 0
      vertex -18.6176 34.8058 0
    endloop
  endfacet
  facet normal -0.857867 0.513871 0
    outer loop
      vertex -17.5022 35.3333 0
      vertex -17.4417 35.4343 3.5
      vertex -17.4417 35.4343 0
    endloop
  endfacet
  facet normal -0.857867 0.513871 0
    outer loop
      vertex -17.4417 35.4343 3.5
      vertex -17.5022 35.3333 0
      vertex -17.5022 35.3333 3.5
    endloop
  endfacet
  facet normal 0.803046 0.595918 0
    outer loop
      vertex -19.4276 35.2387 3.5
      vertex -19.4978 35.3333 0
      vertex -19.4978 35.3333 3.5
    endloop
  endfacet
  facet normal 0.803046 0.595918 0
    outer loop
      vertex -19.4978 35.3333 0
      vertex -19.4276 35.2387 3.5
      vertex -19.4276 35.2387 0
    endloop
  endfacet
  facet normal 0.903893 0.427758 0
    outer loop
      vertex -19.5583 35.4343 3.5
      vertex -19.6087 35.5408 0
      vertex -19.6087 35.5408 3.5
    endloop
  endfacet
  facet normal 0.903893 0.427758 0
    outer loop
      vertex -19.6087 35.5408 0
      vertex -19.5583 35.4343 3.5
      vertex -19.5583 35.4343 0
    endloop
  endfacet
  facet normal 0.857867 0.513871 0
    outer loop
      vertex -19.4978 35.3333 3.5
      vertex -19.5583 35.4343 0
      vertex -19.5583 35.4343 3.5
    endloop
  endfacet
  facet normal 0.857867 0.513871 0
    outer loop
      vertex -19.5583 35.4343 0
      vertex -19.4978 35.3333 3.5
      vertex -19.4978 35.3333 0
    endloop
  endfacet
  facet normal -0.903893 0.427758 0
    outer loop
      vertex -17.4417 35.4343 0
      vertex -17.3913 35.5408 3.5
      vertex -17.3913 35.5408 0
    endloop
  endfacet
  facet normal -0.903893 0.427758 0
    outer loop
      vertex -17.3913 35.5408 3.5
      vertex -17.4417 35.4343 0
      vertex -17.4417 35.4343 3.5
    endloop
  endfacet
  facet normal -0.671869 0.74067 0
    outer loop
      vertex -17.6515 35.1515 0
      vertex -17.7387 35.0724 3.5
      vertex -17.6515 35.1515 3.5
    endloop
  endfacet
  facet normal -0.671869 0.74067 0
    outer loop
      vertex -17.7387 35.0724 3.5
      vertex -17.6515 35.1515 0
      vertex -17.7387 35.0724 0
    endloop
  endfacet
  facet normal 0.242935 0.970042 -0
    outer loop
      vertex -18.7341 34.8231 0
      vertex -18.8483 34.8517 3.5
      vertex -18.7341 34.8231 3.5
    endloop
  endfacet
  facet normal 0.242935 0.970042 0
    outer loop
      vertex -18.8483 34.8517 3.5
      vertex -18.7341 34.8231 0
      vertex -18.8483 34.8517 0
    endloop
  endfacet
  facet normal -0.941761 0.336283 0
    outer loop
      vertex -17.3913 35.5408 0
      vertex -17.3517 35.6517 3.5
      vertex -17.3517 35.6517 0
    endloop
  endfacet
  facet normal -0.941761 0.336283 0
    outer loop
      vertex -17.3517 35.6517 3.5
      vertex -17.3913 35.5408 0
      vertex -17.3913 35.5408 3.5
    endloop
  endfacet
  facet normal 0.803046 -0.595918 0
    outer loop
      vertex -19.4978 36.6667 3.5
      vertex -19.4276 36.7613 0
      vertex -19.4276 36.7613 3.5
    endloop
  endfacet
  facet normal 0.803046 -0.595918 0
    outer loop
      vertex -19.4276 36.7613 0
      vertex -19.4978 36.6667 3.5
      vertex -19.4978 36.6667 0
    endloop
  endfacet
  facet normal -0.242935 -0.970042 0
    outer loop
      vertex -18.2659 37.1769 0
      vertex -18.1517 37.1483 3.5
      vertex -18.2659 37.1769 3.5
    endloop
  endfacet
  facet normal -0.242935 -0.970042 -0
    outer loop
      vertex -18.1517 37.1483 3.5
      vertex -18.2659 37.1769 0
      vertex -18.1517 37.1483 0
    endloop
  endfacet
  facet normal 0.74067 -0.671869 0
    outer loop
      vertex -19.4276 36.7613 3.5
      vertex -19.3485 36.8485 0
      vertex -19.3485 36.8485 3.5
    endloop
  endfacet
  facet normal 0.74067 -0.671869 0
    outer loop
      vertex -19.3485 36.8485 0
      vertex -19.4276 36.7613 3.5
      vertex -19.4276 36.7613 0
    endloop
  endfacet
  facet normal -0.989153 0.146887 0
    outer loop
      vertex -17.3231 63.7659 0
      vertex -17.3058 63.8824 3.5
      vertex -17.3058 63.8824 0
    endloop
  endfacet
  facet normal -0.989153 0.146887 0
    outer loop
      vertex -17.3058 63.8824 3.5
      vertex -17.3231 63.7659 0
      vertex -17.3231 63.7659 3.5
    endloop
  endfacet
  facet normal -0.336283 0.941761 0
    outer loop
      vertex -18.0408 62.8913 0
      vertex -18.1517 62.8517 3.5
      vertex -18.0408 62.8913 3.5
    endloop
  endfacet
  facet normal -0.336283 0.941761 0
    outer loop
      vertex -18.1517 62.8517 3.5
      vertex -18.0408 62.8913 0
      vertex -18.1517 62.8517 0
    endloop
  endfacet
  facet normal 0.857867 0.513871 0
    outer loop
      vertex -19.4978 63.3333 3.5
      vertex -19.5583 63.4343 0
      vertex -19.5583 63.4343 3.5
    endloop
  endfacet
  facet normal 0.857867 0.513871 0
    outer loop
      vertex -19.5583 63.4343 0
      vertex -19.4978 63.3333 3.5
      vertex -19.4978 63.3333 0
    endloop
  endfacet
  facet normal 0.242935 -0.970042 0
    outer loop
      vertex -18.8483 65.1483 0
      vertex -18.7341 65.1769 3.5
      vertex -18.8483 65.1483 3.5
    endloop
  endfacet
  facet normal 0.242935 -0.970042 0
    outer loop
      vertex -18.7341 65.1769 3.5
      vertex -18.8483 65.1483 0
      vertex -18.7341 65.1769 0
    endloop
  endfacet
  facet normal 0.989153 0.146887 0
    outer loop
      vertex -19.6769 63.7659 3.5
      vertex -19.6942 63.8824 0
      vertex -19.6942 63.8824 3.5
    endloop
  endfacet
  facet normal 0.989153 0.146887 0
    outer loop
      vertex -19.6942 63.8824 0
      vertex -19.6769 63.7659 3.5
      vertex -19.6769 63.7659 0
    endloop
  endfacet
  facet normal -0.513871 0.857867 0
    outer loop
      vertex -17.8333 63.0022 0
      vertex -17.9343 62.9417 3.5
      vertex -17.8333 63.0022 3.5
    endloop
  endfacet
  facet normal -0.513871 0.857867 0
    outer loop
      vertex -17.9343 62.9417 3.5
      vertex -17.8333 63.0022 0
      vertex -17.9343 62.9417 0
    endloop
  endfacet
  facet normal 0.671869 0.74067 -0
    outer loop
      vertex -19.2613 63.0724 0
      vertex -19.3485 63.1515 3.5
      vertex -19.2613 63.0724 3.5
    endloop
  endfacet
  facet normal 0.671869 0.74067 0
    outer loop
      vertex -19.3485 63.1515 3.5
      vertex -19.2613 63.0724 0
      vertex -19.3485 63.1515 0
    endloop
  endfacet
  facet normal -0.941761 -0.336283 0
    outer loop
      vertex -17.3517 64.3483 0
      vertex -17.3913 64.4592 3.5
      vertex -17.3913 64.4592 0
    endloop
  endfacet
  facet normal -0.941761 -0.336283 0
    outer loop
      vertex -17.3913 64.4592 3.5
      vertex -17.3517 64.3483 0
      vertex -17.3517 64.3483 3.5
    endloop
  endfacet
  facet normal 0.595918 -0.803046 0
    outer loop
      vertex -19.2613 64.9276 0
      vertex -19.1667 64.9978 3.5
      vertex -19.2613 64.9276 3.5
    endloop
  endfacet
  facet normal 0.595918 -0.803046 0
    outer loop
      vertex -19.1667 64.9978 3.5
      vertex -19.2613 64.9276 0
      vertex -19.1667 64.9978 0
    endloop
  endfacet
  facet normal -0.671869 -0.74067 0
    outer loop
      vertex -17.7387 64.9276 0
      vertex -17.6515 64.8485 3.5
      vertex -17.7387 64.9276 3.5
    endloop
  endfacet
  facet normal -0.671869 -0.74067 -0
    outer loop
      vertex -17.6515 64.8485 3.5
      vertex -17.7387 64.9276 0
      vertex -17.6515 64.8485 0
    endloop
  endfacet
  facet normal -0.242935 0.970042 0
    outer loop
      vertex -18.1517 62.8517 0
      vertex -18.2659 62.8231 3.5
      vertex -18.1517 62.8517 3.5
    endloop
  endfacet
  facet normal -0.242935 0.970042 0
    outer loop
      vertex -18.2659 62.8231 3.5
      vertex -18.1517 62.8517 0
      vertex -18.2659 62.8231 0
    endloop
  endfacet
  facet normal -0.336283 -0.941761 0
    outer loop
      vertex -18.1517 65.1483 0
      vertex -18.0408 65.1087 3.5
      vertex -18.1517 65.1483 3.5
    endloop
  endfacet
  facet normal -0.336283 -0.941761 -0
    outer loop
      vertex -18.0408 65.1087 3.5
      vertex -18.1517 65.1483 0
      vertex -18.0408 65.1087 0
    endloop
  endfacet
  facet normal -0.989153 -0.146887 0
    outer loop
      vertex -17.3058 64.1176 0
      vertex -17.3231 64.2341 3.5
      vertex -17.3231 64.2341 0
    endloop
  endfacet
  facet normal -0.989153 -0.146887 0
    outer loop
      vertex -17.3231 64.2341 3.5
      vertex -17.3058 64.1176 0
      vertex -17.3058 64.1176 3.5
    endloop
  endfacet
  facet normal 0.513871 -0.857867 0
    outer loop
      vertex -19.1667 64.9978 0
      vertex -19.0657 65.0583 3.5
      vertex -19.1667 64.9978 3.5
    endloop
  endfacet
  facet normal 0.513871 -0.857867 0
    outer loop
      vertex -19.0657 65.0583 3.5
      vertex -19.1667 64.9978 0
      vertex -19.0657 65.0583 0
    endloop
  endfacet
  facet normal -0.0492599 -0.998786 0
    outer loop
      vertex -18.5 65.2 0
      vertex -18.3824 65.1942 3.5
      vertex -18.5 65.2 3.5
    endloop
  endfacet
  facet normal -0.0492599 -0.998786 -0
    outer loop
      vertex -18.3824 65.1942 3.5
      vertex -18.5 65.2 0
      vertex -18.3824 65.1942 0
    endloop
  endfacet
  facet normal -0.998786 -0.0492599 0
    outer loop
      vertex -17.3 64 0
      vertex -17.3058 64.1176 3.5
      vertex -17.3058 64.1176 0
    endloop
  endfacet
  facet normal -0.998786 -0.0492599 0
    outer loop
      vertex -17.3058 64.1176 3.5
      vertex -17.3 64 0
      vertex -17.3 64 3.5
    endloop
  endfacet
  facet normal 0.803046 0.595918 0
    outer loop
      vertex -19.4276 63.2387 3.5
      vertex -19.4978 63.3333 0
      vertex -19.4978 63.3333 3.5
    endloop
  endfacet
  facet normal 0.803046 0.595918 0
    outer loop
      vertex -19.4978 63.3333 0
      vertex -19.4276 63.2387 3.5
      vertex -19.4276 63.2387 0
    endloop
  endfacet
  facet normal 0.970042 0.242935 0
    outer loop
      vertex -19.6483 63.6517 3.5
      vertex -19.6769 63.7659 0
      vertex -19.6769 63.7659 3.5
    endloop
  endfacet
  facet normal 0.970042 0.242935 0
    outer loop
      vertex -19.6769 63.7659 0
      vertex -19.6483 63.6517 3.5
      vertex -19.6483 63.6517 0
    endloop
  endfacet
  facet normal 0.857867 -0.513871 0
    outer loop
      vertex -19.5583 64.5657 3.5
      vertex -19.4978 64.6667 0
      vertex -19.4978 64.6667 3.5
    endloop
  endfacet
  facet normal 0.857867 -0.513871 0
    outer loop
      vertex -19.4978 64.6667 0
      vertex -19.5583 64.5657 3.5
      vertex -19.5583 64.5657 0
    endloop
  endfacet
  facet normal -0.427758 -0.903893 0
    outer loop
      vertex -18.0408 65.1087 0
      vertex -17.9343 65.0583 3.5
      vertex -18.0408 65.1087 3.5
    endloop
  endfacet
  facet normal -0.427758 -0.903893 -0
    outer loop
      vertex -17.9343 65.0583 3.5
      vertex -18.0408 65.1087 0
      vertex -17.9343 65.0583 0
    endloop
  endfacet
  facet normal -0.803046 0.595918 0
    outer loop
      vertex -17.5724 63.2387 0
      vertex -17.5022 63.3333 3.5
      vertex -17.5022 63.3333 0
    endloop
  endfacet
  facet normal -0.803046 0.595918 0
    outer loop
      vertex -17.5022 63.3333 3.5
      vertex -17.5724 63.2387 0
      vertex -17.5724 63.2387 3.5
    endloop
  endfacet
  facet normal -0.242935 -0.970042 0
    outer loop
      vertex -18.2659 65.1769 0
      vertex -18.1517 65.1483 3.5
      vertex -18.2659 65.1769 3.5
    endloop
  endfacet
  facet normal -0.242935 -0.970042 -0
    outer loop
      vertex -18.1517 65.1483 3.5
      vertex -18.2659 65.1769 0
      vertex -18.1517 65.1483 0
    endloop
  endfacet
  facet normal 0.0492599 -0.998786 0
    outer loop
      vertex -18.6176 65.1942 0
      vertex -18.5 65.2 3.5
      vertex -18.6176 65.1942 3.5
    endloop
  endfacet
  facet normal 0.0492599 -0.998786 0
    outer loop
      vertex -18.5 65.2 3.5
      vertex -18.6176 65.1942 0
      vertex -18.5 65.2 0
    endloop
  endfacet
  facet normal -0.970042 -0.242935 0
    outer loop
      vertex -17.3231 64.2341 0
      vertex -17.3517 64.3483 3.5
      vertex -17.3517 64.3483 0
    endloop
  endfacet
  facet normal -0.970042 -0.242935 0
    outer loop
      vertex -17.3517 64.3483 3.5
      vertex -17.3231 64.2341 0
      vertex -17.3231 64.2341 3.5
    endloop
  endfacet
  facet normal -0.146887 0.989153 0
    outer loop
      vertex -18.2659 62.8231 0
      vertex -18.3824 62.8058 3.5
      vertex -18.2659 62.8231 3.5
    endloop
  endfacet
  facet normal -0.146887 0.989153 0
    outer loop
      vertex -18.3824 62.8058 3.5
      vertex -18.2659 62.8231 0
      vertex -18.3824 62.8058 0
    endloop
  endfacet
  facet normal 0.989153 -0.146887 0
    outer loop
      vertex -19.6942 64.1176 3.5
      vertex -19.6769 64.2341 0
      vertex -19.6769 64.2341 3.5
    endloop
  endfacet
  facet normal 0.989153 -0.146887 0
    outer loop
      vertex -19.6769 64.2341 0
      vertex -19.6942 64.1176 3.5
      vertex -19.6942 64.1176 0
    endloop
  endfacet
  facet normal 0.336283 -0.941761 0
    outer loop
      vertex -18.9592 65.1087 0
      vertex -18.8483 65.1483 3.5
      vertex -18.9592 65.1087 3.5
    endloop
  endfacet
  facet normal 0.336283 -0.941761 0
    outer loop
      vertex -18.8483 65.1483 3.5
      vertex -18.9592 65.1087 0
      vertex -18.8483 65.1483 0
    endloop
  endfacet
  facet normal 0.941761 -0.336283 0
    outer loop
      vertex -19.6483 64.3483 3.5
      vertex -19.6087 64.4592 0
      vertex -19.6087 64.4592 3.5
    endloop
  endfacet
  facet normal 0.941761 -0.336283 0
    outer loop
      vertex -19.6087 64.4592 0
      vertex -19.6483 64.3483 3.5
      vertex -19.6483 64.3483 0
    endloop
  endfacet
  facet normal 0.74067 0.671869 0
    outer loop
      vertex -19.3485 63.1515 3.5
      vertex -19.4276 63.2387 0
      vertex -19.4276 63.2387 3.5
    endloop
  endfacet
  facet normal 0.74067 0.671869 0
    outer loop
      vertex -19.4276 63.2387 0
      vertex -19.3485 63.1515 3.5
      vertex -19.3485 63.1515 0
    endloop
  endfacet
  facet normal 0.146887 -0.989153 0
    outer loop
      vertex -18.7341 65.1769 0
      vertex -18.6176 65.1942 3.5
      vertex -18.7341 65.1769 3.5
    endloop
  endfacet
  facet normal 0.146887 -0.989153 0
    outer loop
      vertex -18.6176 65.1942 3.5
      vertex -18.7341 65.1769 0
      vertex -18.6176 65.1942 0
    endloop
  endfacet
  facet normal -0.595918 -0.803046 0
    outer loop
      vertex -17.8333 64.9978 0
      vertex -17.7387 64.9276 3.5
      vertex -17.8333 64.9978 3.5
    endloop
  endfacet
  facet normal -0.595918 -0.803046 -0
    outer loop
      vertex -17.7387 64.9276 3.5
      vertex -17.8333 64.9978 0
      vertex -17.7387 64.9276 0
    endloop
  endfacet
  facet normal 0.427758 -0.903893 0
    outer loop
      vertex -19.0657 65.0583 0
      vertex -18.9592 65.1087 3.5
      vertex -19.0657 65.0583 3.5
    endloop
  endfacet
  facet normal 0.427758 -0.903893 0
    outer loop
      vertex -18.9592 65.1087 3.5
      vertex -19.0657 65.0583 0
      vertex -18.9592 65.1087 0
    endloop
  endfacet
  facet normal -0.146887 -0.989153 0
    outer loop
      vertex -18.3824 65.1942 0
      vertex -18.2659 65.1769 3.5
      vertex -18.3824 65.1942 3.5
    endloop
  endfacet
  facet normal -0.146887 -0.989153 -0
    outer loop
      vertex -18.2659 65.1769 3.5
      vertex -18.3824 65.1942 0
      vertex -18.2659 65.1769 0
    endloop
  endfacet
  facet normal 0.513871 0.857867 -0
    outer loop
      vertex -19.0657 62.9417 0
      vertex -19.1667 63.0022 3.5
      vertex -19.0657 62.9417 3.5
    endloop
  endfacet
  facet normal 0.513871 0.857867 0
    outer loop
      vertex -19.1667 63.0022 3.5
      vertex -19.0657 62.9417 0
      vertex -19.1667 63.0022 0
    endloop
  endfacet
  facet normal 0.903893 0.427758 0
    outer loop
      vertex -19.5583 63.4343 3.5
      vertex -19.6087 63.5408 0
      vertex -19.6087 63.5408 3.5
    endloop
  endfacet
  facet normal 0.903893 0.427758 0
    outer loop
      vertex -19.6087 63.5408 0
      vertex -19.5583 63.4343 3.5
      vertex -19.5583 63.4343 0
    endloop
  endfacet
  facet normal 0.998786 0.0492599 0
    outer loop
      vertex -19.6942 63.8824 3.5
      vertex -19.7 64 0
      vertex -19.7 64 3.5
    endloop
  endfacet
  facet normal 0.998786 0.0492599 0
    outer loop
      vertex -19.7 64 0
      vertex -19.6942 63.8824 3.5
      vertex -19.6942 63.8824 0
    endloop
  endfacet
  facet normal -0.857867 -0.513871 0
    outer loop
      vertex -17.4417 64.5657 0
      vertex -17.5022 64.6667 3.5
      vertex -17.5022 64.6667 0
    endloop
  endfacet
  facet normal -0.857867 -0.513871 0
    outer loop
      vertex -17.5022 64.6667 3.5
      vertex -17.4417 64.5657 0
      vertex -17.4417 64.5657 3.5
    endloop
  endfacet
  facet normal -0.513871 -0.857867 0
    outer loop
      vertex -17.9343 65.0583 0
      vertex -17.8333 64.9978 3.5
      vertex -17.9343 65.0583 3.5
    endloop
  endfacet
  facet normal -0.513871 -0.857867 -0
    outer loop
      vertex -17.8333 64.9978 3.5
      vertex -17.9343 65.0583 0
      vertex -17.8333 64.9978 0
    endloop
  endfacet
  facet normal -0.998786 0.0492599 0
    outer loop
      vertex -17.3058 63.8824 0
      vertex -17.3 64 3.5
      vertex -17.3 64 0
    endloop
  endfacet
  facet normal -0.998786 0.0492599 0
    outer loop
      vertex -17.3 64 3.5
      vertex -17.3058 63.8824 0
      vertex -17.3058 63.8824 3.5
    endloop
  endfacet
  facet normal -0.970042 0.242935 0
    outer loop
      vertex -17.3517 63.6517 0
      vertex -17.3231 63.7659 3.5
      vertex -17.3231 63.7659 0
    endloop
  endfacet
  facet normal -0.970042 0.242935 0
    outer loop
      vertex -17.3231 63.7659 3.5
      vertex -17.3517 63.6517 0
      vertex -17.3517 63.6517 3.5
    endloop
  endfacet
  facet normal -0.903893 0.427758 0
    outer loop
      vertex -17.4417 63.4343 0
      vertex -17.3913 63.5408 3.5
      vertex -17.3913 63.5408 0
    endloop
  endfacet
  facet normal -0.903893 0.427758 0
    outer loop
      vertex -17.3913 63.5408 3.5
      vertex -17.4417 63.4343 0
      vertex -17.4417 63.4343 3.5
    endloop
  endfacet
  facet normal 0.998786 -0.0492599 0
    outer loop
      vertex -19.7 64 3.5
      vertex -19.6942 64.1176 0
      vertex -19.6942 64.1176 3.5
    endloop
  endfacet
  facet normal 0.998786 -0.0492599 0
    outer loop
      vertex -19.6942 64.1176 0
      vertex -19.7 64 3.5
      vertex -19.7 64 0
    endloop
  endfacet
  facet normal -0.0492599 0.998786 0
    outer loop
      vertex -18.3824 62.8058 0
      vertex -18.5 62.8 3.5
      vertex -18.3824 62.8058 3.5
    endloop
  endfacet
  facet normal -0.0492599 0.998786 0
    outer loop
      vertex -18.5 62.8 3.5
      vertex -18.3824 62.8058 0
      vertex -18.5 62.8 0
    endloop
  endfacet
  facet normal -0.903893 -0.427758 0
    outer loop
      vertex -17.3913 64.4592 0
      vertex -17.4417 64.5657 3.5
      vertex -17.4417 64.5657 0
    endloop
  endfacet
  facet normal -0.903893 -0.427758 0
    outer loop
      vertex -17.4417 64.5657 3.5
      vertex -17.3913 64.4592 0
      vertex -17.3913 64.4592 3.5
    endloop
  endfacet
  facet normal -0.803046 -0.595918 0
    outer loop
      vertex -17.5022 64.6667 0
      vertex -17.5724 64.7613 3.5
      vertex -17.5724 64.7613 0
    endloop
  endfacet
  facet normal -0.803046 -0.595918 0
    outer loop
      vertex -17.5724 64.7613 3.5
      vertex -17.5022 64.6667 0
      vertex -17.5022 64.6667 3.5
    endloop
  endfacet
  facet normal 0.970042 -0.242935 0
    outer loop
      vertex -19.6769 64.2341 3.5
      vertex -19.6483 64.3483 0
      vertex -19.6483 64.3483 3.5
    endloop
  endfacet
  facet normal 0.970042 -0.242935 0
    outer loop
      vertex -19.6483 64.3483 0
      vertex -19.6769 64.2341 3.5
      vertex -19.6769 64.2341 0
    endloop
  endfacet
  facet normal 0.336283 0.941761 -0
    outer loop
      vertex -18.8483 62.8517 0
      vertex -18.9592 62.8913 3.5
      vertex -18.8483 62.8517 3.5
    endloop
  endfacet
  facet normal 0.336283 0.941761 0
    outer loop
      vertex -18.9592 62.8913 3.5
      vertex -18.8483 62.8517 0
      vertex -18.9592 62.8913 0
    endloop
  endfacet
  facet normal 0.0492599 0.998786 -0
    outer loop
      vertex -18.5 62.8 0
      vertex -18.6176 62.8058 3.5
      vertex -18.5 62.8 3.5
    endloop
  endfacet
  facet normal 0.0492599 0.998786 0
    outer loop
      vertex -18.6176 62.8058 3.5
      vertex -18.5 62.8 0
      vertex -18.6176 62.8058 0
    endloop
  endfacet
  facet normal 0.803046 -0.595918 0
    outer loop
      vertex -19.4978 64.6667 3.5
      vertex -19.4276 64.7613 0
      vertex -19.4276 64.7613 3.5
    endloop
  endfacet
  facet normal 0.803046 -0.595918 0
    outer loop
      vertex -19.4276 64.7613 0
      vertex -19.4978 64.6667 3.5
      vertex -19.4978 64.6667 0
    endloop
  endfacet
  facet normal 0.74067 -0.671869 0
    outer loop
      vertex -19.4276 64.7613 3.5
      vertex -19.3485 64.8485 0
      vertex -19.3485 64.8485 3.5
    endloop
  endfacet
  facet normal 0.74067 -0.671869 0
    outer loop
      vertex -19.3485 64.8485 0
      vertex -19.4276 64.7613 3.5
      vertex -19.4276 64.7613 0
    endloop
  endfacet
  facet normal 0.671869 -0.74067 0
    outer loop
      vertex -19.3485 64.8485 0
      vertex -19.2613 64.9276 3.5
      vertex -19.3485 64.8485 3.5
    endloop
  endfacet
  facet normal 0.671869 -0.74067 0
    outer loop
      vertex -19.2613 64.9276 3.5
      vertex -19.3485 64.8485 0
      vertex -19.2613 64.9276 0
    endloop
  endfacet
  facet normal 0.903893 -0.427758 0
    outer loop
      vertex -19.6087 64.4592 3.5
      vertex -19.5583 64.5657 0
      vertex -19.5583 64.5657 3.5
    endloop
  endfacet
  facet normal 0.903893 -0.427758 0
    outer loop
      vertex -19.5583 64.5657 0
      vertex -19.6087 64.4592 3.5
      vertex -19.6087 64.4592 0
    endloop
  endfacet
  facet normal -0.74067 -0.671869 0
    outer loop
      vertex -17.5724 64.7613 0
      vertex -17.6515 64.8485 3.5
      vertex -17.6515 64.8485 0
    endloop
  endfacet
  facet normal -0.74067 -0.671869 0
    outer loop
      vertex -17.6515 64.8485 3.5
      vertex -17.5724 64.7613 0
      vertex -17.5724 64.7613 3.5
    endloop
  endfacet
  facet normal 0.941761 0.336283 0
    outer loop
      vertex -19.6087 63.5408 3.5
      vertex -19.6483 63.6517 0
      vertex -19.6483 63.6517 3.5
    endloop
  endfacet
  facet normal 0.941761 0.336283 0
    outer loop
      vertex -19.6483 63.6517 0
      vertex -19.6087 63.5408 3.5
      vertex -19.6087 63.5408 0
    endloop
  endfacet
  facet normal -0.671869 0.74067 0
    outer loop
      vertex -17.6515 63.1515 0
      vertex -17.7387 63.0724 3.5
      vertex -17.6515 63.1515 3.5
    endloop
  endfacet
  facet normal -0.671869 0.74067 0
    outer loop
      vertex -17.7387 63.0724 3.5
      vertex -17.6515 63.1515 0
      vertex -17.7387 63.0724 0
    endloop
  endfacet
  facet normal -0.857867 0.513871 0
    outer loop
      vertex -17.5022 63.3333 0
      vertex -17.4417 63.4343 3.5
      vertex -17.4417 63.4343 0
    endloop
  endfacet
  facet normal -0.857867 0.513871 0
    outer loop
      vertex -17.4417 63.4343 3.5
      vertex -17.5022 63.3333 0
      vertex -17.5022 63.3333 3.5
    endloop
  endfacet
  facet normal -0.941761 0.336283 0
    outer loop
      vertex -17.3913 63.5408 0
      vertex -17.3517 63.6517 3.5
      vertex -17.3517 63.6517 0
    endloop
  endfacet
  facet normal -0.941761 0.336283 0
    outer loop
      vertex -17.3517 63.6517 3.5
      vertex -17.3913 63.5408 0
      vertex -17.3913 63.5408 3.5
    endloop
  endfacet
  facet normal -0.427758 0.903893 0
    outer loop
      vertex -17.9343 62.9417 0
      vertex -18.0408 62.8913 3.5
      vertex -17.9343 62.9417 3.5
    endloop
  endfacet
  facet normal -0.427758 0.903893 0
    outer loop
      vertex -18.0408 62.8913 3.5
      vertex -17.9343 62.9417 0
      vertex -18.0408 62.8913 0
    endloop
  endfacet
  facet normal -0.595918 0.803046 0
    outer loop
      vertex -17.7387 63.0724 0
      vertex -17.8333 63.0022 3.5
      vertex -17.7387 63.0724 3.5
    endloop
  endfacet
  facet normal -0.595918 0.803046 0
    outer loop
      vertex -17.8333 63.0022 3.5
      vertex -17.7387 63.0724 0
      vertex -17.8333 63.0022 0
    endloop
  endfacet
  facet normal 0.427758 0.903893 -0
    outer loop
      vertex -18.9592 62.8913 0
      vertex -19.0657 62.9417 3.5
      vertex -18.9592 62.8913 3.5
    endloop
  endfacet
  facet normal 0.427758 0.903893 0
    outer loop
      vertex -19.0657 62.9417 3.5
      vertex -18.9592 62.8913 0
      vertex -19.0657 62.9417 0
    endloop
  endfacet
  facet normal 0.242935 0.970042 -0
    outer loop
      vertex -18.7341 62.8231 0
      vertex -18.8483 62.8517 3.5
      vertex -18.7341 62.8231 3.5
    endloop
  endfacet
  facet normal 0.242935 0.970042 0
    outer loop
      vertex -18.8483 62.8517 3.5
      vertex -18.7341 62.8231 0
      vertex -18.8483 62.8517 0
    endloop
  endfacet
  facet normal 0.595918 0.803046 -0
    outer loop
      vertex -19.1667 63.0022 0
      vertex -19.2613 63.0724 3.5
      vertex -19.1667 63.0022 3.5
    endloop
  endfacet
  facet normal 0.595918 0.803046 0
    outer loop
      vertex -19.2613 63.0724 3.5
      vertex -19.1667 63.0022 0
      vertex -19.2613 63.0724 0
    endloop
  endfacet
  facet normal 0.146887 0.989153 -0
    outer loop
      vertex -18.6176 62.8058 0
      vertex -18.7341 62.8231 3.5
      vertex -18.6176 62.8058 3.5
    endloop
  endfacet
  facet normal 0.146887 0.989153 0
    outer loop
      vertex -18.7341 62.8231 3.5
      vertex -18.6176 62.8058 0
      vertex -18.7341 62.8231 0
    endloop
  endfacet
  facet normal -0.74067 0.671869 0
    outer loop
      vertex -17.6515 63.1515 0
      vertex -17.5724 63.2387 3.5
      vertex -17.5724 63.2387 0
    endloop
  endfacet
  facet normal -0.74067 0.671869 0
    outer loop
      vertex -17.5724 63.2387 3.5
      vertex -17.6515 63.1515 0
      vertex -17.6515 63.1515 3.5
    endloop
  endfacet
  facet normal 0.941761 -0.336283 0
    outer loop
      vertex 75.3517 36.3483 3.5
      vertex 75.3913 36.4592 0
      vertex 75.3913 36.4592 3.5
    endloop
  endfacet
  facet normal 0.941761 -0.336283 0
    outer loop
      vertex 75.3913 36.4592 0
      vertex 75.3517 36.3483 3.5
      vertex 75.3517 36.3483 0
    endloop
  endfacet
  facet normal 0.857867 -0.513871 0
    outer loop
      vertex 75.4417 36.5657 3.5
      vertex 75.5022 36.6667 0
      vertex 75.5022 36.6667 3.5
    endloop
  endfacet
  facet normal 0.857867 -0.513871 0
    outer loop
      vertex 75.5022 36.6667 0
      vertex 75.4417 36.5657 3.5
      vertex 75.4417 36.5657 0
    endloop
  endfacet
  facet normal -0.242935 -0.970042 0
    outer loop
      vertex 76.7341 37.1769 0
      vertex 76.8483 37.1483 3.5
      vertex 76.7341 37.1769 3.5
    endloop
  endfacet
  facet normal -0.242935 -0.970042 -0
    outer loop
      vertex 76.8483 37.1483 3.5
      vertex 76.7341 37.1769 0
      vertex 76.8483 37.1483 0
    endloop
  endfacet
  facet normal 0.0492599 -0.998786 0
    outer loop
      vertex 76.3824 37.1942 0
      vertex 76.5 37.2 3.5
      vertex 76.3824 37.1942 3.5
    endloop
  endfacet
  facet normal 0.0492599 -0.998786 0
    outer loop
      vertex 76.5 37.2 3.5
      vertex 76.3824 37.1942 0
      vertex 76.5 37.2 0
    endloop
  endfacet
  facet normal -0.427758 -0.903893 0
    outer loop
      vertex 76.9592 37.1087 0
      vertex 77.0657 37.0583 3.5
      vertex 76.9592 37.1087 3.5
    endloop
  endfacet
  facet normal -0.427758 -0.903893 -0
    outer loop
      vertex 77.0657 37.0583 3.5
      vertex 76.9592 37.1087 0
      vertex 77.0657 37.0583 0
    endloop
  endfacet
  facet normal -0.989153 -0.146887 0
    outer loop
      vertex 77.6942 36.1176 0
      vertex 77.6769 36.2341 3.5
      vertex 77.6769 36.2341 0
    endloop
  endfacet
  facet normal -0.989153 -0.146887 0
    outer loop
      vertex 77.6769 36.2341 3.5
      vertex 77.6942 36.1176 0
      vertex 77.6942 36.1176 3.5
    endloop
  endfacet
  facet normal 0.146887 -0.989153 0
    outer loop
      vertex 76.2659 37.1769 0
      vertex 76.3824 37.1942 3.5
      vertex 76.2659 37.1769 3.5
    endloop
  endfacet
  facet normal 0.146887 -0.989153 0
    outer loop
      vertex 76.3824 37.1942 3.5
      vertex 76.2659 37.1769 0
      vertex 76.3824 37.1942 0
    endloop
  endfacet
  facet normal -0.595918 0.803046 0
    outer loop
      vertex 77.2613 35.0724 0
      vertex 77.1667 35.0022 3.5
      vertex 77.2613 35.0724 3.5
    endloop
  endfacet
  facet normal -0.595918 0.803046 0
    outer loop
      vertex 77.1667 35.0022 3.5
      vertex 77.2613 35.0724 0
      vertex 77.1667 35.0022 0
    endloop
  endfacet
  facet normal -0.989153 0.146887 0
    outer loop
      vertex 77.6769 35.7659 0
      vertex 77.6942 35.8824 3.5
      vertex 77.6942 35.8824 0
    endloop
  endfacet
  facet normal -0.989153 0.146887 0
    outer loop
      vertex 77.6942 35.8824 3.5
      vertex 77.6769 35.7659 0
      vertex 77.6769 35.7659 3.5
    endloop
  endfacet
  facet normal -0.0492599 -0.998786 0
    outer loop
      vertex 76.5 37.2 0
      vertex 76.6176 37.1942 3.5
      vertex 76.5 37.2 3.5
    endloop
  endfacet
  facet normal -0.0492599 -0.998786 -0
    outer loop
      vertex 76.6176 37.1942 3.5
      vertex 76.5 37.2 0
      vertex 76.6176 37.1942 0
    endloop
  endfacet
  facet normal -0.903893 -0.427758 0
    outer loop
      vertex 77.6087 36.4592 0
      vertex 77.5583 36.5657 3.5
      vertex 77.5583 36.5657 0
    endloop
  endfacet
  facet normal -0.903893 -0.427758 0
    outer loop
      vertex 77.5583 36.5657 3.5
      vertex 77.6087 36.4592 0
      vertex 77.6087 36.4592 3.5
    endloop
  endfacet
  facet normal 0.242935 -0.970042 0
    outer loop
      vertex 76.1517 37.1483 0
      vertex 76.2659 37.1769 3.5
      vertex 76.1517 37.1483 3.5
    endloop
  endfacet
  facet normal 0.242935 -0.970042 0
    outer loop
      vertex 76.2659 37.1769 3.5
      vertex 76.1517 37.1483 0
      vertex 76.2659 37.1769 0
    endloop
  endfacet
  facet normal 0.989153 0.146887 0
    outer loop
      vertex 75.3231 35.7659 3.5
      vertex 75.3058 35.8824 0
      vertex 75.3058 35.8824 3.5
    endloop
  endfacet
  facet normal 0.989153 0.146887 0
    outer loop
      vertex 75.3058 35.8824 0
      vertex 75.3231 35.7659 3.5
      vertex 75.3231 35.7659 0
    endloop
  endfacet
  facet normal -0.857867 -0.513871 0
    outer loop
      vertex 77.5583 36.5657 0
      vertex 77.4978 36.6667 3.5
      vertex 77.4978 36.6667 0
    endloop
  endfacet
  facet normal -0.857867 -0.513871 0
    outer loop
      vertex 77.4978 36.6667 3.5
      vertex 77.5583 36.5657 0
      vertex 77.5583 36.5657 3.5
    endloop
  endfacet
  facet normal -0.803046 0.595918 0
    outer loop
      vertex 77.4276 35.2387 0
      vertex 77.4978 35.3333 3.5
      vertex 77.4978 35.3333 0
    endloop
  endfacet
  facet normal -0.803046 0.595918 0
    outer loop
      vertex 77.4978 35.3333 3.5
      vertex 77.4276 35.2387 0
      vertex 77.4276 35.2387 3.5
    endloop
  endfacet
  facet normal -0.998786 -0.0492599 0
    outer loop
      vertex 77.7 36 0
      vertex 77.6942 36.1176 3.5
      vertex 77.6942 36.1176 0
    endloop
  endfacet
  facet normal -0.998786 -0.0492599 0
    outer loop
      vertex 77.6942 36.1176 3.5
      vertex 77.7 36 0
      vertex 77.7 36 3.5
    endloop
  endfacet
  facet normal -0.0492599 0.998786 0
    outer loop
      vertex 76.6176 34.8058 0
      vertex 76.5 34.8 3.5
      vertex 76.6176 34.8058 3.5
    endloop
  endfacet
  facet normal -0.0492599 0.998786 0
    outer loop
      vertex 76.5 34.8 3.5
      vertex 76.6176 34.8058 0
      vertex 76.5 34.8 0
    endloop
  endfacet
  facet normal -0.903893 0.427758 0
    outer loop
      vertex 77.5583 35.4343 0
      vertex 77.6087 35.5408 3.5
      vertex 77.6087 35.5408 0
    endloop
  endfacet
  facet normal -0.903893 0.427758 0
    outer loop
      vertex 77.6087 35.5408 3.5
      vertex 77.5583 35.4343 0
      vertex 77.5583 35.4343 3.5
    endloop
  endfacet
  facet normal 0.998786 -0.0492599 0
    outer loop
      vertex 75.3 36 3.5
      vertex 75.3058 36.1176 0
      vertex 75.3058 36.1176 3.5
    endloop
  endfacet
  facet normal 0.998786 -0.0492599 0
    outer loop
      vertex 75.3058 36.1176 0
      vertex 75.3 36 3.5
      vertex 75.3 36 0
    endloop
  endfacet
  facet normal -0.998786 0.0492599 0
    outer loop
      vertex 77.6942 35.8824 0
      vertex 77.7 36 3.5
      vertex 77.7 36 0
    endloop
  endfacet
  facet normal -0.998786 0.0492599 0
    outer loop
      vertex 77.7 36 3.5
      vertex 77.6942 35.8824 0
      vertex 77.6942 35.8824 3.5
    endloop
  endfacet
  facet normal 0.998786 0.0492599 0
    outer loop
      vertex 75.3058 35.8824 3.5
      vertex 75.3 36 0
      vertex 75.3 36 3.5
    endloop
  endfacet
  facet normal 0.998786 0.0492599 0
    outer loop
      vertex 75.3 36 0
      vertex 75.3058 35.8824 3.5
      vertex 75.3058 35.8824 0
    endloop
  endfacet
  facet normal -0.970042 -0.242935 0
    outer loop
      vertex 77.6769 36.2341 0
      vertex 77.6483 36.3483 3.5
      vertex 77.6483 36.3483 0
    endloop
  endfacet
  facet normal -0.970042 -0.242935 0
    outer loop
      vertex 77.6483 36.3483 3.5
      vertex 77.6769 36.2341 0
      vertex 77.6769 36.2341 3.5
    endloop
  endfacet
  facet normal 0.970042 0.242935 0
    outer loop
      vertex 75.3517 35.6517 3.5
      vertex 75.3231 35.7659 0
      vertex 75.3231 35.7659 3.5
    endloop
  endfacet
  facet normal 0.970042 0.242935 0
    outer loop
      vertex 75.3231 35.7659 0
      vertex 75.3517 35.6517 3.5
      vertex 75.3517 35.6517 0
    endloop
  endfacet
  facet normal 0.903893 -0.427758 0
    outer loop
      vertex 75.3913 36.4592 3.5
      vertex 75.4417 36.5657 0
      vertex 75.4417 36.5657 3.5
    endloop
  endfacet
  facet normal 0.903893 -0.427758 0
    outer loop
      vertex 75.4417 36.5657 0
      vertex 75.3913 36.4592 3.5
      vertex 75.3913 36.4592 0
    endloop
  endfacet
  facet normal 0.336283 0.941761 -0
    outer loop
      vertex 76.1517 34.8517 0
      vertex 76.0408 34.8913 3.5
      vertex 76.1517 34.8517 3.5
    endloop
  endfacet
  facet normal 0.336283 0.941761 0
    outer loop
      vertex 76.0408 34.8913 3.5
      vertex 76.1517 34.8517 0
      vertex 76.0408 34.8913 0
    endloop
  endfacet
  facet normal 0.671869 -0.74067 0
    outer loop
      vertex 75.6515 36.8485 0
      vertex 75.7387 36.9276 3.5
      vertex 75.6515 36.8485 3.5
    endloop
  endfacet
  facet normal 0.671869 -0.74067 0
    outer loop
      vertex 75.7387 36.9276 3.5
      vertex 75.6515 36.8485 0
      vertex 75.7387 36.9276 0
    endloop
  endfacet
  facet normal 0.74067 -0.671869 0
    outer loop
      vertex 75.5724 36.7613 3.5
      vertex 75.6515 36.8485 0
      vertex 75.6515 36.8485 3.5
    endloop
  endfacet
  facet normal 0.74067 -0.671869 0
    outer loop
      vertex 75.6515 36.8485 0
      vertex 75.5724 36.7613 3.5
      vertex 75.5724 36.7613 0
    endloop
  endfacet
  facet normal 0.857867 0.513871 0
    outer loop
      vertex 75.5022 35.3333 3.5
      vertex 75.4417 35.4343 0
      vertex 75.4417 35.4343 3.5
    endloop
  endfacet
  facet normal 0.857867 0.513871 0
    outer loop
      vertex 75.4417 35.4343 0
      vertex 75.5022 35.3333 3.5
      vertex 75.5022 35.3333 0
    endloop
  endfacet
  facet normal -0.857867 0.513871 0
    outer loop
      vertex 77.4978 35.3333 0
      vertex 77.5583 35.4343 3.5
      vertex 77.5583 35.4343 0
    endloop
  endfacet
  facet normal -0.857867 0.513871 0
    outer loop
      vertex 77.5583 35.4343 3.5
      vertex 77.4978 35.3333 0
      vertex 77.4978 35.3333 3.5
    endloop
  endfacet
  facet normal 0.803046 0.595918 0
    outer loop
      vertex 75.5724 35.2387 3.5
      vertex 75.5022 35.3333 0
      vertex 75.5022 35.3333 3.5
    endloop
  endfacet
  facet normal 0.803046 0.595918 0
    outer loop
      vertex 75.5022 35.3333 0
      vertex 75.5724 35.2387 3.5
      vertex 75.5724 35.2387 0
    endloop
  endfacet
  facet normal -0.513871 0.857867 0
    outer loop
      vertex 77.1667 35.0022 0
      vertex 77.0657 34.9417 3.5
      vertex 77.1667 35.0022 3.5
    endloop
  endfacet
  facet normal -0.513871 0.857867 0
    outer loop
      vertex 77.0657 34.9417 3.5
      vertex 77.1667 35.0022 0
      vertex 77.0657 34.9417 0
    endloop
  endfacet
  facet normal -0.427758 0.903893 0
    outer loop
      vertex 77.0657 34.9417 0
      vertex 76.9592 34.8913 3.5
      vertex 77.0657 34.9417 3.5
    endloop
  endfacet
  facet normal -0.427758 0.903893 0
    outer loop
      vertex 76.9592 34.8913 3.5
      vertex 77.0657 34.9417 0
      vertex 76.9592 34.8913 0
    endloop
  endfacet
  facet normal 0.671869 0.74067 -0
    outer loop
      vertex 75.7387 35.0724 0
      vertex 75.6515 35.1515 3.5
      vertex 75.7387 35.0724 3.5
    endloop
  endfacet
  facet normal 0.671869 0.74067 0
    outer loop
      vertex 75.6515 35.1515 3.5
      vertex 75.7387 35.0724 0
      vertex 75.6515 35.1515 0
    endloop
  endfacet
  facet normal 0.146887 0.989153 -0
    outer loop
      vertex 76.3824 34.8058 0
      vertex 76.2659 34.8231 3.5
      vertex 76.3824 34.8058 3.5
    endloop
  endfacet
  facet normal 0.146887 0.989153 0
    outer loop
      vertex 76.2659 34.8231 3.5
      vertex 76.3824 34.8058 0
      vertex 76.2659 34.8231 0
    endloop
  endfacet
  facet normal 0.513871 -0.857867 0
    outer loop
      vertex 75.8333 36.9978 0
      vertex 75.9343 37.0583 3.5
      vertex 75.8333 36.9978 3.5
    endloop
  endfacet
  facet normal 0.513871 -0.857867 0
    outer loop
      vertex 75.9343 37.0583 3.5
      vertex 75.8333 36.9978 0
      vertex 75.9343 37.0583 0
    endloop
  endfacet
  facet normal -0.941761 0.336283 0
    outer loop
      vertex 77.6087 35.5408 0
      vertex 77.6483 35.6517 3.5
      vertex 77.6483 35.6517 0
    endloop
  endfacet
  facet normal -0.941761 0.336283 0
    outer loop
      vertex 77.6483 35.6517 3.5
      vertex 77.6087 35.5408 0
      vertex 77.6087 35.5408 3.5
    endloop
  endfacet
  facet normal 0.989153 -0.146887 0
    outer loop
      vertex 75.3058 36.1176 3.5
      vertex 75.3231 36.2341 0
      vertex 75.3231 36.2341 3.5
    endloop
  endfacet
  facet normal 0.989153 -0.146887 0
    outer loop
      vertex 75.3231 36.2341 0
      vertex 75.3058 36.1176 3.5
      vertex 75.3058 36.1176 0
    endloop
  endfacet
  facet normal -0.74067 -0.671869 0
    outer loop
      vertex 77.4276 36.7613 0
      vertex 77.3485 36.8485 3.5
      vertex 77.3485 36.8485 0
    endloop
  endfacet
  facet normal -0.74067 -0.671869 0
    outer loop
      vertex 77.3485 36.8485 3.5
      vertex 77.4276 36.7613 0
      vertex 77.4276 36.7613 3.5
    endloop
  endfacet
  facet normal 0.970042 -0.242935 0
    outer loop
      vertex 75.3231 36.2341 3.5
      vertex 75.3517 36.3483 0
      vertex 75.3517 36.3483 3.5
    endloop
  endfacet
  facet normal 0.970042 -0.242935 0
    outer loop
      vertex 75.3517 36.3483 0
      vertex 75.3231 36.2341 3.5
      vertex 75.3231 36.2341 0
    endloop
  endfacet
  facet normal -0.595918 -0.803046 0
    outer loop
      vertex 77.1667 36.9978 0
      vertex 77.2613 36.9276 3.5
      vertex 77.1667 36.9978 3.5
    endloop
  endfacet
  facet normal -0.595918 -0.803046 -0
    outer loop
      vertex 77.2613 36.9276 3.5
      vertex 77.1667 36.9978 0
      vertex 77.2613 36.9276 0
    endloop
  endfacet
  facet normal -0.146887 0.989153 0
    outer loop
      vertex 76.7341 34.8231 0
      vertex 76.6176 34.8058 3.5
      vertex 76.7341 34.8231 3.5
    endloop
  endfacet
  facet normal -0.146887 0.989153 0
    outer loop
      vertex 76.6176 34.8058 3.5
      vertex 76.7341 34.8231 0
      vertex 76.6176 34.8058 0
    endloop
  endfacet
  facet normal -0.336283 -0.941761 0
    outer loop
      vertex 76.8483 37.1483 0
      vertex 76.9592 37.1087 3.5
      vertex 76.8483 37.1483 3.5
    endloop
  endfacet
  facet normal -0.336283 -0.941761 -0
    outer loop
      vertex 76.9592 37.1087 3.5
      vertex 76.8483 37.1483 0
      vertex 76.9592 37.1087 0
    endloop
  endfacet
  facet normal -0.803046 -0.595918 0
    outer loop
      vertex 77.4978 36.6667 0
      vertex 77.4276 36.7613 3.5
      vertex 77.4276 36.7613 0
    endloop
  endfacet
  facet normal -0.803046 -0.595918 0
    outer loop
      vertex 77.4276 36.7613 3.5
      vertex 77.4978 36.6667 0
      vertex 77.4978 36.6667 3.5
    endloop
  endfacet
  facet normal -0.941761 -0.336283 0
    outer loop
      vertex 77.6483 36.3483 0
      vertex 77.6087 36.4592 3.5
      vertex 77.6087 36.4592 0
    endloop
  endfacet
  facet normal -0.941761 -0.336283 0
    outer loop
      vertex 77.6087 36.4592 3.5
      vertex 77.6483 36.3483 0
      vertex 77.6483 36.3483 3.5
    endloop
  endfacet
  facet normal -0.74067 0.671869 0
    outer loop
      vertex 77.3485 35.1515 0
      vertex 77.4276 35.2387 3.5
      vertex 77.4276 35.2387 0
    endloop
  endfacet
  facet normal -0.74067 0.671869 0
    outer loop
      vertex 77.4276 35.2387 3.5
      vertex 77.3485 35.1515 0
      vertex 77.3485 35.1515 3.5
    endloop
  endfacet
  facet normal 0.595918 -0.803046 0
    outer loop
      vertex 75.7387 36.9276 0
      vertex 75.8333 36.9978 3.5
      vertex 75.7387 36.9276 3.5
    endloop
  endfacet
  facet normal 0.595918 -0.803046 0
    outer loop
      vertex 75.8333 36.9978 3.5
      vertex 75.7387 36.9276 0
      vertex 75.8333 36.9978 0
    endloop
  endfacet
  facet normal -0.513871 -0.857867 0
    outer loop
      vertex 77.0657 37.0583 0
      vertex 77.1667 36.9978 3.5
      vertex 77.0657 37.0583 3.5
    endloop
  endfacet
  facet normal -0.513871 -0.857867 -0
    outer loop
      vertex 77.1667 36.9978 3.5
      vertex 77.0657 37.0583 0
      vertex 77.1667 36.9978 0
    endloop
  endfacet
  facet normal 0.941761 0.336283 0
    outer loop
      vertex 75.3913 35.5408 3.5
      vertex 75.3517 35.6517 0
      vertex 75.3517 35.6517 3.5
    endloop
  endfacet
  facet normal 0.941761 0.336283 0
    outer loop
      vertex 75.3517 35.6517 0
      vertex 75.3913 35.5408 3.5
      vertex 75.3913 35.5408 0
    endloop
  endfacet
  facet normal 0.513871 0.857867 -0
    outer loop
      vertex 75.9343 34.9417 0
      vertex 75.8333 35.0022 3.5
      vertex 75.9343 34.9417 3.5
    endloop
  endfacet
  facet normal 0.513871 0.857867 0
    outer loop
      vertex 75.8333 35.0022 3.5
      vertex 75.9343 34.9417 0
      vertex 75.8333 35.0022 0
    endloop
  endfacet
  facet normal 0.74067 0.671869 0
    outer loop
      vertex 75.6515 35.1515 3.5
      vertex 75.5724 35.2387 0
      vertex 75.5724 35.2387 3.5
    endloop
  endfacet
  facet normal 0.74067 0.671869 0
    outer loop
      vertex 75.5724 35.2387 0
      vertex 75.6515 35.1515 3.5
      vertex 75.6515 35.1515 0
    endloop
  endfacet
  facet normal 0.427758 0.903893 -0
    outer loop
      vertex 76.0408 34.8913 0
      vertex 75.9343 34.9417 3.5
      vertex 76.0408 34.8913 3.5
    endloop
  endfacet
  facet normal 0.427758 0.903893 0
    outer loop
      vertex 75.9343 34.9417 3.5
      vertex 76.0408 34.8913 0
      vertex 75.9343 34.9417 0
    endloop
  endfacet
  facet normal -0.671869 -0.74067 0
    outer loop
      vertex 77.2613 36.9276 0
      vertex 77.3485 36.8485 3.5
      vertex 77.2613 36.9276 3.5
    endloop
  endfacet
  facet normal -0.671869 -0.74067 -0
    outer loop
      vertex 77.3485 36.8485 3.5
      vertex 77.2613 36.9276 0
      vertex 77.3485 36.8485 0
    endloop
  endfacet
  facet normal 0.242935 0.970042 -0
    outer loop
      vertex 76.2659 34.8231 0
      vertex 76.1517 34.8517 3.5
      vertex 76.2659 34.8231 3.5
    endloop
  endfacet
  facet normal 0.242935 0.970042 0
    outer loop
      vertex 76.1517 34.8517 3.5
      vertex 76.2659 34.8231 0
      vertex 76.1517 34.8517 0
    endloop
  endfacet
  facet normal 0.336283 -0.941761 0
    outer loop
      vertex 76.0408 37.1087 0
      vertex 76.1517 37.1483 3.5
      vertex 76.0408 37.1087 3.5
    endloop
  endfacet
  facet normal 0.336283 -0.941761 0
    outer loop
      vertex 76.1517 37.1483 3.5
      vertex 76.0408 37.1087 0
      vertex 76.1517 37.1483 0
    endloop
  endfacet
  facet normal -0.970042 0.242935 0
    outer loop
      vertex 77.6483 35.6517 0
      vertex 77.6769 35.7659 3.5
      vertex 77.6769 35.7659 0
    endloop
  endfacet
  facet normal -0.970042 0.242935 0
    outer loop
      vertex 77.6769 35.7659 3.5
      vertex 77.6483 35.6517 0
      vertex 77.6483 35.6517 3.5
    endloop
  endfacet
  facet normal 0.903893 0.427758 0
    outer loop
      vertex 75.4417 35.4343 3.5
      vertex 75.3913 35.5408 0
      vertex 75.3913 35.5408 3.5
    endloop
  endfacet
  facet normal 0.903893 0.427758 0
    outer loop
      vertex 75.3913 35.5408 0
      vertex 75.4417 35.4343 3.5
      vertex 75.4417 35.4343 0
    endloop
  endfacet
  facet normal -0.146887 -0.989153 0
    outer loop
      vertex 76.6176 37.1942 0
      vertex 76.7341 37.1769 3.5
      vertex 76.6176 37.1942 3.5
    endloop
  endfacet
  facet normal -0.146887 -0.989153 -0
    outer loop
      vertex 76.7341 37.1769 3.5
      vertex 76.6176 37.1942 0
      vertex 76.7341 37.1769 0
    endloop
  endfacet
  facet normal 0.803046 -0.595918 0
    outer loop
      vertex 75.5022 36.6667 3.5
      vertex 75.5724 36.7613 0
      vertex 75.5724 36.7613 3.5
    endloop
  endfacet
  facet normal 0.803046 -0.595918 0
    outer loop
      vertex 75.5724 36.7613 0
      vertex 75.5022 36.6667 3.5
      vertex 75.5022 36.6667 0
    endloop
  endfacet
  facet normal -0.671869 0.74067 0
    outer loop
      vertex 77.3485 35.1515 0
      vertex 77.2613 35.0724 3.5
      vertex 77.3485 35.1515 3.5
    endloop
  endfacet
  facet normal -0.671869 0.74067 0
    outer loop
      vertex 77.2613 35.0724 3.5
      vertex 77.3485 35.1515 0
      vertex 77.2613 35.0724 0
    endloop
  endfacet
  facet normal 0.427758 -0.903893 0
    outer loop
      vertex 75.9343 37.0583 0
      vertex 76.0408 37.1087 3.5
      vertex 75.9343 37.0583 3.5
    endloop
  endfacet
  facet normal 0.427758 -0.903893 0
    outer loop
      vertex 76.0408 37.1087 3.5
      vertex 75.9343 37.0583 0
      vertex 76.0408 37.1087 0
    endloop
  endfacet
  facet normal -0.242935 0.970042 0
    outer loop
      vertex 76.8483 34.8517 0
      vertex 76.7341 34.8231 3.5
      vertex 76.8483 34.8517 3.5
    endloop
  endfacet
  facet normal -0.242935 0.970042 0
    outer loop
      vertex 76.7341 34.8231 3.5
      vertex 76.8483 34.8517 0
      vertex 76.7341 34.8231 0
    endloop
  endfacet
  facet normal -0.336283 0.941761 0
    outer loop
      vertex 76.9592 34.8913 0
      vertex 76.8483 34.8517 3.5
      vertex 76.9592 34.8913 3.5
    endloop
  endfacet
  facet normal -0.336283 0.941761 0
    outer loop
      vertex 76.8483 34.8517 3.5
      vertex 76.9592 34.8913 0
      vertex 76.8483 34.8517 0
    endloop
  endfacet
  facet normal 0.0492599 0.998786 -0
    outer loop
      vertex 76.5 34.8 0
      vertex 76.3824 34.8058 3.5
      vertex 76.5 34.8 3.5
    endloop
  endfacet
  facet normal 0.0492599 0.998786 0
    outer loop
      vertex 76.3824 34.8058 3.5
      vertex 76.5 34.8 0
      vertex 76.3824 34.8058 0
    endloop
  endfacet
  facet normal 0.595918 0.803046 -0
    outer loop
      vertex 75.8333 35.0022 0
      vertex 75.7387 35.0724 3.5
      vertex 75.8333 35.0022 3.5
    endloop
  endfacet
  facet normal 0.595918 0.803046 0
    outer loop
      vertex 75.7387 35.0724 3.5
      vertex 75.8333 35.0022 0
      vertex 75.7387 35.0724 0
    endloop
  endfacet
  facet normal -0.989153 0.146887 0
    outer loop
      vertex 77.6769 63.7659 0
      vertex 77.6942 63.8824 3.5
      vertex 77.6942 63.8824 0
    endloop
  endfacet
  facet normal -0.989153 0.146887 0
    outer loop
      vertex 77.6942 63.8824 3.5
      vertex 77.6769 63.7659 0
      vertex 77.6769 63.7659 3.5
    endloop
  endfacet
  facet normal -0.336283 0.941761 0
    outer loop
      vertex 76.9592 62.8913 0
      vertex 76.8483 62.8517 3.5
      vertex 76.9592 62.8913 3.5
    endloop
  endfacet
  facet normal -0.336283 0.941761 0
    outer loop
      vertex 76.8483 62.8517 3.5
      vertex 76.9592 62.8913 0
      vertex 76.8483 62.8517 0
    endloop
  endfacet
  facet normal 0.857867 0.513871 0
    outer loop
      vertex 75.5022 63.3333 3.5
      vertex 75.4417 63.4343 0
      vertex 75.4417 63.4343 3.5
    endloop
  endfacet
  facet normal 0.857867 0.513871 0
    outer loop
      vertex 75.4417 63.4343 0
      vertex 75.5022 63.3333 3.5
      vertex 75.5022 63.3333 0
    endloop
  endfacet
  facet normal 0.242935 -0.970042 0
    outer loop
      vertex 76.1517 65.1483 0
      vertex 76.2659 65.1769 3.5
      vertex 76.1517 65.1483 3.5
    endloop
  endfacet
  facet normal 0.242935 -0.970042 0
    outer loop
      vertex 76.2659 65.1769 3.5
      vertex 76.1517 65.1483 0
      vertex 76.2659 65.1769 0
    endloop
  endfacet
  facet normal 0.989153 0.146887 0
    outer loop
      vertex 75.3231 63.7659 3.5
      vertex 75.3058 63.8824 0
      vertex 75.3058 63.8824 3.5
    endloop
  endfacet
  facet normal 0.989153 0.146887 0
    outer loop
      vertex 75.3058 63.8824 0
      vertex 75.3231 63.7659 3.5
      vertex 75.3231 63.7659 0
    endloop
  endfacet
  facet normal -0.513871 0.857867 0
    outer loop
      vertex 77.1667 63.0022 0
      vertex 77.0657 62.9417 3.5
      vertex 77.1667 63.0022 3.5
    endloop
  endfacet
  facet normal -0.513871 0.857867 0
    outer loop
      vertex 77.0657 62.9417 3.5
      vertex 77.1667 63.0022 0
      vertex 77.0657 62.9417 0
    endloop
  endfacet
  facet normal 0.671869 0.74067 -0
    outer loop
      vertex 75.7387 63.0724 0
      vertex 75.6515 63.1515 3.5
      vertex 75.7387 63.0724 3.5
    endloop
  endfacet
  facet normal 0.671869 0.74067 0
    outer loop
      vertex 75.6515 63.1515 3.5
      vertex 75.7387 63.0724 0
      vertex 75.6515 63.1515 0
    endloop
  endfacet
  facet normal -0.941761 -0.336283 0
    outer loop
      vertex 77.6483 64.3483 0
      vertex 77.6087 64.4592 3.5
      vertex 77.6087 64.4592 0
    endloop
  endfacet
  facet normal -0.941761 -0.336283 0
    outer loop
      vertex 77.6087 64.4592 3.5
      vertex 77.6483 64.3483 0
      vertex 77.6483 64.3483 3.5
    endloop
  endfacet
  facet normal 0.595918 -0.803046 0
    outer loop
      vertex 75.7387 64.9276 0
      vertex 75.8333 64.9978 3.5
      vertex 75.7387 64.9276 3.5
    endloop
  endfacet
  facet normal 0.595918 -0.803046 0
    outer loop
      vertex 75.8333 64.9978 3.5
      vertex 75.7387 64.9276 0
      vertex 75.8333 64.9978 0
    endloop
  endfacet
  facet normal -0.671869 -0.74067 0
    outer loop
      vertex 77.2613 64.9276 0
      vertex 77.3485 64.8485 3.5
      vertex 77.2613 64.9276 3.5
    endloop
  endfacet
  facet normal -0.671869 -0.74067 -0
    outer loop
      vertex 77.3485 64.8485 3.5
      vertex 77.2613 64.9276 0
      vertex 77.3485 64.8485 0
    endloop
  endfacet
  facet normal -0.242935 0.970042 0
    outer loop
      vertex 76.8483 62.8517 0
      vertex 76.7341 62.8231 3.5
      vertex 76.8483 62.8517 3.5
    endloop
  endfacet
  facet normal -0.242935 0.970042 0
    outer loop
      vertex 76.7341 62.8231 3.5
      vertex 76.8483 62.8517 0
      vertex 76.7341 62.8231 0
    endloop
  endfacet
  facet normal -0.336283 -0.941761 0
    outer loop
      vertex 76.8483 65.1483 0
      vertex 76.9592 65.1087 3.5
      vertex 76.8483 65.1483 3.5
    endloop
  endfacet
  facet normal -0.336283 -0.941761 -0
    outer loop
      vertex 76.9592 65.1087 3.5
      vertex 76.8483 65.1483 0
      vertex 76.9592 65.1087 0
    endloop
  endfacet
  facet normal -0.989153 -0.146887 0
    outer loop
      vertex 77.6942 64.1176 0
      vertex 77.6769 64.2341 3.5
      vertex 77.6769 64.2341 0
    endloop
  endfacet
  facet normal -0.989153 -0.146887 0
    outer loop
      vertex 77.6769 64.2341 3.5
      vertex 77.6942 64.1176 0
      vertex 77.6942 64.1176 3.5
    endloop
  endfacet
  facet normal 0.513871 -0.857867 0
    outer loop
      vertex 75.8333 64.9978 0
      vertex 75.9343 65.0583 3.5
      vertex 75.8333 64.9978 3.5
    endloop
  endfacet
  facet normal 0.513871 -0.857867 0
    outer loop
      vertex 75.9343 65.0583 3.5
      vertex 75.8333 64.9978 0
      vertex 75.9343 65.0583 0
    endloop
  endfacet
  facet normal -0.0492599 -0.998786 0
    outer loop
      vertex 76.5 65.2 0
      vertex 76.6176 65.1942 3.5
      vertex 76.5 65.2 3.5
    endloop
  endfacet
  facet normal -0.0492599 -0.998786 -0
    outer loop
      vertex 76.6176 65.1942 3.5
      vertex 76.5 65.2 0
      vertex 76.6176 65.1942 0
    endloop
  endfacet
  facet normal -0.998786 -0.0492599 0
    outer loop
      vertex 77.7 64 0
      vertex 77.6942 64.1176 3.5
      vertex 77.6942 64.1176 0
    endloop
  endfacet
  facet normal -0.998786 -0.0492599 0
    outer loop
      vertex 77.6942 64.1176 3.5
      vertex 77.7 64 0
      vertex 77.7 64 3.5
    endloop
  endfacet
  facet normal -0.595918 0.803046 0
    outer loop
      vertex 77.2613 63.0724 0
      vertex 77.1667 63.0022 3.5
      vertex 77.2613 63.0724 3.5
    endloop
  endfacet
  facet normal -0.595918 0.803046 0
    outer loop
      vertex 77.1667 63.0022 3.5
      vertex 77.2613 63.0724 0
      vertex 77.1667 63.0022 0
    endloop
  endfacet
  facet normal 0.803046 0.595918 0
    outer loop
      vertex 75.5724 63.2387 3.5
      vertex 75.5022 63.3333 0
      vertex 75.5022 63.3333 3.5
    endloop
  endfacet
  facet normal 0.803046 0.595918 0
    outer loop
      vertex 75.5022 63.3333 0
      vertex 75.5724 63.2387 3.5
      vertex 75.5724 63.2387 0
    endloop
  endfacet
  facet normal 0.970042 0.242935 0
    outer loop
      vertex 75.3517 63.6517 3.5
      vertex 75.3231 63.7659 0
      vertex 75.3231 63.7659 3.5
    endloop
  endfacet
  facet normal 0.970042 0.242935 0
    outer loop
      vertex 75.3231 63.7659 0
      vertex 75.3517 63.6517 3.5
      vertex 75.3517 63.6517 0
    endloop
  endfacet
  facet normal 0.857867 -0.513871 0
    outer loop
      vertex 75.4417 64.5657 3.5
      vertex 75.5022 64.6667 0
      vertex 75.5022 64.6667 3.5
    endloop
  endfacet
  facet normal 0.857867 -0.513871 0
    outer loop
      vertex 75.5022 64.6667 0
      vertex 75.4417 64.5657 3.5
      vertex 75.4417 64.5657 0
    endloop
  endfacet
  facet normal -0.427758 -0.903893 0
    outer loop
      vertex 76.9592 65.1087 0
      vertex 77.0657 65.0583 3.5
      vertex 76.9592 65.1087 3.5
    endloop
  endfacet
  facet normal -0.427758 -0.903893 -0
    outer loop
      vertex 77.0657 65.0583 3.5
      vertex 76.9592 65.1087 0
      vertex 77.0657 65.0583 0
    endloop
  endfacet
  facet normal 0.146887 -0.989153 0
    outer loop
      vertex 76.2659 65.1769 0
      vertex 76.3824 65.1942 3.5
      vertex 76.2659 65.1769 3.5
    endloop
  endfacet
  facet normal 0.146887 -0.989153 0
    outer loop
      vertex 76.3824 65.1942 3.5
      vertex 76.2659 65.1769 0
      vertex 76.3824 65.1942 0
    endloop
  endfacet
  facet normal -0.803046 0.595918 0
    outer loop
      vertex 77.4276 63.2387 0
      vertex 77.4978 63.3333 3.5
      vertex 77.4978 63.3333 0
    endloop
  endfacet
  facet normal -0.803046 0.595918 0
    outer loop
      vertex 77.4978 63.3333 3.5
      vertex 77.4276 63.2387 0
      vertex 77.4276 63.2387 3.5
    endloop
  endfacet
  facet normal -0.242935 -0.970042 0
    outer loop
      vertex 76.7341 65.1769 0
      vertex 76.8483 65.1483 3.5
      vertex 76.7341 65.1769 3.5
    endloop
  endfacet
  facet normal -0.242935 -0.970042 -0
    outer loop
      vertex 76.8483 65.1483 3.5
      vertex 76.7341 65.1769 0
      vertex 76.8483 65.1483 0
    endloop
  endfacet
  facet normal 0.0492599 -0.998786 0
    outer loop
      vertex 76.3824 65.1942 0
      vertex 76.5 65.2 3.5
      vertex 76.3824 65.1942 3.5
    endloop
  endfacet
  facet normal 0.0492599 -0.998786 0
    outer loop
      vertex 76.5 65.2 3.5
      vertex 76.3824 65.1942 0
      vertex 76.5 65.2 0
    endloop
  endfacet
  facet normal -0.857867 0.513871 0
    outer loop
      vertex 77.4978 63.3333 0
      vertex 77.5583 63.4343 3.5
      vertex 77.5583 63.4343 0
    endloop
  endfacet
  facet normal -0.857867 0.513871 0
    outer loop
      vertex 77.5583 63.4343 3.5
      vertex 77.4978 63.3333 0
      vertex 77.4978 63.3333 3.5
    endloop
  endfacet
  facet normal -0.970042 -0.242935 0
    outer loop
      vertex 77.6769 64.2341 0
      vertex 77.6483 64.3483 3.5
      vertex 77.6483 64.3483 0
    endloop
  endfacet
  facet normal -0.970042 -0.242935 0
    outer loop
      vertex 77.6483 64.3483 3.5
      vertex 77.6769 64.2341 0
      vertex 77.6769 64.2341 3.5
    endloop
  endfacet
  facet normal -0.146887 0.989153 0
    outer loop
      vertex 76.7341 62.8231 0
      vertex 76.6176 62.8058 3.5
      vertex 76.7341 62.8231 3.5
    endloop
  endfacet
  facet normal -0.146887 0.989153 0
    outer loop
      vertex 76.6176 62.8058 3.5
      vertex 76.7341 62.8231 0
      vertex 76.6176 62.8058 0
    endloop
  endfacet
  facet normal 0.989153 -0.146887 0
    outer loop
      vertex 75.3058 64.1176 3.5
      vertex 75.3231 64.2341 0
      vertex 75.3231 64.2341 3.5
    endloop
  endfacet
  facet normal 0.989153 -0.146887 0
    outer loop
      vertex 75.3231 64.2341 0
      vertex 75.3058 64.1176 3.5
      vertex 75.3058 64.1176 0
    endloop
  endfacet
  facet normal 0.336283 -0.941761 0
    outer loop
      vertex 76.0408 65.1087 0
      vertex 76.1517 65.1483 3.5
      vertex 76.0408 65.1087 3.5
    endloop
  endfacet
  facet normal 0.336283 -0.941761 0
    outer loop
      vertex 76.1517 65.1483 3.5
      vertex 76.0408 65.1087 0
      vertex 76.1517 65.1483 0
    endloop
  endfacet
  facet normal 0.941761 -0.336283 0
    outer loop
      vertex 75.3517 64.3483 3.5
      vertex 75.3913 64.4592 0
      vertex 75.3913 64.4592 3.5
    endloop
  endfacet
  facet normal 0.941761 -0.336283 0
    outer loop
      vertex 75.3913 64.4592 0
      vertex 75.3517 64.3483 3.5
      vertex 75.3517 64.3483 0
    endloop
  endfacet
  facet normal 0.74067 0.671869 0
    outer loop
      vertex 75.6515 63.1515 3.5
      vertex 75.5724 63.2387 0
      vertex 75.5724 63.2387 3.5
    endloop
  endfacet
  facet normal 0.74067 0.671869 0
    outer loop
      vertex 75.5724 63.2387 0
      vertex 75.6515 63.1515 3.5
      vertex 75.6515 63.1515 0
    endloop
  endfacet
  facet normal -0.595918 -0.803046 0
    outer loop
      vertex 77.1667 64.9978 0
      vertex 77.2613 64.9276 3.5
      vertex 77.1667 64.9978 3.5
    endloop
  endfacet
  facet normal -0.595918 -0.803046 -0
    outer loop
      vertex 77.2613 64.9276 3.5
      vertex 77.1667 64.9978 0
      vertex 77.2613 64.9276 0
    endloop
  endfacet
  facet normal 0.427758 -0.903893 0
    outer loop
      vertex 75.9343 65.0583 0
      vertex 76.0408 65.1087 3.5
      vertex 75.9343 65.0583 3.5
    endloop
  endfacet
  facet normal 0.427758 -0.903893 0
    outer loop
      vertex 76.0408 65.1087 3.5
      vertex 75.9343 65.0583 0
      vertex 76.0408 65.1087 0
    endloop
  endfacet
  facet normal -0.146887 -0.989153 0
    outer loop
      vertex 76.6176 65.1942 0
      vertex 76.7341 65.1769 3.5
      vertex 76.6176 65.1942 3.5
    endloop
  endfacet
  facet normal -0.146887 -0.989153 -0
    outer loop
      vertex 76.7341 65.1769 3.5
      vertex 76.6176 65.1942 0
      vertex 76.7341 65.1769 0
    endloop
  endfacet
  facet normal 0.513871 0.857867 -0
    outer loop
      vertex 75.9343 62.9417 0
      vertex 75.8333 63.0022 3.5
      vertex 75.9343 62.9417 3.5
    endloop
  endfacet
  facet normal 0.513871 0.857867 0
    outer loop
      vertex 75.8333 63.0022 3.5
      vertex 75.9343 62.9417 0
      vertex 75.8333 63.0022 0
    endloop
  endfacet
  facet normal 0.903893 0.427758 0
    outer loop
      vertex 75.4417 63.4343 3.5
      vertex 75.3913 63.5408 0
      vertex 75.3913 63.5408 3.5
    endloop
  endfacet
  facet normal 0.903893 0.427758 0
    outer loop
      vertex 75.3913 63.5408 0
      vertex 75.4417 63.4343 3.5
      vertex 75.4417 63.4343 0
    endloop
  endfacet
  facet normal 0.998786 0.0492599 0
    outer loop
      vertex 75.3058 63.8824 3.5
      vertex 75.3 64 0
      vertex 75.3 64 3.5
    endloop
  endfacet
  facet normal 0.998786 0.0492599 0
    outer loop
      vertex 75.3 64 0
      vertex 75.3058 63.8824 3.5
      vertex 75.3058 63.8824 0
    endloop
  endfacet
  facet normal -0.857867 -0.513871 0
    outer loop
      vertex 77.5583 64.5657 0
      vertex 77.4978 64.6667 3.5
      vertex 77.4978 64.6667 0
    endloop
  endfacet
  facet normal -0.857867 -0.513871 0
    outer loop
      vertex 77.4978 64.6667 3.5
      vertex 77.5583 64.5657 0
      vertex 77.5583 64.5657 3.5
    endloop
  endfacet
  facet normal -0.513871 -0.857867 0
    outer loop
      vertex 77.0657 65.0583 0
      vertex 77.1667 64.9978 3.5
      vertex 77.0657 65.0583 3.5
    endloop
  endfacet
  facet normal -0.513871 -0.857867 -0
    outer loop
      vertex 77.1667 64.9978 3.5
      vertex 77.0657 65.0583 0
      vertex 77.1667 64.9978 0
    endloop
  endfacet
  facet normal -0.998786 0.0492599 0
    outer loop
      vertex 77.6942 63.8824 0
      vertex 77.7 64 3.5
      vertex 77.7 64 0
    endloop
  endfacet
  facet normal -0.998786 0.0492599 0
    outer loop
      vertex 77.7 64 3.5
      vertex 77.6942 63.8824 0
      vertex 77.6942 63.8824 3.5
    endloop
  endfacet
  facet normal -0.970042 0.242935 0
    outer loop
      vertex 77.6483 63.6517 0
      vertex 77.6769 63.7659 3.5
      vertex 77.6769 63.7659 0
    endloop
  endfacet
  facet normal -0.970042 0.242935 0
    outer loop
      vertex 77.6769 63.7659 3.5
      vertex 77.6483 63.6517 0
      vertex 77.6483 63.6517 3.5
    endloop
  endfacet
  facet normal -0.903893 0.427758 0
    outer loop
      vertex 77.5583 63.4343 0
      vertex 77.6087 63.5408 3.5
      vertex 77.6087 63.5408 0
    endloop
  endfacet
  facet normal -0.903893 0.427758 0
    outer loop
      vertex 77.6087 63.5408 3.5
      vertex 77.5583 63.4343 0
      vertex 77.5583 63.4343 3.5
    endloop
  endfacet
  facet normal 0.998786 -0.0492599 0
    outer loop
      vertex 75.3 64 3.5
      vertex 75.3058 64.1176 0
      vertex 75.3058 64.1176 3.5
    endloop
  endfacet
  facet normal 0.998786 -0.0492599 0
    outer loop
      vertex 75.3058 64.1176 0
      vertex 75.3 64 3.5
      vertex 75.3 64 0
    endloop
  endfacet
  facet normal -0.0492599 0.998786 0
    outer loop
      vertex 76.6176 62.8058 0
      vertex 76.5 62.8 3.5
      vertex 76.6176 62.8058 3.5
    endloop
  endfacet
  facet normal -0.0492599 0.998786 0
    outer loop
      vertex 76.5 62.8 3.5
      vertex 76.6176 62.8058 0
      vertex 76.5 62.8 0
    endloop
  endfacet
  facet normal -0.903893 -0.427758 0
    outer loop
      vertex 77.6087 64.4592 0
      vertex 77.5583 64.5657 3.5
      vertex 77.5583 64.5657 0
    endloop
  endfacet
  facet normal -0.903893 -0.427758 0
    outer loop
      vertex 77.5583 64.5657 3.5
      vertex 77.6087 64.4592 0
      vertex 77.6087 64.4592 3.5
    endloop
  endfacet
  facet normal -0.803046 -0.595918 0
    outer loop
      vertex 77.4978 64.6667 0
      vertex 77.4276 64.7613 3.5
      vertex 77.4276 64.7613 0
    endloop
  endfacet
  facet normal -0.803046 -0.595918 0
    outer loop
      vertex 77.4276 64.7613 3.5
      vertex 77.4978 64.6667 0
      vertex 77.4978 64.6667 3.5
    endloop
  endfacet
  facet normal 0.970042 -0.242935 0
    outer loop
      vertex 75.3231 64.2341 3.5
      vertex 75.3517 64.3483 0
      vertex 75.3517 64.3483 3.5
    endloop
  endfacet
  facet normal 0.970042 -0.242935 0
    outer loop
      vertex 75.3517 64.3483 0
      vertex 75.3231 64.2341 3.5
      vertex 75.3231 64.2341 0
    endloop
  endfacet
  facet normal 0.336283 0.941761 -0
    outer loop
      vertex 76.1517 62.8517 0
      vertex 76.0408 62.8913 3.5
      vertex 76.1517 62.8517 3.5
    endloop
  endfacet
  facet normal 0.336283 0.941761 0
    outer loop
      vertex 76.0408 62.8913 3.5
      vertex 76.1517 62.8517 0
      vertex 76.0408 62.8913 0
    endloop
  endfacet
  facet normal 0.0492599 0.998786 -0
    outer loop
      vertex 76.5 62.8 0
      vertex 76.3824 62.8058 3.5
      vertex 76.5 62.8 3.5
    endloop
  endfacet
  facet normal 0.0492599 0.998786 0
    outer loop
      vertex 76.3824 62.8058 3.5
      vertex 76.5 62.8 0
      vertex 76.3824 62.8058 0
    endloop
  endfacet
  facet normal 0.803046 -0.595918 0
    outer loop
      vertex 75.5022 64.6667 3.5
      vertex 75.5724 64.7613 0
      vertex 75.5724 64.7613 3.5
    endloop
  endfacet
  facet normal 0.803046 -0.595918 0
    outer loop
      vertex 75.5724 64.7613 0
      vertex 75.5022 64.6667 3.5
      vertex 75.5022 64.6667 0
    endloop
  endfacet
  facet normal 0.74067 -0.671869 0
    outer loop
      vertex 75.5724 64.7613 3.5
      vertex 75.6515 64.8485 0
      vertex 75.6515 64.8485 3.5
    endloop
  endfacet
  facet normal 0.74067 -0.671869 0
    outer loop
      vertex 75.6515 64.8485 0
      vertex 75.5724 64.7613 3.5
      vertex 75.5724 64.7613 0
    endloop
  endfacet
  facet normal 0.671869 -0.74067 0
    outer loop
      vertex 75.6515 64.8485 0
      vertex 75.7387 64.9276 3.5
      vertex 75.6515 64.8485 3.5
    endloop
  endfacet
  facet normal 0.671869 -0.74067 0
    outer loop
      vertex 75.7387 64.9276 3.5
      vertex 75.6515 64.8485 0
      vertex 75.7387 64.9276 0
    endloop
  endfacet
  facet normal 0.903893 -0.427758 0
    outer loop
      vertex 75.3913 64.4592 3.5
      vertex 75.4417 64.5657 0
      vertex 75.4417 64.5657 3.5
    endloop
  endfacet
  facet normal 0.903893 -0.427758 0
    outer loop
      vertex 75.4417 64.5657 0
      vertex 75.3913 64.4592 3.5
      vertex 75.3913 64.4592 0
    endloop
  endfacet
  facet normal -0.74067 -0.671869 0
    outer loop
      vertex 77.4276 64.7613 0
      vertex 77.3485 64.8485 3.5
      vertex 77.3485 64.8485 0
    endloop
  endfacet
  facet normal -0.74067 -0.671869 0
    outer loop
      vertex 77.3485 64.8485 3.5
      vertex 77.4276 64.7613 0
      vertex 77.4276 64.7613 3.5
    endloop
  endfacet
  facet normal 0.941761 0.336283 0
    outer loop
      vertex 75.3913 63.5408 3.5
      vertex 75.3517 63.6517 0
      vertex 75.3517 63.6517 3.5
    endloop
  endfacet
  facet normal 0.941761 0.336283 0
    outer loop
      vertex 75.3517 63.6517 0
      vertex 75.3913 63.5408 3.5
      vertex 75.3913 63.5408 0
    endloop
  endfacet
  facet normal -0.671869 0.74067 0
    outer loop
      vertex 77.3485 63.1515 0
      vertex 77.2613 63.0724 3.5
      vertex 77.3485 63.1515 3.5
    endloop
  endfacet
  facet normal -0.671869 0.74067 0
    outer loop
      vertex 77.2613 63.0724 3.5
      vertex 77.3485 63.1515 0
      vertex 77.2613 63.0724 0
    endloop
  endfacet
  facet normal -0.941761 0.336283 0
    outer loop
      vertex 77.6087 63.5408 0
      vertex 77.6483 63.6517 3.5
      vertex 77.6483 63.6517 0
    endloop
  endfacet
  facet normal -0.941761 0.336283 0
    outer loop
      vertex 77.6483 63.6517 3.5
      vertex 77.6087 63.5408 0
      vertex 77.6087 63.5408 3.5
    endloop
  endfacet
  facet normal -0.427758 0.903893 0
    outer loop
      vertex 77.0657 62.9417 0
      vertex 76.9592 62.8913 3.5
      vertex 77.0657 62.9417 3.5
    endloop
  endfacet
  facet normal -0.427758 0.903893 0
    outer loop
      vertex 76.9592 62.8913 3.5
      vertex 77.0657 62.9417 0
      vertex 76.9592 62.8913 0
    endloop
  endfacet
  facet normal 0.427758 0.903893 -0
    outer loop
      vertex 76.0408 62.8913 0
      vertex 75.9343 62.9417 3.5
      vertex 76.0408 62.8913 3.5
    endloop
  endfacet
  facet normal 0.427758 0.903893 0
    outer loop
      vertex 75.9343 62.9417 3.5
      vertex 76.0408 62.8913 0
      vertex 75.9343 62.9417 0
    endloop
  endfacet
  facet normal 0.242935 0.970042 -0
    outer loop
      vertex 76.2659 62.8231 0
      vertex 76.1517 62.8517 3.5
      vertex 76.2659 62.8231 3.5
    endloop
  endfacet
  facet normal 0.242935 0.970042 0
    outer loop
      vertex 76.1517 62.8517 3.5
      vertex 76.2659 62.8231 0
      vertex 76.1517 62.8517 0
    endloop
  endfacet
  facet normal 0.595918 0.803046 -0
    outer loop
      vertex 75.8333 63.0022 0
      vertex 75.7387 63.0724 3.5
      vertex 75.8333 63.0022 3.5
    endloop
  endfacet
  facet normal 0.595918 0.803046 0
    outer loop
      vertex 75.7387 63.0724 3.5
      vertex 75.8333 63.0022 0
      vertex 75.7387 63.0724 0
    endloop
  endfacet
  facet normal 0.146887 0.989153 -0
    outer loop
      vertex 76.3824 62.8058 0
      vertex 76.2659 62.8231 3.5
      vertex 76.3824 62.8058 3.5
    endloop
  endfacet
  facet normal 0.146887 0.989153 0
    outer loop
      vertex 76.2659 62.8231 3.5
      vertex 76.3824 62.8058 0
      vertex 76.2659 62.8231 0
    endloop
  endfacet
  facet normal -0.74067 0.671869 0
    outer loop
      vertex 77.3485 63.1515 0
      vertex 77.4276 63.2387 3.5
      vertex 77.4276 63.2387 0
    endloop
  endfacet
  facet normal -0.74067 0.671869 0
    outer loop
      vertex 77.4276 63.2387 3.5
      vertex 77.3485 63.1515 0
      vertex 77.3485 63.1515 3.5
    endloop
  endfacet
  facet normal -1 0 0
    outer loop
      vertex 57.6 40 0
      vertex 57.6 60 3.5
      vertex 57.6 60 0
    endloop
  endfacet
  facet normal -1 -0 0
    outer loop
      vertex 57.6 60 3.5
      vertex 57.6 40 0
      vertex 57.6 40 3.5
    endloop
  endfacet
  facet normal 1 -0 0
    outer loop
      vertex 56 40 3.5
      vertex 56 60 0
      vertex 56 60 3.5
    endloop
  endfacet
  facet normal 1 0 0
    outer loop
      vertex 56 60 0
      vertex 56 40 3.5
      vertex 56 40 0
    endloop
  endfacet
  facet normal 0 -1 0
    outer loop
      vertex 56 60 0
      vertex 57.6 60 3.5
      vertex 56 60 3.5
    endloop
  endfacet
  facet normal 0 -1 -0
    outer loop
      vertex 57.6 60 3.5
      vertex 56 60 0
      vertex 57.6 60 0
    endloop
  endfacet
  facet normal 0 1 -0
    outer loop
      vertex 57.6 40 0
      vertex 56 40 3.5
      vertex 57.6 40 3.5
    endloop
  endfacet
  facet normal 0 1 0
    outer loop
      vertex 56 40 3.5
      vertex 57.6 40 0
      vertex 56 40 0
    endloop
  endfacet
  facet normal -1 0 0
    outer loop
      vertex 61.6 40 0
      vertex 61.6 60 3.5
      vertex 61.6 60 0
    endloop
  endfacet
  facet normal -1 -0 0
    outer loop
      vertex 61.6 60 3.5
      vertex 61.6 40 0
      vertex 61.6 40 3.5
    endloop
  endfacet
  facet normal 1 -0 0
    outer loop
      vertex 60 40 3.5
      vertex 60 60 0
      vertex 60 60 3.5
    endloop
  endfacet
  facet normal 1 0 0
    outer loop
      vertex 60 60 0
      vertex 60 40 3.5
      vertex 60 40 0
    endloop
  endfacet
  facet normal 0 -1 0
    outer loop
      vertex 60 60 0
      vertex 61.6 60 3.5
      vertex 60 60 3.5
    endloop
  endfacet
  facet normal 0 -1 -0
    outer loop
      vertex 61.6 60 3.5
      vertex 60 60 0
      vertex 61.6 60 0
    endloop
  endfacet
  facet normal 0 1 -0
    outer loop
      vertex 61.6 40 0
      vertex 60 40 3.5
      vertex 61.6 40 3.5
    endloop
  endfacet
  facet normal 0 1 0
    outer loop
      vertex 60 40 3.5
      vertex 61.6 40 0
      vertex 60 40 0
    endloop
  endfacet
  facet normal -1 0 0
    outer loop
      vertex 65.6 40 0
      vertex 65.6 60 3.5
      vertex 65.6 60 0
    endloop
  endfacet
  facet normal -1 -0 0
    outer loop
      vertex 65.6 60 3.5
      vertex 65.6 40 0
      vertex 65.6 40 3.5
    endloop
  endfacet
  facet normal 1 -0 0
    outer loop
      vertex 64 40 3.5
      vertex 64 60 0
      vertex 64 60 3.5
    endloop
  endfacet
  facet normal 1 0 0
    outer loop
      vertex 64 60 0
      vertex 64 40 3.5
      vertex 64 40 0
    endloop
  endfacet
  facet normal 0 -1 0
    outer loop
      vertex 64 60 0
      vertex 65.6 60 3.5
      vertex 64 60 3.5
    endloop
  endfacet
  facet normal 0 -1 -0
    outer loop
      vertex 65.6 60 3.5
      vertex 64 60 0
      vertex 65.6 60 0
    endloop
  endfacet
  facet normal 0 1 -0
    outer loop
      vertex 65.6 40 0
      vertex 64 40 3.5
      vertex 65.6 40 3.5
    endloop
  endfacet
  facet normal 0 1 0
    outer loop
      vertex 64 40 3.5
      vertex 65.6 40 0
      vertex 64 40 0
    endloop
  endfacet
  facet normal -1 0 0
    outer loop
      vertex 69.6 40 0
      vertex 69.6 60 3.5
      vertex 69.6 60 0
    endloop
  endfacet
  facet normal -1 -0 0
    outer loop
      vertex 69.6 60 3.5
      vertex 69.6 40 0
      vertex 69.6 40 3.5
    endloop
  endfacet
  facet normal 1 -0 0
    outer loop
      vertex 68 40 3.5
      vertex 68 60 0
      vertex 68 60 3.5
    endloop
  endfacet
  facet normal 1 0 0
    outer loop
      vertex 68 60 0
      vertex 68 40 3.5
      vertex 68 40 0
    endloop
  endfacet
  facet normal 0 -1 0
    outer loop
      vertex 68 60 0
      vertex 69.6 60 3.5
      vertex 68 60 3.5
    endloop
  endfacet
  facet normal 0 -1 -0
    outer loop
      vertex 69.6 60 3.5
      vertex 68 60 0
      vertex 69.6 60 0
    endloop
  endfacet
  facet normal 0 1 -0
    outer loop
      vertex 69.6 40 0
      vertex 68 40 3.5
      vertex 69.6 40 3.5
    endloop
  endfacet
  facet normal 0 1 0
    outer loop
      vertex 68 40 3.5
      vertex 69.6 40 0
      vertex 68 40 0
    endloop
  endfacet
  facet normal 0 0 1
    outer loop
      vertex 8.37922 60.0056 9.5
      vertex -8.37922 39.9944 9.5
      vertex 10.0056 58.3792 9.5
    endloop
  endfacet
  facet normal 0 -0 1
    outer loop
      vertex -8.37922 39.9944 9.5
      vertex 8.37922 60.0056 9.5
      vertex -10.0056 41.6208 9.5
    endloop
  endfacet
  facet normal 0.707111 0.707102 0
    outer loop
      vertex -8.37922 39.9944 11.3
      vertex -10.0056 41.6208 9.5
      vertex -10.0056 41.6208 11.3
    endloop
  endfacet
  facet normal 0.707111 0.707102 0
    outer loop
      vertex -10.0056 41.6208 9.5
      vertex -8.37922 39.9944 11.3
      vertex -8.37922 39.9944 9.5
    endloop
  endfacet
  facet normal 0.707106 -0.707107 0
    outer loop
      vertex -10.0056 41.6208 11.3
      vertex 8.37922 60.0056 9.5
      vertex 8.37922 60.0056 11.3
    endloop
  endfacet
  facet normal 0.707106 -0.707107 0
    outer loop
      vertex 8.37922 60.0056 9.5
      vertex -10.0056 41.6208 11.3
      vertex -10.0056 41.6208 9.5
    endloop
  endfacet
  facet normal -0.707106 0.707107 0
    outer loop
      vertex -8.37922 39.9944 9.5
      vertex 10.0056 58.3792 11.3
      vertex 10.0056 58.3792 9.5
    endloop
  endfacet
  facet normal -0.707106 0.707107 0
    outer loop
      vertex 10.0056 58.3792 11.3
      vertex -8.37922 39.9944 9.5
      vertex -8.37922 39.9944 11.3
    endloop
  endfacet
  facet normal -0.707111 -0.707102 0
    outer loop
      vertex 10.0056 58.3792 9.5
      vertex 8.37922 60.0056 11.3
      vertex 8.37922 60.0056 9.5
    endloop
  endfacet
  facet normal -0.707111 -0.707102 0
    outer loop
      vertex 8.37922 60.0056 11.3
      vertex 10.0056 58.3792 9.5
      vertex 10.0056 58.3792 11.3
    endloop
  endfacet
  facet normal -1 0 0
    outer loop
      vertex 20.2 42 4.5
      vertex 20.2 58 5.2
      vertex 20.2 58 4.5
    endloop
  endfacet
  facet normal -1 -0 0
    outer loop
      vertex 20.2 58 5.2
      vertex 20.2 42 4.5
      vertex 20.2 42 5.2
    endloop
  endfacet
  facet normal -0 0 1
    outer loop
      vertex 15.8 58 4.5
      vertex 20.2 42 4.5
      vertex 20.2 58 4.5
    endloop
  endfacet
  facet normal 0 0 1
    outer loop
      vertex 20.2 42 4.5
      vertex 15.8 58 4.5
      vertex 15.8 42 4.5
    endloop
  endfacet
  facet normal 1 -0 0
    outer loop
      vertex 15.8 42 5.2
      vertex 15.8 58 4.5
      vertex 15.8 58 5.2
    endloop
  endfacet
  facet normal 1 0 0
    outer loop
      vertex 15.8 58 4.5
      vertex 15.8 42 5.2
      vertex 15.8 42 4.5
    endloop
  endfacet
  facet normal 1 0 0
    outer loop
      vertex 67 -62 31.3
      vertex 67 -68.7 31.3
      vertex 67 -62 9.5
    endloop
  endfacet
  facet normal 1 0 0
    outer loop
      vertex 67 -38 9.5
      vertex 67 -31.3 31.3
      vertex 67 -38 31.3
    endloop
  endfacet
  facet normal 1 0 0
    outer loop
      vertex 67 -31.3 31.3
      vertex 67 -38 9.5
      vertex 67 -31.3 0
    endloop
  endfacet
  facet normal 1 -0 0
    outer loop
      vertex 67 -62 9.5
      vertex 67 -31.3 0
      vertex 67 -38 9.5
    endloop
  endfacet
  facet normal 1 0 0
    outer loop
      vertex 67 -62 9.5
      vertex 67 -68.7 0
      vertex 67 -31.3 0
    endloop
  endfacet
  facet normal 1 0 0
    outer loop
      vertex 67 -68.7 0
      vertex 67 -62 9.5
      vertex 67 -68.7 31.3
    endloop
  endfacet
  facet normal 0 0 1
    outer loop
      vertex 67 -31.3 31.3
      vertex 63.1 -36.15 31.3
      vertex 67 -38 31.3
    endloop
  endfacet
  facet normal -0 0 1
    outer loop
      vertex 60 -31.3 31.3
      vertex 63.1 -36.15 31.3
      vertex 67 -31.3 31.3
    endloop
  endfacet
  facet normal 0 0 1
    outer loop
      vertex 63.1 -36.15 31.3
      vertex 60 -31.3 31.3
      vertex 61.5 -36.15 31.3
    endloop
  endfacet
  facet normal 0 0 1
    outer loop
      vertex 60 -36.7 31.3
      vertex 61.5 -36.15 31.3
      vertex 60 -31.3 31.3
    endloop
  endfacet
  facet normal 0 0 1
    outer loop
      vertex 61.5 -36.15 31.3
      vertex 60 -36.7 31.3
      vertex 61.5 -36.7 31.3
    endloop
  endfacet
  facet normal 0 0 1
    outer loop
      vertex 67 -38 31.3
      vertex 63.1 -36.15 31.3
      vertex 63.1 -38 31.3
    endloop
  endfacet
  facet normal 0 0 1
    outer loop
      vertex 61.5 -63.3 31.3
      vertex 60 -63.3 31.3
      vertex 61.5 -63.85 31.3
    endloop
  endfacet
  facet normal 0 0 1
    outer loop
      vertex 63.1 -63.85 31.3
      vertex 67 -62 31.3
      vertex 63.1 -62 31.3
    endloop
  endfacet
  facet normal 0 0 1
    outer loop
      vertex 67 -62 31.3
      vertex 63.1 -63.85 31.3
      vertex 67 -68.7 31.3
    endloop
  endfacet
  facet normal 0 0 1
    outer loop
      vertex 60 -68.7 31.3
      vertex 63.1 -63.85 31.3
      vertex 61.5 -63.85 31.3
    endloop
  endfacet
  facet normal 0 0 1
    outer loop
      vertex 60 -68.7 31.3
      vertex 61.5 -63.85 31.3
      vertex 60 -63.3 31.3
    endloop
  endfacet
  facet normal 0 0 1
    outer loop
      vertex 63.1 -63.85 31.3
      vertex 60 -68.7 31.3
      vertex 67 -68.7 31.3
    endloop
  endfacet
  facet normal 0 0 -1
    outer loop
      vertex 67 -68.7 0
      vertex 64.35 -50 0
      vertex 67 -31.3 0
    endloop
  endfacet
  facet normal 0 0 -1
    outer loop
      vertex 67 -68.7 0
      vertex 64.3459 -50.0833 0
      vertex 64.35 -50 0
    endloop
  endfacet
  facet normal 0 0 -1
    outer loop
      vertex 67 -68.7 0
      vertex 64.3337 -50.1658 0
      vertex 64.3459 -50.0833 0
    endloop
  endfacet
  facet normal 0 0 -1
    outer loop
      vertex 67 -68.7 0
      vertex 64.3134 -50.2467 0
      vertex 64.3337 -50.1658 0
    endloop
  endfacet
  facet normal 0 0 -1
    outer loop
      vertex 67 -68.7 0
      vertex 64.2853 -50.3253 0
      vertex 64.3134 -50.2467 0
    endloop
  endfacet
  facet normal 0 0 -1
    outer loop
      vertex 67 -68.7 0
      vertex 64.2496 -50.4007 0
      vertex 64.2853 -50.3253 0
    endloop
  endfacet
  facet normal 0 0 -1
    outer loop
      vertex 67 -68.7 0
      vertex 64.2067 -50.4722 0
      vertex 64.2496 -50.4007 0
    endloop
  endfacet
  facet normal 0 0 -1
    outer loop
      vertex 67 -68.7 0
      vertex 64.1571 -50.5392 0
      vertex 64.2067 -50.4722 0
    endloop
  endfacet
  facet normal 0 0 -1
    outer loop
      vertex 67 -68.7 0
      vertex 64.101 -50.601 0
      vertex 64.1571 -50.5392 0
    endloop
  endfacet
  facet normal 0 0 -1
    outer loop
      vertex 67 -68.7 0
      vertex 64.0392 -50.6571 0
      vertex 64.101 -50.601 0
    endloop
  endfacet
  facet normal 0 0 -1
    outer loop
      vertex 67 -68.7 0
      vertex 63.9722 -50.7067 0
      vertex 64.0392 -50.6571 0
    endloop
  endfacet
  facet normal 0 0 -1
    outer loop
      vertex 67 -68.7 0
      vertex 63.9007 -50.7496 0
      vertex 63.9722 -50.7067 0
    endloop
  endfacet
  facet normal 0 0 -1
    outer loop
      vertex 67 -68.7 0
      vertex 63.8253 -50.7853 0
      vertex 63.9007 -50.7496 0
    endloop
  endfacet
  facet normal 0 0 -1
    outer loop
      vertex 67 -68.7 0
      vertex 63.7467 -50.8134 0
      vertex 63.8253 -50.7853 0
    endloop
  endfacet
  facet normal 0 0 -1
    outer loop
      vertex 67 -68.7 0
      vertex 63.6658 -50.8337 0
      vertex 63.7467 -50.8134 0
    endloop
  endfacet
  facet normal 0 0 -1
    outer loop
      vertex 67 -68.7 0
      vertex 63.5833 -50.8459 0
      vertex 63.6658 -50.8337 0
    endloop
  endfacet
  facet normal 0 0 -1
    outer loop
      vertex 67 -68.7 0
      vertex 63.5 -50.85 0
      vertex 63.5833 -50.8459 0
    endloop
  endfacet
  facet normal 0 0 -1
    outer loop
      vertex 60 -68.7 0
      vertex 63.5 -50.85 0
      vertex 67 -68.7 0
    endloop
  endfacet
  facet normal -0 0 -1
    outer loop
      vertex 63.5 -50.85 0
      vertex 60 -68.7 0
      vertex 63.4167 -50.8459 0
    endloop
  endfacet
  facet normal -0 0 -1
    outer loop
      vertex 63.4167 -50.8459 0
      vertex 60 -68.7 0
      vertex 63.3342 -50.8337 0
    endloop
  endfacet
  facet normal -0 0 -1
    outer loop
      vertex 63.3342 -50.8337 0
      vertex 60 -68.7 0
      vertex 63.2533 -50.8134 0
    endloop
  endfacet
  facet normal -0 0 -1
    outer loop
      vertex 63.2533 -50.8134 0
      vertex 60 -68.7 0
      vertex 63.1747 -50.7853 0
    endloop
  endfacet
  facet normal -0 0 -1
    outer loop
      vertex 63.1747 -50.7853 0
      vertex 60 -68.7 0
      vertex 63.0993 -50.7496 0
    endloop
  endfacet
  facet normal -0 0 -1
    outer loop
      vertex 63.0993 -50.7496 0
      vertex 60 -68.7 0
      vertex 63.0278 -50.7067 0
    endloop
  endfacet
  facet normal -0 0 -1
    outer loop
      vertex 63.0278 -50.7067 0
      vertex 60 -68.7 0
      vertex 62.9608 -50.6571 0
    endloop
  endfacet
  facet normal -0 0 -1
    outer loop
      vertex 62.9608 -50.6571 0
      vertex 60 -68.7 0
      vertex 62.899 -50.601 0
    endloop
  endfacet
  facet normal -0 0 -1
    outer loop
      vertex 62.899 -50.601 0
      vertex 60 -68.7 0
      vertex 62.8429 -50.5392 0
    endloop
  endfacet
  facet normal -0 0 -1
    outer loop
      vertex 62.8429 -50.5392 0
      vertex 60 -68.7 0
      vertex 62.7933 -50.4722 0
    endloop
  endfacet
  facet normal -0 0 -1
    outer loop
      vertex 62.7933 -50.4722 0
      vertex 60 -68.7 0
      vertex 62.7504 -50.4007 0
    endloop
  endfacet
  facet normal -0 0 -1
    outer loop
      vertex 62.7504 -50.4007 0
      vertex 60 -68.7 0
      vertex 62.7147 -50.3253 0
    endloop
  endfacet
  facet normal -0 0 -1
    outer loop
      vertex 62.7147 -50.3253 0
      vertex 60 -68.7 0
      vertex 62.6866 -50.2467 0
    endloop
  endfacet
  facet normal -0 0 -1
    outer loop
      vertex 62.6541 -50.0833 0
      vertex 60 -68.7 0
      vertex 62.65 -50 0
    endloop
  endfacet
  facet normal -0 0 -1
    outer loop
      vertex 62.6663 -50.1658 0
      vertex 60 -68.7 0
      vertex 62.6541 -50.0833 0
    endloop
  endfacet
  facet normal -0 0 -1
    outer loop
      vertex 62.6866 -50.2467 0
      vertex 60 -68.7 0
      vertex 62.6663 -50.1658 0
    endloop
  endfacet
  facet normal 0 0 -1
    outer loop
      vertex 64.3459 -49.9167 0
      vertex 67 -31.3 0
      vertex 64.35 -50 0
    endloop
  endfacet
  facet normal 0 0 -1
    outer loop
      vertex 64.3337 -49.8342 0
      vertex 67 -31.3 0
      vertex 64.3459 -49.9167 0
    endloop
  endfacet
  facet normal 0 0 -1
    outer loop
      vertex 64.3134 -49.7533 0
      vertex 67 -31.3 0
      vertex 64.3337 -49.8342 0
    endloop
  endfacet
  facet normal 0 0 -1
    outer loop
      vertex 64.2853 -49.6747 0
      vertex 67 -31.3 0
      vertex 64.3134 -49.7533 0
    endloop
  endfacet
  facet normal 0 0 -1
    outer loop
      vertex 64.2496 -49.5993 0
      vertex 67 -31.3 0
      vertex 64.2853 -49.6747 0
    endloop
  endfacet
  facet normal 0 0 -1
    outer loop
      vertex 64.2067 -49.5278 0
      vertex 67 -31.3 0
      vertex 64.2496 -49.5993 0
    endloop
  endfacet
  facet normal 0 0 -1
    outer loop
      vertex 64.1571 -49.4608 0
      vertex 67 -31.3 0
      vertex 64.2067 -49.5278 0
    endloop
  endfacet
  facet normal 0 0 -1
    outer loop
      vertex 64.101 -49.399 0
      vertex 67 -31.3 0
      vertex 64.1571 -49.4608 0
    endloop
  endfacet
  facet normal 0 0 -1
    outer loop
      vertex 64.0392 -49.3429 0
      vertex 67 -31.3 0
      vertex 64.101 -49.399 0
    endloop
  endfacet
  facet normal 0 0 -1
    outer loop
      vertex 63.9722 -49.2933 0
      vertex 67 -31.3 0
      vertex 64.0392 -49.3429 0
    endloop
  endfacet
  facet normal 0 0 -1
    outer loop
      vertex 63.9007 -49.2504 0
      vertex 67 -31.3 0
      vertex 63.9722 -49.2933 0
    endloop
  endfacet
  facet normal 0 0 -1
    outer loop
      vertex 63.8253 -49.2147 0
      vertex 67 -31.3 0
      vertex 63.9007 -49.2504 0
    endloop
  endfacet
  facet normal 0 0 -1
    outer loop
      vertex 63.7467 -49.1866 0
      vertex 67 -31.3 0
      vertex 63.8253 -49.2147 0
    endloop
  endfacet
  facet normal 0 0 -1
    outer loop
      vertex 63.6658 -49.1663 0
      vertex 67 -31.3 0
      vertex 63.7467 -49.1866 0
    endloop
  endfacet
  facet normal 0 0 -1
    outer loop
      vertex 63.5833 -49.1541 0
      vertex 67 -31.3 0
      vertex 63.6658 -49.1663 0
    endloop
  endfacet
  facet normal 0 0 -1
    outer loop
      vertex 63.5 -49.15 0
      vertex 67 -31.3 0
      vertex 63.5833 -49.1541 0
    endloop
  endfacet
  facet normal 0 0 -1
    outer loop
      vertex 60 -31.3 0
      vertex 63.5 -49.15 0
      vertex 63.4167 -49.1541 0
    endloop
  endfacet
  facet normal 0 0 -1
    outer loop
      vertex 60 -31.3 0
      vertex 63.4167 -49.1541 0
      vertex 63.3342 -49.1663 0
    endloop
  endfacet
  facet normal 0 0 -1
    outer loop
      vertex 60 -31.3 0
      vertex 63.3342 -49.1663 0
      vertex 63.2533 -49.1866 0
    endloop
  endfacet
  facet normal 0 0 -1
    outer loop
      vertex 60 -31.3 0
      vertex 63.2533 -49.1866 0
      vertex 63.1747 -49.2147 0
    endloop
  endfacet
  facet normal 0 0 -1
    outer loop
      vertex 60 -31.3 0
      vertex 63.1747 -49.2147 0
      vertex 63.0993 -49.2504 0
    endloop
  endfacet
  facet normal 0 0 -1
    outer loop
      vertex 60 -31.3 0
      vertex 63.0993 -49.2504 0
      vertex 63.0278 -49.2933 0
    endloop
  endfacet
  facet normal 0 0 -1
    outer loop
      vertex 60 -31.3 0
      vertex 63.0278 -49.2933 0
      vertex 62.9608 -49.3429 0
    endloop
  endfacet
  facet normal 0 0 -1
    outer loop
      vertex 60 -31.3 0
      vertex 62.9608 -49.3429 0
      vertex 62.899 -49.399 0
    endloop
  endfacet
  facet normal 0 0 -1
    outer loop
      vertex 60 -31.3 0
      vertex 62.899 -49.399 0
      vertex 62.8429 -49.4608 0
    endloop
  endfacet
  facet normal 0 0 -1
    outer loop
      vertex 60 -31.3 0
      vertex 62.8429 -49.4608 0
      vertex 62.7933 -49.5278 0
    endloop
  endfacet
  facet normal 0 0 -1
    outer loop
      vertex 60 -31.3 0
      vertex 62.7933 -49.5278 0
      vertex 62.7504 -49.5993 0
    endloop
  endfacet
  facet normal 0 0 -1
    outer loop
      vertex 60 -31.3 0
      vertex 62.7504 -49.5993 0
      vertex 62.7147 -49.6747 0
    endloop
  endfacet
  facet normal 0 0 -1
    outer loop
      vertex 60 -31.3 0
      vertex 62.7147 -49.6747 0
      vertex 62.6866 -49.7533 0
    endloop
  endfacet
  facet normal 0 0 -1
    outer loop
      vertex 60 -31.3 0
      vertex 62.6866 -49.7533 0
      vertex 62.6663 -49.8342 0
    endloop
  endfacet
  facet normal 0 0 -1
    outer loop
      vertex 60 -31.3 0
      vertex 62.65 -50 0
      vertex 60 -68.7 0
    endloop
  endfacet
  facet normal 0 0 -1
    outer loop
      vertex 63.5 -49.15 0
      vertex 60 -31.3 0
      vertex 67 -31.3 0
    endloop
  endfacet
  facet normal 0 0 -1
    outer loop
      vertex 62.6541 -49.9167 0
      vertex 60 -31.3 0
      vertex 62.6663 -49.8342 0
    endloop
  endfacet
  facet normal 0 0 -1
    outer loop
      vertex 62.65 -50 0
      vertex 60 -31.3 0
      vertex 62.6541 -49.9167 0
    endloop
  endfacet
  facet normal -1 0 0
    outer loop
      vertex 60 -31.3 0
      vertex 60 -36.7 10
      vertex 60 -31.3 31.3
    endloop
  endfacet
  facet normal -1 0 0
    outer loop
      vertex 60 -31.3 0
      vertex 60 -63.3 10
      vertex 60 -36.7 10
    endloop
  endfacet
  facet normal -1 0 0
    outer loop
      vertex 60 -68.7 0
      vertex 60 -63.3 10
      vertex 60 -31.3 0
    endloop
  endfacet
  facet normal -1 0 0
    outer loop
      vertex 60 -68.7 31.3
      vertex 60 -63.3 10
      vertex 60 -68.7 0
    endloop
  endfacet
  facet normal -1 0 0
    outer loop
      vertex 60 -63.3 10
      vertex 60 -68.7 31.3
      vertex 60 -63.3 31.3
    endloop
  endfacet
  facet normal -1 -0 0
    outer loop
      vertex 60 -31.3 31.3
      vertex 60 -36.7 10
      vertex 60 -36.7 31.3
    endloop
  endfacet
  facet normal 0 1 -0
    outer loop
      vertex 67 -31.3 0
      vertex 60 -31.3 31.3
      vertex 67 -31.3 31.3
    endloop
  endfacet
  facet normal 0 1 0
    outer loop
      vertex 60 -31.3 31.3
      vertex 67 -31.3 0
      vertex 60 -31.3 0
    endloop
  endfacet
  facet normal 0 -1 0
    outer loop
      vertex 60 -68.7 0
      vertex 67 -68.7 31.3
      vertex 60 -68.7 31.3
    endloop
  endfacet
  facet normal 0 -1 -0
    outer loop
      vertex 67 -68.7 31.3
      vertex 60 -68.7 0
      vertex 67 -68.7 0
    endloop
  endfacet
  facet normal -1 0 0
    outer loop
      vertex 63.1 -36.15 6.5
      vertex 63.1 -38 9.5
      vertex 63.1 -36.15 31.3
    endloop
  endfacet
  facet normal -1 0 0
    outer loop
      vertex 63.1 -36.15 6.5
      vertex 63.1 -62 9.5
      vertex 63.1 -38 9.5
    endloop
  endfacet
  facet normal -1 0 0
    outer loop
      vertex 63.1 -63.85 6.5
      vertex 63.1 -62 9.5
      vertex 63.1 -36.15 6.5
    endloop
  endfacet
  facet normal -1 0 0
    outer loop
      vertex 63.1 -63.85 31.3
      vertex 63.1 -62 9.5
      vertex 63.1 -63.85 6.5
    endloop
  endfacet
  facet normal -1 0 0
    outer loop
      vertex 63.1 -62 9.5
      vertex 63.1 -63.85 31.3
      vertex 63.1 -62 31.3
    endloop
  endfacet
  facet normal -1 -0 0
    outer loop
      vertex 63.1 -36.15 31.3
      vertex 63.1 -38 9.5
      vertex 63.1 -38 31.3
    endloop
  endfacet
  facet normal -0 0 1
    outer loop
      vertex 61.5 -36.15 6.5
      vertex 63.1 -63.85 6.5
      vertex 63.1 -36.15 6.5
    endloop
  endfacet
  facet normal 0 0 1
    outer loop
      vertex 63.1 -63.85 6.5
      vertex 61.5 -36.15 6.5
      vertex 61.5 -63.85 6.5
    endloop
  endfacet
  facet normal 1 0 0
    outer loop
      vertex 61.5 -63.3 31.3
      vertex 61.5 -63.85 31.3
      vertex 61.5 -63.3 10
    endloop
  endfacet
  facet normal 1 0 0
    outer loop
      vertex 61.5 -36.7 10
      vertex 61.5 -36.15 31.3
      vertex 61.5 -36.7 31.3
    endloop
  endfacet
  facet normal 1 0 0
    outer loop
      vertex 61.5 -36.15 31.3
      vertex 61.5 -36.7 10
      vertex 61.5 -36.15 6.5
    endloop
  endfacet
  facet normal 1 -0 0
    outer loop
      vertex 61.5 -63.3 10
      vertex 61.5 -36.15 6.5
      vertex 61.5 -36.7 10
    endloop
  endfacet
  facet normal 1 0 0
    outer loop
      vertex 61.5 -63.3 10
      vertex 61.5 -63.85 6.5
      vertex 61.5 -36.15 6.5
    endloop
  endfacet
  facet normal 1 0 0
    outer loop
      vertex 61.5 -63.85 6.5
      vertex 61.5 -63.3 10
      vertex 61.5 -63.85 31.3
    endloop
  endfacet
  facet normal 0 -1 0
    outer loop
      vertex 61.5 -36.15 6.5
      vertex 63.1 -36.15 31.3
      vertex 61.5 -36.15 31.3
    endloop
  endfacet
  facet normal 0 -1 -0
    outer loop
      vertex 63.1 -36.15 31.3
      vertex 61.5 -36.15 6.5
      vertex 63.1 -36.15 6.5
    endloop
  endfacet
  facet normal 0 1 -0
    outer loop
      vertex 63.1 -63.85 6.5
      vertex 61.5 -63.85 31.3
      vertex 63.1 -63.85 31.3
    endloop
  endfacet
  facet normal 0 1 0
    outer loop
      vertex 61.5 -63.85 31.3
      vertex 63.1 -63.85 6.5
      vertex 61.5 -63.85 6.5
    endloop
  endfacet
  facet normal -0 0 1
    outer loop
      vertex 60 -36.7 10
      vertex 61.5 -63.3 10
      vertex 61.5 -36.7 10
    endloop
  endfacet
  facet normal 0 0 1
    outer loop
      vertex 61.5 -63.3 10
      vertex 60 -36.7 10
      vertex 60 -63.3 10
    endloop
  endfacet
  facet normal 0 -1 0
    outer loop
      vertex 60 -36.7 10
      vertex 61.5 -36.7 31.3
      vertex 60 -36.7 31.3
    endloop
  endfacet
  facet normal 0 -1 -0
    outer loop
      vertex 61.5 -36.7 31.3
      vertex 60 -36.7 10
      vertex 61.5 -36.7 10
    endloop
  endfacet
  facet normal 0 1 -0
    outer loop
      vertex 61.5 -63.3 10
      vertex 60 -63.3 31.3
      vertex 61.5 -63.3 31.3
    endloop
  endfacet
  facet normal 0 1 0
    outer loop
      vertex 60 -63.3 31.3
      vertex 61.5 -63.3 10
      vertex 60 -63.3 10
    endloop
  endfacet
  facet normal -0 0 1
    outer loop
      vertex 63.1 -38 9.5
      vertex 67 -62 9.5
      vertex 67 -38 9.5
    endloop
  endfacet
  facet normal 0 0 1
    outer loop
      vertex 67 -62 9.5
      vertex 63.1 -38 9.5
      vertex 63.1 -62 9.5
    endloop
  endfacet
  facet normal 0 -1 0
    outer loop
      vertex 63.1 -38 9.5
      vertex 67 -38 31.3
      vertex 63.1 -38 31.3
    endloop
  endfacet
  facet normal 0 -1 -0
    outer loop
      vertex 67 -38 31.3
      vertex 63.1 -38 9.5
      vertex 67 -38 9.5
    endloop
  endfacet
  facet normal 0 1 -0
    outer loop
      vertex 67 -62 9.5
      vertex 63.1 -62 31.3
      vertex 67 -62 31.3
    endloop
  endfacet
  facet normal 0 1 0
    outer loop
      vertex 63.1 -62 31.3
      vertex 67 -62 9.5
      vertex 63.1 -62 9.5
    endloop
  endfacet
  facet normal -0.989242 -0.146288 0
    outer loop
      vertex 64.3459 -49.9167 0
      vertex 64.3337 -49.8342 6.4
      vertex 64.3337 -49.8342 0
    endloop
  endfacet
  facet normal -0.989242 -0.146288 0
    outer loop
      vertex 64.3337 -49.8342 6.4
      vertex 64.3459 -49.9167 0
      vertex 64.3459 -49.9167 6.4
    endloop
  endfacet
  facet normal -0.998791 -0.0491602 0
    outer loop
      vertex 64.35 -50 0
      vertex 64.3459 -49.9167 6.4
      vertex 64.3459 -49.9167 0
    endloop
  endfacet
  facet normal -0.998791 -0.0491602 0
    outer loop
      vertex 64.3459 -49.9167 6.4
      vertex 64.35 -50 0
      vertex 64.35 -50 6.4
    endloop
  endfacet
  facet normal -0.969931 -0.243382 0
    outer loop
      vertex 64.3337 -49.8342 0
      vertex 64.3134 -49.7533 6.4
      vertex 64.3134 -49.7533 0
    endloop
  endfacet
  facet normal -0.969931 -0.243382 0
    outer loop
      vertex 64.3134 -49.7533 6.4
      vertex 64.3337 -49.8342 0
      vertex 64.3337 -49.8342 6.4
    endloop
  endfacet
  facet normal -0.427932 0.903811 0
    outer loop
      vertex 63.9007 -50.7496 0
      vertex 63.8253 -50.7853 6.4
      vertex 63.9007 -50.7496 6.4
    endloop
  endfacet
  facet normal -0.427932 0.903811 0
    outer loop
      vertex 63.8253 -50.7853 6.4
      vertex 63.9007 -50.7496 0
      vertex 63.8253 -50.7853 0
    endloop
  endfacet
  facet normal 0.0491602 -0.998791 0
    outer loop
      vertex 63.4167 -49.1541 0
      vertex 63.5 -49.15 6.4
      vertex 63.4167 -49.1541 6.4
    endloop
  endfacet
  facet normal 0.0491602 -0.998791 0
    outer loop
      vertex 63.5 -49.15 6.4
      vertex 63.4167 -49.1541 0
      vertex 63.5 -49.15 0
    endloop
  endfacet
  facet normal 0.427932 -0.903811 0
    outer loop
      vertex 63.0993 -49.2504 0
      vertex 63.1747 -49.2147 6.4
      vertex 63.0993 -49.2504 6.4
    endloop
  endfacet
  facet normal 0.427932 -0.903811 0
    outer loop
      vertex 63.1747 -49.2147 6.4
      vertex 63.0993 -49.2504 0
      vertex 63.1747 -49.2147 0
    endloop
  endfacet
  facet normal -0.740428 -0.672136 0
    outer loop
      vertex 64.1571 -49.4608 0
      vertex 64.101 -49.399 6.4
      vertex 64.101 -49.399 0
    endloop
  endfacet
  facet normal -0.740428 -0.672136 0
    outer loop
      vertex 64.101 -49.399 6.4
      vertex 64.1571 -49.4608 0
      vertex 64.1571 -49.4608 6.4
    endloop
  endfacet
  facet normal 0.146288 0.989242 -0
    outer loop
      vertex 63.4167 -50.8459 0
      vertex 63.3342 -50.8337 6.4
      vertex 63.4167 -50.8459 6.4
    endloop
  endfacet
  facet normal 0.146288 0.989242 0
    outer loop
      vertex 63.3342 -50.8337 6.4
      vertex 63.4167 -50.8459 0
      vertex 63.3342 -50.8337 0
    endloop
  endfacet
  facet normal -0.427932 -0.903811 0
    outer loop
      vertex 63.8253 -49.2147 0
      vertex 63.9007 -49.2504 6.4
      vertex 63.8253 -49.2147 6.4
    endloop
  endfacet
  facet normal -0.427932 -0.903811 -0
    outer loop
      vertex 63.9007 -49.2504 6.4
      vertex 63.8253 -49.2147 0
      vertex 63.9007 -49.2504 0
    endloop
  endfacet
  facet normal 0.146288 -0.989242 0
    outer loop
      vertex 63.3342 -49.1663 0
      vertex 63.4167 -49.1541 6.4
      vertex 63.3342 -49.1663 6.4
    endloop
  endfacet
  facet normal 0.146288 -0.989242 0
    outer loop
      vertex 63.4167 -49.1541 6.4
      vertex 63.3342 -49.1663 0
      vertex 63.4167 -49.1541 0
    endloop
  endfacet
  facet normal -0.243382 0.969931 0
    outer loop
      vertex 63.7467 -50.8134 0
      vertex 63.6658 -50.8337 6.4
      vertex 63.7467 -50.8134 6.4
    endloop
  endfacet
  facet normal -0.243382 0.969931 0
    outer loop
      vertex 63.6658 -50.8337 6.4
      vertex 63.7467 -50.8134 0
      vertex 63.6658 -50.8337 0
    endloop
  endfacet
  facet normal 0.594998 -0.803727 0
    outer loop
      vertex 62.9608 -49.3429 0
      vertex 63.0278 -49.2933 6.4
      vertex 62.9608 -49.3429 6.4
    endloop
  endfacet
  facet normal 0.594998 -0.803727 0
    outer loop
      vertex 63.0278 -49.2933 6.4
      vertex 62.9608 -49.3429 0
      vertex 63.0278 -49.2933 0
    endloop
  endfacet
  facet normal 0.903811 -0.427932 0
    outer loop
      vertex 62.7147 -49.6747 6.4
      vertex 62.7504 -49.5993 0
      vertex 62.7504 -49.5993 6.4
    endloop
  endfacet
  facet normal 0.903811 -0.427932 0
    outer loop
      vertex 62.7504 -49.5993 0
      vertex 62.7147 -49.6747 6.4
      vertex 62.7147 -49.6747 0
    endloop
  endfacet
  facet normal 0.427932 0.903811 -0
    outer loop
      vertex 63.1747 -50.7853 0
      vertex 63.0993 -50.7496 6.4
      vertex 63.1747 -50.7853 6.4
    endloop
  endfacet
  facet normal 0.427932 0.903811 0
    outer loop
      vertex 63.0993 -50.7496 6.4
      vertex 63.1747 -50.7853 0
      vertex 63.0993 -50.7496 0
    endloop
  endfacet
  facet normal 0.594998 0.803727 -0
    outer loop
      vertex 63.0278 -50.7067 0
      vertex 62.9608 -50.6571 6.4
      vertex 63.0278 -50.7067 6.4
    endloop
  endfacet
  facet normal 0.594998 0.803727 0
    outer loop
      vertex 62.9608 -50.6571 6.4
      vertex 63.0278 -50.7067 0
      vertex 62.9608 -50.6571 0
    endloop
  endfacet
  facet normal 0.903811 0.427932 0
    outer loop
      vertex 62.7504 -50.4007 6.4
      vertex 62.7147 -50.3253 0
      vertex 62.7147 -50.3253 6.4
    endloop
  endfacet
  facet normal 0.903811 0.427932 0
    outer loop
      vertex 62.7147 -50.3253 0
      vertex 62.7504 -50.4007 6.4
      vertex 62.7504 -50.4007 0
    endloop
  endfacet
  facet normal -0.514496 -0.857493 0
    outer loop
      vertex 63.9007 -49.2504 0
      vertex 63.9722 -49.2933 6.4
      vertex 63.9007 -49.2504 6.4
    endloop
  endfacet
  facet normal -0.514496 -0.857493 -0
    outer loop
      vertex 63.9722 -49.2933 6.4
      vertex 63.9007 -49.2504 0
      vertex 63.9722 -49.2933 0
    endloop
  endfacet
  facet normal 0.998791 0.0491602 0
    outer loop
      vertex 62.6541 -50.0833 6.4
      vertex 62.65 -50 0
      vertex 62.65 -50 6.4
    endloop
  endfacet
  facet normal 0.998791 0.0491602 0
    outer loop
      vertex 62.65 -50 0
      vertex 62.6541 -50.0833 6.4
      vertex 62.6541 -50.0833 0
    endloop
  endfacet
  facet normal -0.594998 -0.803727 0
    outer loop
      vertex 63.9722 -49.2933 0
      vertex 64.0392 -49.3429 6.4
      vertex 63.9722 -49.2933 6.4
    endloop
  endfacet
  facet normal -0.594998 -0.803727 -0
    outer loop
      vertex 64.0392 -49.3429 6.4
      vertex 63.9722 -49.2933 0
      vertex 64.0392 -49.3429 0
    endloop
  endfacet
  facet normal -0.969931 0.243382 0
    outer loop
      vertex 64.3134 -50.2467 0
      vertex 64.3337 -50.1658 6.4
      vertex 64.3337 -50.1658 0
    endloop
  endfacet
  facet normal -0.969931 0.243382 0
    outer loop
      vertex 64.3337 -50.1658 6.4
      vertex 64.3134 -50.2467 0
      vertex 64.3134 -50.2467 6.4
    endloop
  endfacet
  facet normal 0.514496 -0.857493 0
    outer loop
      vertex 63.0278 -49.2933 0
      vertex 63.0993 -49.2504 6.4
      vertex 63.0278 -49.2933 6.4
    endloop
  endfacet
  facet normal 0.514496 -0.857493 0
    outer loop
      vertex 63.0993 -49.2504 6.4
      vertex 63.0278 -49.2933 0
      vertex 63.0993 -49.2504 0
    endloop
  endfacet
  facet normal 0.941633 0.33664 0
    outer loop
      vertex 62.7147 -50.3253 6.4
      vertex 62.6866 -50.2467 0
      vertex 62.6866 -50.2467 6.4
    endloop
  endfacet
  facet normal 0.941633 0.33664 0
    outer loop
      vertex 62.6866 -50.2467 0
      vertex 62.7147 -50.3253 6.4
      vertex 62.7147 -50.3253 0
    endloop
  endfacet
  facet normal -0.243382 -0.969931 0
    outer loop
      vertex 63.6658 -49.1663 0
      vertex 63.7467 -49.1866 6.4
      vertex 63.6658 -49.1663 6.4
    endloop
  endfacet
  facet normal -0.243382 -0.969931 -0
    outer loop
      vertex 63.7467 -49.1866 6.4
      vertex 63.6658 -49.1663 0
      vertex 63.7467 -49.1866 0
    endloop
  endfacet
  facet normal 0.740428 -0.672136 0
    outer loop
      vertex 62.8429 -49.4608 6.4
      vertex 62.899 -49.399 0
      vertex 62.899 -49.399 6.4
    endloop
  endfacet
  facet normal 0.740428 -0.672136 0
    outer loop
      vertex 62.899 -49.399 0
      vertex 62.8429 -49.4608 6.4
      vertex 62.8429 -49.4608 0
    endloop
  endfacet
  facet normal -0.0491602 0.998791 0
    outer loop
      vertex 63.5833 -50.8459 0
      vertex 63.5 -50.85 6.4
      vertex 63.5833 -50.8459 6.4
    endloop
  endfacet
  facet normal -0.0491602 0.998791 0
    outer loop
      vertex 63.5 -50.85 6.4
      vertex 63.5833 -50.8459 0
      vertex 63.5 -50.85 0
    endloop
  endfacet
  facet normal -0.803727 -0.594998 0
    outer loop
      vertex 64.2067 -49.5278 0
      vertex 64.1571 -49.4608 6.4
      vertex 64.1571 -49.4608 0
    endloop
  endfacet
  facet normal -0.803727 -0.594998 0
    outer loop
      vertex 64.1571 -49.4608 6.4
      vertex 64.2067 -49.5278 0
      vertex 64.2067 -49.5278 6.4
    endloop
  endfacet
  facet normal 0.969931 0.243382 0
    outer loop
      vertex 62.6866 -50.2467 6.4
      vertex 62.6663 -50.1658 0
      vertex 62.6663 -50.1658 6.4
    endloop
  endfacet
  facet normal 0.969931 0.243382 0
    outer loop
      vertex 62.6663 -50.1658 0
      vertex 62.6866 -50.2467 6.4
      vertex 62.6866 -50.2467 0
    endloop
  endfacet
  facet normal -0.989242 0.146288 0
    outer loop
      vertex 64.3337 -50.1658 0
      vertex 64.3459 -50.0833 6.4
      vertex 64.3459 -50.0833 0
    endloop
  endfacet
  facet normal -0.989242 0.146288 0
    outer loop
      vertex 64.3459 -50.0833 6.4
      vertex 64.3337 -50.1658 0
      vertex 64.3337 -50.1658 6.4
    endloop
  endfacet
  facet normal -0.514496 0.857493 0
    outer loop
      vertex 63.9722 -50.7067 0
      vertex 63.9007 -50.7496 6.4
      vertex 63.9722 -50.7067 6.4
    endloop
  endfacet
  facet normal -0.514496 0.857493 0
    outer loop
      vertex 63.9007 -50.7496 6.4
      vertex 63.9722 -50.7067 0
      vertex 63.9007 -50.7496 0
    endloop
  endfacet
  facet normal 0.941633 -0.33664 0
    outer loop
      vertex 62.6866 -49.7533 6.4
      vertex 62.7147 -49.6747 0
      vertex 62.7147 -49.6747 6.4
    endloop
  endfacet
  facet normal 0.941633 -0.33664 0
    outer loop
      vertex 62.7147 -49.6747 0
      vertex 62.6866 -49.7533 6.4
      vertex 62.6866 -49.7533 0
    endloop
  endfacet
  facet normal 0.989242 -0.146288 0
    outer loop
      vertex 62.6541 -49.9167 6.4
      vertex 62.6663 -49.8342 0
      vertex 62.6663 -49.8342 6.4
    endloop
  endfacet
  facet normal 0.989242 -0.146288 0
    outer loop
      vertex 62.6663 -49.8342 0
      vertex 62.6541 -49.9167 6.4
      vertex 62.6541 -49.9167 0
    endloop
  endfacet
  facet normal -0.903811 0.427932 0
    outer loop
      vertex 64.2496 -50.4007 0
      vertex 64.2853 -50.3253 6.4
      vertex 64.2853 -50.3253 0
    endloop
  endfacet
  facet normal -0.903811 0.427932 0
    outer loop
      vertex 64.2853 -50.3253 6.4
      vertex 64.2496 -50.4007 0
      vertex 64.2496 -50.4007 6.4
    endloop
  endfacet
  facet normal -0.998791 0.0491602 0
    outer loop
      vertex 64.3459 -50.0833 0
      vertex 64.35 -50 6.4
      vertex 64.35 -50 0
    endloop
  endfacet
  facet normal -0.998791 0.0491602 0
    outer loop
      vertex 64.35 -50 6.4
      vertex 64.3459 -50.0833 0
      vertex 64.3459 -50.0833 6.4
    endloop
  endfacet
  facet normal -0.146288 0.989242 0
    outer loop
      vertex 63.6658 -50.8337 0
      vertex 63.5833 -50.8459 6.4
      vertex 63.6658 -50.8337 6.4
    endloop
  endfacet
  facet normal -0.146288 0.989242 0
    outer loop
      vertex 63.5833 -50.8459 6.4
      vertex 63.6658 -50.8337 0
      vertex 63.5833 -50.8459 0
    endloop
  endfacet
  facet normal -0.941633 -0.33664 0
    outer loop
      vertex 64.3134 -49.7533 0
      vertex 64.2853 -49.6747 6.4
      vertex 64.2853 -49.6747 0
    endloop
  endfacet
  facet normal -0.941633 -0.33664 0
    outer loop
      vertex 64.2853 -49.6747 6.4
      vertex 64.3134 -49.7533 0
      vertex 64.3134 -49.7533 6.4
    endloop
  endfacet
  facet normal -0.803727 0.594998 0
    outer loop
      vertex 64.1571 -50.5392 0
      vertex 64.2067 -50.4722 6.4
      vertex 64.2067 -50.4722 0
    endloop
  endfacet
  facet normal -0.803727 0.594998 0
    outer loop
      vertex 64.2067 -50.4722 6.4
      vertex 64.1571 -50.5392 0
      vertex 64.1571 -50.5392 6.4
    endloop
  endfacet
  facet normal -0.857493 0.514496 0
    outer loop
      vertex 64.2067 -50.4722 0
      vertex 64.2496 -50.4007 6.4
      vertex 64.2496 -50.4007 0
    endloop
  endfacet
  facet normal -0.857493 0.514496 0
    outer loop
      vertex 64.2496 -50.4007 6.4
      vertex 64.2067 -50.4722 0
      vertex 64.2067 -50.4722 6.4
    endloop
  endfacet
  facet normal 0.243382 -0.969931 0
    outer loop
      vertex 63.2533 -49.1866 0
      vertex 63.3342 -49.1663 6.4
      vertex 63.2533 -49.1866 6.4
    endloop
  endfacet
  facet normal 0.243382 -0.969931 0
    outer loop
      vertex 63.3342 -49.1663 6.4
      vertex 63.2533 -49.1866 0
      vertex 63.3342 -49.1663 0
    endloop
  endfacet
  facet normal -0.941633 0.33664 0
    outer loop
      vertex 64.2853 -50.3253 0
      vertex 64.3134 -50.2467 6.4
      vertex 64.3134 -50.2467 0
    endloop
  endfacet
  facet normal -0.941633 0.33664 0
    outer loop
      vertex 64.3134 -50.2467 6.4
      vertex 64.2853 -50.3253 0
      vertex 64.2853 -50.3253 6.4
    endloop
  endfacet
  facet normal -0.0491602 -0.998791 0
    outer loop
      vertex 63.5 -49.15 0
      vertex 63.5833 -49.1541 6.4
      vertex 63.5 -49.15 6.4
    endloop
  endfacet
  facet normal -0.0491602 -0.998791 -0
    outer loop
      vertex 63.5833 -49.1541 6.4
      vertex 63.5 -49.15 0
      vertex 63.5833 -49.1541 0
    endloop
  endfacet
  facet normal -0.903811 -0.427932 0
    outer loop
      vertex 64.2853 -49.6747 0
      vertex 64.2496 -49.5993 6.4
      vertex 64.2496 -49.5993 0
    endloop
  endfacet
  facet normal -0.903811 -0.427932 0
    outer loop
      vertex 64.2496 -49.5993 6.4
      vertex 64.2853 -49.6747 0
      vertex 64.2853 -49.6747 6.4
    endloop
  endfacet
  facet normal -0.146288 -0.989242 0
    outer loop
      vertex 63.5833 -49.1541 0
      vertex 63.6658 -49.1663 6.4
      vertex 63.5833 -49.1541 6.4
    endloop
  endfacet
  facet normal -0.146288 -0.989242 -0
    outer loop
      vertex 63.6658 -49.1663 6.4
      vertex 63.5833 -49.1541 0
      vertex 63.6658 -49.1663 0
    endloop
  endfacet
  facet normal 0.243382 0.969931 -0
    outer loop
      vertex 63.3342 -50.8337 0
      vertex 63.2533 -50.8134 6.4
      vertex 63.3342 -50.8337 6.4
    endloop
  endfacet
  facet normal 0.243382 0.969931 0
    outer loop
      vertex 63.2533 -50.8134 6.4
      vertex 63.3342 -50.8337 0
      vertex 63.2533 -50.8134 0
    endloop
  endfacet
  facet normal 0.857493 0.514496 0
    outer loop
      vertex 62.7933 -50.4722 6.4
      vertex 62.7504 -50.4007 0
      vertex 62.7504 -50.4007 6.4
    endloop
  endfacet
  facet normal 0.857493 0.514496 0
    outer loop
      vertex 62.7504 -50.4007 0
      vertex 62.7933 -50.4722 6.4
      vertex 62.7933 -50.4722 0
    endloop
  endfacet
  facet normal -0.857493 -0.514496 0
    outer loop
      vertex 64.2496 -49.5993 0
      vertex 64.2067 -49.5278 6.4
      vertex 64.2067 -49.5278 0
    endloop
  endfacet
  facet normal -0.857493 -0.514496 0
    outer loop
      vertex 64.2067 -49.5278 6.4
      vertex 64.2496 -49.5993 0
      vertex 64.2496 -49.5993 6.4
    endloop
  endfacet
  facet normal 0.33664 -0.941633 0
    outer loop
      vertex 63.1747 -49.2147 0
      vertex 63.2533 -49.1866 6.4
      vertex 63.1747 -49.2147 6.4
    endloop
  endfacet
  facet normal 0.33664 -0.941633 0
    outer loop
      vertex 63.2533 -49.1866 6.4
      vertex 63.1747 -49.2147 0
      vertex 63.2533 -49.1866 0
    endloop
  endfacet
  facet normal 0.740428 0.672136 0
    outer loop
      vertex 62.899 -50.601 6.4
      vertex 62.8429 -50.5392 0
      vertex 62.8429 -50.5392 6.4
    endloop
  endfacet
  facet normal 0.740428 0.672136 0
    outer loop
      vertex 62.8429 -50.5392 0
      vertex 62.899 -50.601 6.4
      vertex 62.899 -50.601 0
    endloop
  endfacet
  facet normal 0.672136 -0.740428 0
    outer loop
      vertex 62.899 -49.399 0
      vertex 62.9608 -49.3429 6.4
      vertex 62.899 -49.399 6.4
    endloop
  endfacet
  facet normal 0.672136 -0.740428 0
    outer loop
      vertex 62.9608 -49.3429 6.4
      vertex 62.899 -49.399 0
      vertex 62.9608 -49.3429 0
    endloop
  endfacet
  facet normal -0.33664 -0.941633 0
    outer loop
      vertex 63.7467 -49.1866 0
      vertex 63.8253 -49.2147 6.4
      vertex 63.7467 -49.1866 6.4
    endloop
  endfacet
  facet normal -0.33664 -0.941633 -0
    outer loop
      vertex 63.8253 -49.2147 6.4
      vertex 63.7467 -49.1866 0
      vertex 63.8253 -49.2147 0
    endloop
  endfacet
  facet normal 0.514496 0.857493 -0
    outer loop
      vertex 63.0993 -50.7496 0
      vertex 63.0278 -50.7067 6.4
      vertex 63.0993 -50.7496 6.4
    endloop
  endfacet
  facet normal 0.514496 0.857493 0
    outer loop
      vertex 63.0278 -50.7067 6.4
      vertex 63.0993 -50.7496 0
      vertex 63.0278 -50.7067 0
    endloop
  endfacet
  facet normal 0.969931 -0.243382 0
    outer loop
      vertex 62.6663 -49.8342 6.4
      vertex 62.6866 -49.7533 0
      vertex 62.6866 -49.7533 6.4
    endloop
  endfacet
  facet normal 0.969931 -0.243382 0
    outer loop
      vertex 62.6866 -49.7533 0
      vertex 62.6663 -49.8342 6.4
      vertex 62.6663 -49.8342 0
    endloop
  endfacet
  facet normal -0.672136 -0.740428 0
    outer loop
      vertex 64.0392 -49.3429 0
      vertex 64.101 -49.399 6.4
      vertex 64.0392 -49.3429 6.4
    endloop
  endfacet
  facet normal -0.672136 -0.740428 -0
    outer loop
      vertex 64.101 -49.399 6.4
      vertex 64.0392 -49.3429 0
      vertex 64.101 -49.399 0
    endloop
  endfacet
  facet normal -0.33664 0.941633 0
    outer loop
      vertex 63.8253 -50.7853 0
      vertex 63.7467 -50.8134 6.4
      vertex 63.8253 -50.7853 6.4
    endloop
  endfacet
  facet normal -0.33664 0.941633 0
    outer loop
      vertex 63.7467 -50.8134 6.4
      vertex 63.8253 -50.7853 0
      vertex 63.7467 -50.8134 0
    endloop
  endfacet
  facet normal 0.803727 0.594998 0
    outer loop
      vertex 62.8429 -50.5392 6.4
      vertex 62.7933 -50.4722 0
      vertex 62.7933 -50.4722 6.4
    endloop
  endfacet
  facet normal 0.803727 0.594998 0
    outer loop
      vertex 62.7933 -50.4722 0
      vertex 62.8429 -50.5392 6.4
      vertex 62.8429 -50.5392 0
    endloop
  endfacet
  facet normal 0.989242 0.146288 0
    outer loop
      vertex 62.6663 -50.1658 6.4
      vertex 62.6541 -50.0833 0
      vertex 62.6541 -50.0833 6.4
    endloop
  endfacet
  facet normal 0.989242 0.146288 0
    outer loop
      vertex 62.6541 -50.0833 0
      vertex 62.6663 -50.1658 6.4
      vertex 62.6663 -50.1658 0
    endloop
  endfacet
  facet normal -0.594998 0.803727 0
    outer loop
      vertex 64.0392 -50.6571 0
      vertex 63.9722 -50.7067 6.4
      vertex 64.0392 -50.6571 6.4
    endloop
  endfacet
  facet normal -0.594998 0.803727 0
    outer loop
      vertex 63.9722 -50.7067 6.4
      vertex 64.0392 -50.6571 0
      vertex 63.9722 -50.7067 0
    endloop
  endfacet
  facet normal 0.672136 0.740428 -0
    outer loop
      vertex 62.9608 -50.6571 0
      vertex 62.899 -50.601 6.4
      vertex 62.9608 -50.6571 6.4
    endloop
  endfacet
  facet normal 0.672136 0.740428 0
    outer loop
      vertex 62.899 -50.601 6.4
      vertex 62.9608 -50.6571 0
      vertex 62.899 -50.601 0
    endloop
  endfacet
  facet normal 0.803727 -0.594998 0
    outer loop
      vertex 62.7933 -49.5278 6.4
      vertex 62.8429 -49.4608 0
      vertex 62.8429 -49.4608 6.4
    endloop
  endfacet
  facet normal 0.803727 -0.594998 0
    outer loop
      vertex 62.8429 -49.4608 0
      vertex 62.7933 -49.5278 6.4
      vertex 62.7933 -49.5278 0
    endloop
  endfacet
  facet normal 0.857493 -0.514496 0
    outer loop
      vertex 62.7504 -49.5993 6.4
      vertex 62.7933 -49.5278 0
      vertex 62.7933 -49.5278 6.4
    endloop
  endfacet
  facet normal 0.857493 -0.514496 0
    outer loop
      vertex 62.7933 -49.5278 0
      vertex 62.7504 -49.5993 6.4
      vertex 62.7504 -49.5993 0
    endloop
  endfacet
  facet normal 0 0 -1
    outer loop
      vertex 64.3459 -50.0833 6.4
      vertex 64.3459 -49.9167 6.4
      vertex 64.35 -50 6.4
    endloop
  endfacet
  facet normal 0 0 -1
    outer loop
      vertex 64.3337 -50.1658 6.4
      vertex 64.3459 -49.9167 6.4
      vertex 64.3459 -50.0833 6.4
    endloop
  endfacet
  facet normal 0 0 -1
    outer loop
      vertex 64.3337 -50.1658 6.4
      vertex 64.3337 -49.8342 6.4
      vertex 64.3459 -49.9167 6.4
    endloop
  endfacet
  facet normal 0 0 -1
    outer loop
      vertex 64.3134 -50.2467 6.4
      vertex 64.3337 -49.8342 6.4
      vertex 64.3337 -50.1658 6.4
    endloop
  endfacet
  facet normal 0 0 -1
    outer loop
      vertex 64.3134 -50.2467 6.4
      vertex 64.3134 -49.7533 6.4
      vertex 64.3337 -49.8342 6.4
    endloop
  endfacet
  facet normal 0 0 -1
    outer loop
      vertex 64.2853 -50.3253 6.4
      vertex 64.3134 -49.7533 6.4
      vertex 64.3134 -50.2467 6.4
    endloop
  endfacet
  facet normal 0 0 -1
    outer loop
      vertex 64.2853 -50.3253 6.4
      vertex 64.2853 -49.6747 6.4
      vertex 64.3134 -49.7533 6.4
    endloop
  endfacet
  facet normal 0 0 -1
    outer loop
      vertex 64.2496 -50.4007 6.4
      vertex 64.2853 -49.6747 6.4
      vertex 64.2853 -50.3253 6.4
    endloop
  endfacet
  facet normal 0 0 -1
    outer loop
      vertex 64.2496 -50.4007 6.4
      vertex 64.2496 -49.5993 6.4
      vertex 64.2853 -49.6747 6.4
    endloop
  endfacet
  facet normal 0 0 -1
    outer loop
      vertex 64.2067 -50.4722 6.4
      vertex 64.2496 -49.5993 6.4
      vertex 64.2496 -50.4007 6.4
    endloop
  endfacet
  facet normal 0 0 -1
    outer loop
      vertex 64.2067 -50.4722 6.4
      vertex 64.2067 -49.5278 6.4
      vertex 64.2496 -49.5993 6.4
    endloop
  endfacet
  facet normal 0 0 -1
    outer loop
      vertex 64.1571 -50.5392 6.4
      vertex 64.2067 -49.5278 6.4
      vertex 64.2067 -50.4722 6.4
    endloop
  endfacet
  facet normal 0 0 -1
    outer loop
      vertex 64.1571 -50.5392 6.4
      vertex 64.1571 -49.4608 6.4
      vertex 64.2067 -49.5278 6.4
    endloop
  endfacet
  facet normal 0 0 -1
    outer loop
      vertex 64.101 -50.601 6.4
      vertex 64.1571 -49.4608 6.4
      vertex 64.1571 -50.5392 6.4
    endloop
  endfacet
  facet normal 0 0 -1
    outer loop
      vertex 64.101 -50.601 6.4
      vertex 64.101 -49.399 6.4
      vertex 64.1571 -49.4608 6.4
    endloop
  endfacet
  facet normal 0 0 -1
    outer loop
      vertex 64.0392 -50.6571 6.4
      vertex 64.101 -49.399 6.4
      vertex 64.101 -50.601 6.4
    endloop
  endfacet
  facet normal 0 0 -1
    outer loop
      vertex 64.0392 -50.6571 6.4
      vertex 64.0392 -49.3429 6.4
      vertex 64.101 -49.399 6.4
    endloop
  endfacet
  facet normal 0 0 -1
    outer loop
      vertex 63.9722 -50.7067 6.4
      vertex 64.0392 -49.3429 6.4
      vertex 64.0392 -50.6571 6.4
    endloop
  endfacet
  facet normal 0 0 -1
    outer loop
      vertex 63.9722 -50.7067 6.4
      vertex 63.9722 -49.2933 6.4
      vertex 64.0392 -49.3429 6.4
    endloop
  endfacet
  facet normal 0 0 -1
    outer loop
      vertex 63.9007 -50.7496 6.4
      vertex 63.9722 -49.2933 6.4
      vertex 63.9722 -50.7067 6.4
    endloop
  endfacet
  facet normal 0 0 -1
    outer loop
      vertex 63.9007 -50.7496 6.4
      vertex 63.9007 -49.2504 6.4
      vertex 63.9722 -49.2933 6.4
    endloop
  endfacet
  facet normal 0 0 -1
    outer loop
      vertex 63.8253 -50.7853 6.4
      vertex 63.9007 -49.2504 6.4
      vertex 63.9007 -50.7496 6.4
    endloop
  endfacet
  facet normal 0 0 -1
    outer loop
      vertex 63.8253 -50.7853 6.4
      vertex 63.8253 -49.2147 6.4
      vertex 63.9007 -49.2504 6.4
    endloop
  endfacet
  facet normal 0 0 -1
    outer loop
      vertex 63.7467 -50.8134 6.4
      vertex 63.8253 -49.2147 6.4
      vertex 63.8253 -50.7853 6.4
    endloop
  endfacet
  facet normal 0 0 -1
    outer loop
      vertex 63.7467 -50.8134 6.4
      vertex 63.7467 -49.1866 6.4
      vertex 63.8253 -49.2147 6.4
    endloop
  endfacet
  facet normal 0 0 -1
    outer loop
      vertex 63.6658 -50.8337 6.4
      vertex 63.7467 -49.1866 6.4
      vertex 63.7467 -50.8134 6.4
    endloop
  endfacet
  facet normal 0 0 -1
    outer loop
      vertex 63.6658 -50.8337 6.4
      vertex 63.6658 -49.1663 6.4
      vertex 63.7467 -49.1866 6.4
    endloop
  endfacet
  facet normal 0 0 -1
    outer loop
      vertex 63.5833 -50.8459 6.4
      vertex 63.6658 -49.1663 6.4
      vertex 63.6658 -50.8337 6.4
    endloop
  endfacet
  facet normal 0 0 -1
    outer loop
      vertex 63.5833 -50.8459 6.4
      vertex 63.5833 -49.1541 6.4
      vertex 63.6658 -49.1663 6.4
    endloop
  endfacet
  facet normal 0 0 -1
    outer loop
      vertex 63.5 -50.85 6.4
      vertex 63.5833 -49.1541 6.4
      vertex 63.5833 -50.8459 6.4
    endloop
  endfacet
  facet normal 0 0 -1
    outer loop
      vertex 63.5 -50.85 6.4
      vertex 63.5 -49.15 6.4
      vertex 63.5833 -49.1541 6.4
    endloop
  endfacet
  facet normal 0 0 -1
    outer loop
      vertex 63.4167 -50.8459 6.4
      vertex 63.5 -49.15 6.4
      vertex 63.5 -50.85 6.4
    endloop
  endfacet
  facet normal 0 0 -1
    outer loop
      vertex 63.4167 -50.8459 6.4
      vertex 63.4167 -49.1541 6.4
      vertex 63.5 -49.15 6.4
    endloop
  endfacet
  facet normal 0 0 -1
    outer loop
      vertex 63.3342 -50.8337 6.4
      vertex 63.4167 -49.1541 6.4
      vertex 63.4167 -50.8459 6.4
    endloop
  endfacet
  facet normal 0 0 -1
    outer loop
      vertex 63.3342 -50.8337 6.4
      vertex 63.3342 -49.1663 6.4
      vertex 63.4167 -49.1541 6.4
    endloop
  endfacet
  facet normal 0 0 -1
    outer loop
      vertex 63.2533 -50.8134 6.4
      vertex 63.3342 -49.1663 6.4
      vertex 63.3342 -50.8337 6.4
    endloop
  endfacet
  facet normal 0 0 -1
    outer loop
      vertex 63.2533 -50.8134 6.4
      vertex 63.2533 -49.1866 6.4
      vertex 63.3342 -49.1663 6.4
    endloop
  endfacet
  facet normal 0 0 -1
    outer loop
      vertex 63.1747 -50.7853 6.4
      vertex 63.2533 -49.1866 6.4
      vertex 63.2533 -50.8134 6.4
    endloop
  endfacet
  facet normal 0 0 -1
    outer loop
      vertex 63.1747 -50.7853 6.4
      vertex 63.1747 -49.2147 6.4
      vertex 63.2533 -49.1866 6.4
    endloop
  endfacet
  facet normal 0 0 -1
    outer loop
      vertex 63.0993 -50.7496 6.4
      vertex 63.1747 -49.2147 6.4
      vertex 63.1747 -50.7853 6.4
    endloop
  endfacet
  facet normal 0 0 -1
    outer loop
      vertex 63.0993 -50.7496 6.4
      vertex 63.0993 -49.2504 6.4
      vertex 63.1747 -49.2147 6.4
    endloop
  endfacet
  facet normal 0 0 -1
    outer loop
      vertex 63.0278 -50.7067 6.4
      vertex 63.0993 -49.2504 6.4
      vertex 63.0993 -50.7496 6.4
    endloop
  endfacet
  facet normal 0 0 -1
    outer loop
      vertex 63.0278 -50.7067 6.4
      vertex 63.0278 -49.2933 6.4
      vertex 63.0993 -49.2504 6.4
    endloop
  endfacet
  facet normal 0 0 -1
    outer loop
      vertex 62.9608 -50.6571 6.4
      vertex 63.0278 -49.2933 6.4
      vertex 63.0278 -50.7067 6.4
    endloop
  endfacet
  facet normal 0 0 -1
    outer loop
      vertex 62.9608 -50.6571 6.4
      vertex 62.9608 -49.3429 6.4
      vertex 63.0278 -49.2933 6.4
    endloop
  endfacet
  facet normal 0 0 -1
    outer loop
      vertex 62.899 -50.601 6.4
      vertex 62.9608 -49.3429 6.4
      vertex 62.9608 -50.6571 6.4
    endloop
  endfacet
  facet normal 0 0 -1
    outer loop
      vertex 62.899 -50.601 6.4
      vertex 62.899 -49.399 6.4
      vertex 62.9608 -49.3429 6.4
    endloop
  endfacet
  facet normal 0 0 -1
    outer loop
      vertex 62.8429 -50.5392 6.4
      vertex 62.899 -49.399 6.4
      vertex 62.899 -50.601 6.4
    endloop
  endfacet
  facet normal 0 0 -1
    outer loop
      vertex 62.8429 -50.5392 6.4
      vertex 62.8429 -49.4608 6.4
      vertex 62.899 -49.399 6.4
    endloop
  endfacet
  facet normal 0 0 -1
    outer loop
      vertex 62.7933 -50.4722 6.4
      vertex 62.8429 -49.4608 6.4
      vertex 62.8429 -50.5392 6.4
    endloop
  endfacet
  facet normal 0 0 -1
    outer loop
      vertex 62.7933 -50.4722 6.4
      vertex 62.7933 -49.5278 6.4
      vertex 62.8429 -49.4608 6.4
    endloop
  endfacet
  facet normal 0 0 -1
    outer loop
      vertex 62.7504 -50.4007 6.4
      vertex 62.7933 -49.5278 6.4
      vertex 62.7933 -50.4722 6.4
    endloop
  endfacet
  facet normal 0 0 -1
    outer loop
      vertex 62.7504 -50.4007 6.4
      vertex 62.7504 -49.5993 6.4
      vertex 62.7933 -49.5278 6.4
    endloop
  endfacet
  facet normal 0 0 -1
    outer loop
      vertex 62.7147 -50.3253 6.4
      vertex 62.7504 -49.5993 6.4
      vertex 62.7504 -50.4007 6.4
    endloop
  endfacet
  facet normal 0 0 -1
    outer loop
      vertex 62.7147 -50.3253 6.4
      vertex 62.7147 -49.6747 6.4
      vertex 62.7504 -49.5993 6.4
    endloop
  endfacet
  facet normal 0 0 -1
    outer loop
      vertex 62.6866 -50.2467 6.4
      vertex 62.7147 -49.6747 6.4
      vertex 62.7147 -50.3253 6.4
    endloop
  endfacet
  facet normal 0 0 -1
    outer loop
      vertex 62.6866 -50.2467 6.4
      vertex 62.6866 -49.7533 6.4
      vertex 62.7147 -49.6747 6.4
    endloop
  endfacet
  facet normal 0 0 -1
    outer loop
      vertex 62.6663 -50.1658 6.4
      vertex 62.6866 -49.7533 6.4
      vertex 62.6866 -50.2467 6.4
    endloop
  endfacet
  facet normal 0 0 -1
    outer loop
      vertex 62.6663 -50.1658 6.4
      vertex 62.6663 -49.8342 6.4
      vertex 62.6866 -49.7533 6.4
    endloop
  endfacet
  facet normal 0 0 -1
    outer loop
      vertex 62.6541 -50.0833 6.4
      vertex 62.6663 -49.8342 6.4
      vertex 62.6663 -50.1658 6.4
    endloop
  endfacet
  facet normal 0 0 -1
    outer loop
      vertex 62.6541 -50.0833 6.4
      vertex 62.6541 -49.9167 6.4
      vertex 62.6663 -49.8342 6.4
    endloop
  endfacet
  facet normal 0 -0 -1
    outer loop
      vertex 62.6541 -49.9167 6.4
      vertex 62.6541 -50.0833 6.4
      vertex 62.65 -50 6.4
    endloop
  endfacet
  facet normal 0.0491602 0.998791 -0
    outer loop
      vertex 63.5 -50.85 0
      vertex 63.4167 -50.8459 6.4
      vertex 63.5 -50.85 6.4
    endloop
  endfacet
  facet normal 0.0491602 0.998791 0
    outer loop
      vertex 63.4167 -50.8459 6.4
      vertex 63.5 -50.85 0
      vertex 63.4167 -50.8459 0
    endloop
  endfacet
  facet normal 0.998791 -0.0491602 0
    outer loop
      vertex 62.65 -50 6.4
      vertex 62.6541 -49.9167 0
      vertex 62.6541 -49.9167 6.4
    endloop
  endfacet
  facet normal 0.998791 -0.0491602 0
    outer loop
      vertex 62.6541 -49.9167 0
      vertex 62.65 -50 6.4
      vertex 62.65 -50 0
    endloop
  endfacet
  facet normal 0.33664 0.941633 -0
    outer loop
      vertex 63.2533 -50.8134 0
      vertex 63.1747 -50.7853 6.4
      vertex 63.2533 -50.8134 6.4
    endloop
  endfacet
  facet normal 0.33664 0.941633 0
    outer loop
      vertex 63.1747 -50.7853 6.4
      vertex 63.2533 -50.8134 0
      vertex 63.1747 -50.7853 0
    endloop
  endfacet
  facet normal -0.740428 0.672136 0
    outer loop
      vertex 64.101 -50.601 0
      vertex 64.1571 -50.5392 6.4
      vertex 64.1571 -50.5392 0
    endloop
  endfacet
  facet normal -0.740428 0.672136 0
    outer loop
      vertex 64.1571 -50.5392 6.4
      vertex 64.101 -50.601 0
      vertex 64.101 -50.601 6.4
    endloop
  endfacet
  facet normal -0.672136 0.740428 0
    outer loop
      vertex 64.101 -50.601 0
      vertex 64.0392 -50.6571 6.4
      vertex 64.101 -50.601 6.4
    endloop
  endfacet
  facet normal -0.672136 0.740428 0
    outer loop
      vertex 64.0392 -50.6571 6.4
      vertex 64.101 -50.601 0
      vertex 64.0392 -50.6571 0
    endloop
  endfacet
endsolid OpenSCAD_Model
