solid OpenSCAD_Model
  facet normal 1 -0 0
    outer loop
      vertex 79 -21 3.5
      vertex 79 21 0
      vertex 79 21 3.5
    endloop
  endfacet
  facet normal 1 0 0
    outer loop
      vertex 79 21 0
      vertex 79 -21 3.5
      vertex 79 -21 0
    endloop
  endfacet
  facet normal 0 0 -1
    outer loop
      vertex -17.3517 -13.6517 0
      vertex 56 -10 0
      vertex -17.3231 -13.7659 0
    endloop
  endfacet
  facet normal 0 0 -1
    outer loop
      vertex 56 10 0
      vertex -17.3058 13.8824 0
      vertex -17.3 14 0
    endloop
  endfacet
  facet normal 0 0 -1
    outer loop
      vertex -17.3913 -13.5408 0
      vertex 56 -10 0
      vertex -17.3517 -13.6517 0
    endloop
  endfacet
  facet normal 0 0 -1
    outer loop
      vertex 56 10 0
      vertex -17.3231 13.7659 0
      vertex -17.3058 13.8824 0
    endloop
  endfacet
  facet normal -0 0 -1
    outer loop
      vertex 56 -10 0
      vertex -17.3913 -13.5408 0
      vertex 56 10 0
    endloop
  endfacet
  facet normal 0 0 -1
    outer loop
      vertex 56 10 0
      vertex -17.3517 13.6517 0
      vertex -17.3231 13.7659 0
    endloop
  endfacet
  facet normal 0 0 -1
    outer loop
      vertex -17.3913 13.5408 0
      vertex 56 10 0
      vertex -17.3913 -13.5408 0
    endloop
  endfacet
  facet normal 0 0 -1
    outer loop
      vertex 56 10 0
      vertex -17.3913 13.5408 0
      vertex -17.3517 13.6517 0
    endloop
  endfacet
  facet normal 0 0 -1
    outer loop
      vertex -17.4417 -13.4343 0
      vertex -17.3913 13.5408 0
      vertex -17.3913 -13.5408 0
    endloop
  endfacet
  facet normal 0 0 -1
    outer loop
      vertex -17.4417 -13.4343 0
      vertex -17.4417 13.4343 0
      vertex -17.3913 13.5408 0
    endloop
  endfacet
  facet normal 0 0 -1
    outer loop
      vertex -17.5022 -13.3333 0
      vertex -17.4417 13.4343 0
      vertex -17.4417 -13.4343 0
    endloop
  endfacet
  facet normal 0 0 -1
    outer loop
      vertex -17.5022 -13.3333 0
      vertex -17.5022 13.3333 0
      vertex -17.4417 13.4343 0
    endloop
  endfacet
  facet normal 0 0 -1
    outer loop
      vertex -17.5724 -13.2387 0
      vertex -17.5022 13.3333 0
      vertex -17.5022 -13.3333 0
    endloop
  endfacet
  facet normal 0 0 -1
    outer loop
      vertex -17.5724 -13.2387 0
      vertex -17.5724 13.2387 0
      vertex -17.5022 13.3333 0
    endloop
  endfacet
  facet normal 0 0 -1
    outer loop
      vertex -17.6515 -13.1515 0
      vertex -17.5724 13.2387 0
      vertex -17.5724 -13.2387 0
    endloop
  endfacet
  facet normal 0 0 -1
    outer loop
      vertex -17.6515 -13.1515 0
      vertex -17.6515 13.1515 0
      vertex -17.5724 13.2387 0
    endloop
  endfacet
  facet normal 0 0 -1
    outer loop
      vertex -17.7387 -13.0724 0
      vertex -17.6515 13.1515 0
      vertex -17.6515 -13.1515 0
    endloop
  endfacet
  facet normal 0 0 -1
    outer loop
      vertex -17.7387 -13.0724 0
      vertex -17.7387 13.0724 0
      vertex -17.6515 13.1515 0
    endloop
  endfacet
  facet normal 0 0 -1
    outer loop
      vertex -17.8333 -13.0022 0
      vertex -17.7387 13.0724 0
      vertex -17.7387 -13.0724 0
    endloop
  endfacet
  facet normal 0 0 -1
    outer loop
      vertex -17.8333 -13.0022 0
      vertex -17.8333 13.0022 0
      vertex -17.7387 13.0724 0
    endloop
  endfacet
  facet normal 0 0 -1
    outer loop
      vertex -17.9343 -12.9417 0
      vertex -17.8333 13.0022 0
      vertex -17.8333 -13.0022 0
    endloop
  endfacet
  facet normal 0 0 -1
    outer loop
      vertex -17.9343 -12.9417 0
      vertex -17.9343 12.9417 0
      vertex -17.8333 13.0022 0
    endloop
  endfacet
  facet normal 0 0 -1
    outer loop
      vertex -18.0408 -12.8913 0
      vertex -17.9343 12.9417 0
      vertex -17.9343 -12.9417 0
    endloop
  endfacet
  facet normal 0 0 -1
    outer loop
      vertex -18.0408 -12.8913 0
      vertex -18.0408 12.8913 0
      vertex -17.9343 12.9417 0
    endloop
  endfacet
  facet normal 0 0 -1
    outer loop
      vertex -18.1517 -12.8517 0
      vertex -18.0408 12.8913 0
      vertex -18.0408 -12.8913 0
    endloop
  endfacet
  facet normal 0 0 -1
    outer loop
      vertex -18.1517 -12.8517 0
      vertex -18.1517 12.8517 0
      vertex -18.0408 12.8913 0
    endloop
  endfacet
  facet normal 0 0 -1
    outer loop
      vertex -18.2659 -12.8231 0
      vertex -18.1517 12.8517 0
      vertex -18.1517 -12.8517 0
    endloop
  endfacet
  facet normal 0 0 -1
    outer loop
      vertex -18.2659 -12.8231 0
      vertex -18.2659 12.8231 0
      vertex -18.1517 12.8517 0
    endloop
  endfacet
  facet normal 0 0 -1
    outer loop
      vertex -18.3824 -12.8058 0
      vertex -18.2659 12.8231 0
      vertex -18.2659 -12.8231 0
    endloop
  endfacet
  facet normal 0 0 -1
    outer loop
      vertex -18.3824 -12.8058 0
      vertex -18.3824 12.8058 0
      vertex -18.2659 12.8231 0
    endloop
  endfacet
  facet normal 0 0 -1
    outer loop
      vertex -18.5 -12.8 0
      vertex -18.3824 12.8058 0
      vertex -18.3824 -12.8058 0
    endloop
  endfacet
  facet normal 0 0 -1
    outer loop
      vertex -18.5 -12.8 0
      vertex -18.5 12.8 0
      vertex -18.3824 12.8058 0
    endloop
  endfacet
  facet normal 0 0 -1
    outer loop
      vertex -18.6176 -12.8058 0
      vertex -18.5 12.8 0
      vertex -18.5 -12.8 0
    endloop
  endfacet
  facet normal 0 0 -1
    outer loop
      vertex -18.6176 -12.8058 0
      vertex -18.6176 12.8058 0
      vertex -18.5 12.8 0
    endloop
  endfacet
  facet normal 0 0 -1
    outer loop
      vertex -18.7341 -12.8231 0
      vertex -18.6176 12.8058 0
      vertex -18.6176 -12.8058 0
    endloop
  endfacet
  facet normal 0 0 -1
    outer loop
      vertex -18.7341 -12.8231 0
      vertex -18.7341 12.8231 0
      vertex -18.6176 12.8058 0
    endloop
  endfacet
  facet normal 0 0 -1
    outer loop
      vertex -18.8483 -12.8517 0
      vertex -18.7341 12.8231 0
      vertex -18.7341 -12.8231 0
    endloop
  endfacet
  facet normal 0 0 -1
    outer loop
      vertex -18.8483 -12.8517 0
      vertex -18.8483 12.8517 0
      vertex -18.7341 12.8231 0
    endloop
  endfacet
  facet normal 0 0 -1
    outer loop
      vertex -18.9592 -12.8913 0
      vertex -18.8483 12.8517 0
      vertex -18.8483 -12.8517 0
    endloop
  endfacet
  facet normal 0 0 -1
    outer loop
      vertex -18.9592 -12.8913 0
      vertex -18.9592 12.8913 0
      vertex -18.8483 12.8517 0
    endloop
  endfacet
  facet normal 0 0 -1
    outer loop
      vertex -19.0657 -12.9417 0
      vertex -18.9592 12.8913 0
      vertex -18.9592 -12.8913 0
    endloop
  endfacet
  facet normal 0 0 -1
    outer loop
      vertex -19.0657 -12.9417 0
      vertex -19.0657 12.9417 0
      vertex -18.9592 12.8913 0
    endloop
  endfacet
  facet normal 0 0 -1
    outer loop
      vertex -19.1667 -13.0022 0
      vertex -19.0657 12.9417 0
      vertex -19.0657 -12.9417 0
    endloop
  endfacet
  facet normal 0 0 -1
    outer loop
      vertex -19.1667 -13.0022 0
      vertex -19.1667 13.0022 0
      vertex -19.0657 12.9417 0
    endloop
  endfacet
  facet normal 0 0 -1
    outer loop
      vertex -19.2613 -13.0724 0
      vertex -19.1667 13.0022 0
      vertex -19.1667 -13.0022 0
    endloop
  endfacet
  facet normal 0 0 -1
    outer loop
      vertex -19.2613 -13.0724 0
      vertex -19.2613 13.0724 0
      vertex -19.1667 13.0022 0
    endloop
  endfacet
  facet normal 0 0 -1
    outer loop
      vertex -19.3485 -13.1515 0
      vertex -19.2613 13.0724 0
      vertex -19.2613 -13.0724 0
    endloop
  endfacet
  facet normal 0 0 -1
    outer loop
      vertex -19.3485 -13.1515 0
      vertex -19.3485 13.1515 0
      vertex -19.2613 13.0724 0
    endloop
  endfacet
  facet normal 0 0 -1
    outer loop
      vertex -19.4276 -13.2387 0
      vertex -19.3485 13.1515 0
      vertex -19.3485 -13.1515 0
    endloop
  endfacet
  facet normal 0 0 -1
    outer loop
      vertex -19.4276 -13.2387 0
      vertex -19.4276 13.2387 0
      vertex -19.3485 13.1515 0
    endloop
  endfacet
  facet normal 0 0 -1
    outer loop
      vertex -19.4978 -13.3333 0
      vertex -19.4276 13.2387 0
      vertex -19.4276 -13.2387 0
    endloop
  endfacet
  facet normal 0 0 -1
    outer loop
      vertex -19.4978 -13.3333 0
      vertex -19.4978 13.3333 0
      vertex -19.4276 13.2387 0
    endloop
  endfacet
  facet normal 0 0 -1
    outer loop
      vertex -19.5583 -13.4343 0
      vertex -19.4978 13.3333 0
      vertex -19.4978 -13.3333 0
    endloop
  endfacet
  facet normal 0 0 -1
    outer loop
      vertex -19.5583 -13.4343 0
      vertex -19.5583 13.4343 0
      vertex -19.4978 13.3333 0
    endloop
  endfacet
  facet normal 0 0 -1
    outer loop
      vertex -19.6087 -13.5408 0
      vertex -19.5583 13.4343 0
      vertex -19.5583 -13.4343 0
    endloop
  endfacet
  facet normal 0 0 -1
    outer loop
      vertex -19.6087 -13.5408 0
      vertex -19.6087 13.5408 0
      vertex -19.5583 13.4343 0
    endloop
  endfacet
  facet normal 0 0 -1
    outer loop
      vertex -19.6483 -13.6517 0
      vertex -19.6087 13.5408 0
      vertex -19.6087 -13.5408 0
    endloop
  endfacet
  facet normal 0 0 -1
    outer loop
      vertex -19.6483 -13.6517 0
      vertex -19.6483 13.6517 0
      vertex -19.6087 13.5408 0
    endloop
  endfacet
  facet normal 0 0 -1
    outer loop
      vertex -19.6769 -13.7659 0
      vertex -19.6483 13.6517 0
      vertex -19.6483 -13.6517 0
    endloop
  endfacet
  facet normal 0 0 -1
    outer loop
      vertex -19.6769 -13.7659 0
      vertex -19.6769 13.7659 0
      vertex -19.6483 13.6517 0
    endloop
  endfacet
  facet normal 0 0 -1
    outer loop
      vertex -19.6942 -13.8824 0
      vertex -19.6769 13.7659 0
      vertex -19.6769 -13.7659 0
    endloop
  endfacet
  facet normal 0 0 -1
    outer loop
      vertex -19.6942 -13.8824 0
      vertex -19.6942 13.8824 0
      vertex -19.6769 13.7659 0
    endloop
  endfacet
  facet normal 0 0 -1
    outer loop
      vertex -21 -21 0
      vertex -19.6942 -13.8824 0
      vertex -19.7 -14 0
    endloop
  endfacet
  facet normal -0 0 -1
    outer loop
      vertex -19.6942 -13.8824 0
      vertex -21 -21 0
      vertex -19.6942 13.8824 0
    endloop
  endfacet
  facet normal 0 0 -1
    outer loop
      vertex 77.6942 13.8824 0
      vertex 79 21 0
      vertex 77.6942 -13.8824 0
    endloop
  endfacet
  facet normal 0 0 -1
    outer loop
      vertex 79 21 0
      vertex 77.6942 13.8824 0
      vertex 77.7 14 0
    endloop
  endfacet
  facet normal 0 0 -1
    outer loop
      vertex 77.6769 -13.7659 0
      vertex 77.6942 13.8824 0
      vertex 77.6942 -13.8824 0
    endloop
  endfacet
  facet normal 0 0 -1
    outer loop
      vertex 77.6769 -13.7659 0
      vertex 77.6769 13.7659 0
      vertex 77.6942 13.8824 0
    endloop
  endfacet
  facet normal 0 0 -1
    outer loop
      vertex 77.6483 -13.6517 0
      vertex 77.6769 13.7659 0
      vertex 77.6769 -13.7659 0
    endloop
  endfacet
  facet normal 0 0 -1
    outer loop
      vertex 77.6483 -13.6517 0
      vertex 77.6483 13.6517 0
      vertex 77.6769 13.7659 0
    endloop
  endfacet
  facet normal 0 0 -1
    outer loop
      vertex 77.6087 -13.5408 0
      vertex 77.6483 13.6517 0
      vertex 77.6483 -13.6517 0
    endloop
  endfacet
  facet normal 0 0 -1
    outer loop
      vertex 77.6087 -13.5408 0
      vertex 77.6087 13.5408 0
      vertex 77.6483 13.6517 0
    endloop
  endfacet
  facet normal 0 0 -1
    outer loop
      vertex 77.5583 -13.4343 0
      vertex 77.6087 13.5408 0
      vertex 77.6087 -13.5408 0
    endloop
  endfacet
  facet normal 0 0 -1
    outer loop
      vertex 77.5583 -13.4343 0
      vertex 77.5583 13.4343 0
      vertex 77.6087 13.5408 0
    endloop
  endfacet
  facet normal 0 0 -1
    outer loop
      vertex 77.4978 -13.3333 0
      vertex 77.5583 13.4343 0
      vertex 77.5583 -13.4343 0
    endloop
  endfacet
  facet normal 0 0 -1
    outer loop
      vertex 77.4978 -13.3333 0
      vertex 77.4978 13.3333 0
      vertex 77.5583 13.4343 0
    endloop
  endfacet
  facet normal 0 0 -1
    outer loop
      vertex 77.4276 -13.2387 0
      vertex 77.4978 13.3333 0
      vertex 77.4978 -13.3333 0
    endloop
  endfacet
  facet normal 0 0 -1
    outer loop
      vertex 77.4276 -13.2387 0
      vertex 77.4276 13.2387 0
      vertex 77.4978 13.3333 0
    endloop
  endfacet
  facet normal 0 0 -1
    outer loop
      vertex 77.3485 -13.1515 0
      vertex 77.4276 13.2387 0
      vertex 77.4276 -13.2387 0
    endloop
  endfacet
  facet normal 0 0 -1
    outer loop
      vertex 77.3485 -13.1515 0
      vertex 77.3485 13.1515 0
      vertex 77.4276 13.2387 0
    endloop
  endfacet
  facet normal 0 0 -1
    outer loop
      vertex 77.2613 -13.0724 0
      vertex 77.3485 13.1515 0
      vertex 77.3485 -13.1515 0
    endloop
  endfacet
  facet normal 0 0 -1
    outer loop
      vertex 77.2613 -13.0724 0
      vertex 77.2613 13.0724 0
      vertex 77.3485 13.1515 0
    endloop
  endfacet
  facet normal 0 0 -1
    outer loop
      vertex 77.1667 -13.0022 0
      vertex 77.2613 13.0724 0
      vertex 77.2613 -13.0724 0
    endloop
  endfacet
  facet normal 0 0 -1
    outer loop
      vertex 77.1667 -13.0022 0
      vertex 77.1667 13.0022 0
      vertex 77.2613 13.0724 0
    endloop
  endfacet
  facet normal 0 0 -1
    outer loop
      vertex 77.0657 -12.9417 0
      vertex 77.1667 13.0022 0
      vertex 77.1667 -13.0022 0
    endloop
  endfacet
  facet normal 0 0 -1
    outer loop
      vertex 77.0657 -12.9417 0
      vertex 77.0657 12.9417 0
      vertex 77.1667 13.0022 0
    endloop
  endfacet
  facet normal 0 0 -1
    outer loop
      vertex 76.9592 -12.8913 0
      vertex 77.0657 12.9417 0
      vertex 77.0657 -12.9417 0
    endloop
  endfacet
  facet normal 0 0 -1
    outer loop
      vertex 76.9592 -12.8913 0
      vertex 76.9592 12.8913 0
      vertex 77.0657 12.9417 0
    endloop
  endfacet
  facet normal 0 0 -1
    outer loop
      vertex 76.8483 -12.8517 0
      vertex 76.9592 12.8913 0
      vertex 76.9592 -12.8913 0
    endloop
  endfacet
  facet normal 0 0 -1
    outer loop
      vertex 76.8483 -12.8517 0
      vertex 76.8483 12.8517 0
      vertex 76.9592 12.8913 0
    endloop
  endfacet
  facet normal 0 0 -1
    outer loop
      vertex 76.7341 -12.8231 0
      vertex 76.8483 12.8517 0
      vertex 76.8483 -12.8517 0
    endloop
  endfacet
  facet normal 0 0 -1
    outer loop
      vertex 76.7341 -12.8231 0
      vertex 76.7341 12.8231 0
      vertex 76.8483 12.8517 0
    endloop
  endfacet
  facet normal 0 0 -1
    outer loop
      vertex 76.6176 -12.8058 0
      vertex 76.7341 12.8231 0
      vertex 76.7341 -12.8231 0
    endloop
  endfacet
  facet normal 0 0 -1
    outer loop
      vertex 76.6176 -12.8058 0
      vertex 76.6176 12.8058 0
      vertex 76.7341 12.8231 0
    endloop
  endfacet
  facet normal 0 0 -1
    outer loop
      vertex 69.6 -10 0
      vertex 76.6176 -12.8058 0
      vertex 76.5 -12.8 0
    endloop
  endfacet
  facet normal 0 0 -1
    outer loop
      vertex 76.6176 -12.8058 0
      vertex 69.6 -10 0
      vertex 76.6176 12.8058 0
    endloop
  endfacet
  facet normal 0 0 -1
    outer loop
      vertex 69.6 -10 0
      vertex 76.5 -12.8 0
      vertex 76.3824 -12.8058 0
    endloop
  endfacet
  facet normal 0 0 -1
    outer loop
      vertex 69.6 10 0
      vertex 76.6176 12.8058 0
      vertex 69.6 -10 0
    endloop
  endfacet
  facet normal 0 0 -1
    outer loop
      vertex 69.6 -10 0
      vertex 76.3824 -12.8058 0
      vertex 76.2659 -12.8231 0
    endloop
  endfacet
  facet normal 0 0 -1
    outer loop
      vertex 76.6176 12.8058 0
      vertex 69.6 10 0
      vertex 76.5 12.8 0
    endloop
  endfacet
  facet normal 0 0 -1
    outer loop
      vertex 69.6 -10 0
      vertex 76.2659 -12.8231 0
      vertex 76.1517 -12.8517 0
    endloop
  endfacet
  facet normal -0 0 -1
    outer loop
      vertex 76.5 12.8 0
      vertex 69.6 10 0
      vertex 76.3824 12.8058 0
    endloop
  endfacet
  facet normal 0 0 -1
    outer loop
      vertex 69.6 -10 0
      vertex 76.1517 -12.8517 0
      vertex 76.0408 -12.8913 0
    endloop
  endfacet
  facet normal -0 0 -1
    outer loop
      vertex 76.3824 12.8058 0
      vertex 69.6 10 0
      vertex 76.2659 12.8231 0
    endloop
  endfacet
  facet normal 0 0 -1
    outer loop
      vertex 69.6 -10 0
      vertex 76.0408 -12.8913 0
      vertex 75.9343 -12.9417 0
    endloop
  endfacet
  facet normal -0 0 -1
    outer loop
      vertex 76.2659 12.8231 0
      vertex 69.6 10 0
      vertex 76.1517 12.8517 0
    endloop
  endfacet
  facet normal 0 0 -1
    outer loop
      vertex 69.6 -10 0
      vertex 75.9343 -12.9417 0
      vertex 75.8333 -13.0022 0
    endloop
  endfacet
  facet normal -0 0 -1
    outer loop
      vertex 76.1517 12.8517 0
      vertex 69.6 10 0
      vertex 76.0408 12.8913 0
    endloop
  endfacet
  facet normal 0 0 -1
    outer loop
      vertex 69.6 -10 0
      vertex 75.8333 -13.0022 0
      vertex 75.7387 -13.0724 0
    endloop
  endfacet
  facet normal -0 0 -1
    outer loop
      vertex 76.0408 12.8913 0
      vertex 69.6 10 0
      vertex 75.9343 12.9417 0
    endloop
  endfacet
  facet normal 0 0 -1
    outer loop
      vertex 69.6 -10 0
      vertex 75.7387 -13.0724 0
      vertex 75.6515 -13.1515 0
    endloop
  endfacet
  facet normal -0 0 -1
    outer loop
      vertex 75.9343 12.9417 0
      vertex 69.6 10 0
      vertex 75.8333 13.0022 0
    endloop
  endfacet
  facet normal 0 0 -1
    outer loop
      vertex 69.6 -10 0
      vertex 75.6515 -13.1515 0
      vertex 75.5724 -13.2387 0
    endloop
  endfacet
  facet normal -0 0 -1
    outer loop
      vertex 75.8333 13.0022 0
      vertex 69.6 10 0
      vertex 75.7387 13.0724 0
    endloop
  endfacet
  facet normal 0 0 -1
    outer loop
      vertex 69.6 -10 0
      vertex 75.5724 -13.2387 0
      vertex 75.5022 -13.3333 0
    endloop
  endfacet
  facet normal -0 0 -1
    outer loop
      vertex 75.7387 13.0724 0
      vertex 69.6 10 0
      vertex 75.6515 13.1515 0
    endloop
  endfacet
  facet normal 0 0 -1
    outer loop
      vertex 69.6 -10 0
      vertex 75.5022 -13.3333 0
      vertex 75.4417 -13.4343 0
    endloop
  endfacet
  facet normal -0 0 -1
    outer loop
      vertex 75.6515 13.1515 0
      vertex 69.6 10 0
      vertex 75.5724 13.2387 0
    endloop
  endfacet
  facet normal 0 0 -1
    outer loop
      vertex 69.6 -10 0
      vertex 75.4417 -13.4343 0
      vertex 75.3913 -13.5408 0
    endloop
  endfacet
  facet normal -0 0 -1
    outer loop
      vertex 75.5724 13.2387 0
      vertex 69.6 10 0
      vertex 75.5022 13.3333 0
    endloop
  endfacet
  facet normal 0 0 -1
    outer loop
      vertex 69.6 -10 0
      vertex 75.3913 -13.5408 0
      vertex 75.3517 -13.6517 0
    endloop
  endfacet
  facet normal -0 0 -1
    outer loop
      vertex 75.5022 13.3333 0
      vertex 69.6 10 0
      vertex 75.4417 13.4343 0
    endloop
  endfacet
  facet normal 0 0 -1
    outer loop
      vertex 69.6 -10 0
      vertex 75.3517 -13.6517 0
      vertex 75.3231 -13.7659 0
    endloop
  endfacet
  facet normal -0 0 -1
    outer loop
      vertex 75.4417 13.4343 0
      vertex 69.6 10 0
      vertex 75.3913 13.5408 0
    endloop
  endfacet
  facet normal 0 0 -1
    outer loop
      vertex 69.6 -10 0
      vertex 75.3231 -13.7659 0
      vertex 75.3058 -13.8824 0
    endloop
  endfacet
  facet normal -0 0 -1
    outer loop
      vertex 75.3913 13.5408 0
      vertex 69.6 10 0
      vertex 75.3517 13.6517 0
    endloop
  endfacet
  facet normal 0 0 -1
    outer loop
      vertex 69.6 -10 0
      vertex 75.3058 -13.8824 0
      vertex 75.3 -14 0
    endloop
  endfacet
  facet normal -0 0 -1
    outer loop
      vertex 75.3517 13.6517 0
      vertex 69.6 10 0
      vertex 75.3231 13.7659 0
    endloop
  endfacet
  facet normal 0 0 -1
    outer loop
      vertex 77.6942 -13.8824 0
      vertex 79 -21 0
      vertex 77.7 -14 0
    endloop
  endfacet
  facet normal 0 0 -1
    outer loop
      vertex 79 -21 0
      vertex 77.6942 -14.1176 0
      vertex 77.7 -14 0
    endloop
  endfacet
  facet normal 0 0 -1
    outer loop
      vertex 79 -21 0
      vertex 77.6769 -14.2341 0
      vertex 77.6942 -14.1176 0
    endloop
  endfacet
  facet normal 0 0 -1
    outer loop
      vertex 79 -21 0
      vertex 77.6483 -14.3483 0
      vertex 77.6769 -14.2341 0
    endloop
  endfacet
  facet normal 0 0 -1
    outer loop
      vertex 79 -21 0
      vertex 77.6087 -14.4592 0
      vertex 77.6483 -14.3483 0
    endloop
  endfacet
  facet normal 0 0 -1
    outer loop
      vertex 79 -21 0
      vertex 77.5583 -14.5657 0
      vertex 77.6087 -14.4592 0
    endloop
  endfacet
  facet normal 0 0 -1
    outer loop
      vertex 79 -21 0
      vertex 77.4978 -14.6667 0
      vertex 77.5583 -14.5657 0
    endloop
  endfacet
  facet normal 0 0 -1
    outer loop
      vertex 79 -21 0
      vertex 77.4276 -14.7613 0
      vertex 77.4978 -14.6667 0
    endloop
  endfacet
  facet normal 0 0 -1
    outer loop
      vertex 79 -21 0
      vertex 77.3485 -14.8485 0
      vertex 77.4276 -14.7613 0
    endloop
  endfacet
  facet normal 0 0 -1
    outer loop
      vertex 79 -21 0
      vertex 77.2613 -14.9276 0
      vertex 77.3485 -14.8485 0
    endloop
  endfacet
  facet normal 0 0 -1
    outer loop
      vertex 79 -21 0
      vertex 77.1667 -14.9978 0
      vertex 77.2613 -14.9276 0
    endloop
  endfacet
  facet normal 0 0 -1
    outer loop
      vertex 79 -21 0
      vertex 77.0657 -15.0583 0
      vertex 77.1667 -14.9978 0
    endloop
  endfacet
  facet normal 0 0 -1
    outer loop
      vertex 79 -21 0
      vertex 76.9592 -15.1087 0
      vertex 77.0657 -15.0583 0
    endloop
  endfacet
  facet normal 0 0 -1
    outer loop
      vertex 79 -21 0
      vertex 76.8483 -15.1483 0
      vertex 76.9592 -15.1087 0
    endloop
  endfacet
  facet normal 0 0 -1
    outer loop
      vertex 79 -21 0
      vertex 76.7341 -15.1769 0
      vertex 76.8483 -15.1483 0
    endloop
  endfacet
  facet normal 0 0 -1
    outer loop
      vertex 79 -21 0
      vertex 76.6176 -15.1942 0
      vertex 76.7341 -15.1769 0
    endloop
  endfacet
  facet normal 0 0 -1
    outer loop
      vertex 79 -21 0
      vertex 76.5 -15.2 0
      vertex 76.6176 -15.1942 0
    endloop
  endfacet
  facet normal 0 0 -1
    outer loop
      vertex 79 -21 0
      vertex 76.3824 -15.1942 0
      vertex 76.5 -15.2 0
    endloop
  endfacet
  facet normal 0 0 -1
    outer loop
      vertex 79 -21 0
      vertex 76.2659 -15.1769 0
      vertex 76.3824 -15.1942 0
    endloop
  endfacet
  facet normal 0 0 -1
    outer loop
      vertex 79 -21 0
      vertex 76.1517 -15.1483 0
      vertex 76.2659 -15.1769 0
    endloop
  endfacet
  facet normal 0 0 -1
    outer loop
      vertex 79 -21 0
      vertex 76.0408 -15.1087 0
      vertex 76.1517 -15.1483 0
    endloop
  endfacet
  facet normal 0 0 -1
    outer loop
      vertex 79 -21 0
      vertex 75.9343 -15.0583 0
      vertex 76.0408 -15.1087 0
    endloop
  endfacet
  facet normal 0 0 -1
    outer loop
      vertex 79 -21 0
      vertex 75.8333 -14.9978 0
      vertex 75.9343 -15.0583 0
    endloop
  endfacet
  facet normal 0 0 -1
    outer loop
      vertex 79 -21 0
      vertex 75.7387 -14.9276 0
      vertex 75.8333 -14.9978 0
    endloop
  endfacet
  facet normal 0 0 -1
    outer loop
      vertex 79 -21 0
      vertex 75.6515 -14.8485 0
      vertex 75.7387 -14.9276 0
    endloop
  endfacet
  facet normal 0 0 -1
    outer loop
      vertex 79 -21 0
      vertex 75.5724 -14.7613 0
      vertex 75.6515 -14.8485 0
    endloop
  endfacet
  facet normal 0 0 -1
    outer loop
      vertex 65.6 -10 0
      vertex 75.5724 -14.7613 0
      vertex 79 -21 0
    endloop
  endfacet
  facet normal 0 0 -1
    outer loop
      vertex 75.5724 -14.7613 0
      vertex 65.6 -10 0
      vertex 75.5022 -14.6667 0
    endloop
  endfacet
  facet normal -0 0 -1
    outer loop
      vertex 75.3231 13.7659 0
      vertex 69.6 10 0
      vertex 75.3058 13.8824 0
    endloop
  endfacet
  facet normal 0 0 -1
    outer loop
      vertex 75.3058 -14.1176 0
      vertex 69.6 -10 0
      vertex 75.3 -14 0
    endloop
  endfacet
  facet normal 0 0 -1
    outer loop
      vertex 75.3231 -14.2341 0
      vertex 69.6 -10 0
      vertex 75.3058 -14.1176 0
    endloop
  endfacet
  facet normal 0 0 -1
    outer loop
      vertex 75.3517 -14.3483 0
      vertex 69.6 -10 0
      vertex 75.3231 -14.2341 0
    endloop
  endfacet
  facet normal 0 0 -1
    outer loop
      vertex 75.3913 -14.4592 0
      vertex 69.6 -10 0
      vertex 75.3517 -14.3483 0
    endloop
  endfacet
  facet normal 0 0 -1
    outer loop
      vertex 68 -10 0
      vertex 75.3913 -14.4592 0
      vertex 75.4417 -14.5657 0
    endloop
  endfacet
  facet normal -0 -0 -1
    outer loop
      vertex 68 -10 0
      vertex 75.5022 -14.6667 0
      vertex 65.6 -10 0
    endloop
  endfacet
  facet normal 0 0 -1
    outer loop
      vertex 75.3913 -14.4592 0
      vertex 68 -10 0
      vertex 69.6 -10 0
    endloop
  endfacet
  facet normal 0 0 -1
    outer loop
      vertex 68 -10 0
      vertex 65.6 -10 0
      vertex 68 10 0
    endloop
  endfacet
  facet normal 0 0 -1
    outer loop
      vertex 75.5022 -14.6667 0
      vertex 68 -10 0
      vertex 75.4417 -14.5657 0
    endloop
  endfacet
  facet normal 0 0 -1
    outer loop
      vertex 79 -21 0
      vertex 64 -10 0
      vertex 65.6 -10 0
    endloop
  endfacet
  facet normal 0 0 -1
    outer loop
      vertex 64 -10 0
      vertex 61.6 -10 0
      vertex 64 10 0
    endloop
  endfacet
  facet normal 0 0 -1
    outer loop
      vertex 79 -21 0
      vertex 61.6 -10 0
      vertex 64 -10 0
    endloop
  endfacet
  facet normal 0 0 -1
    outer loop
      vertex 79 -21 0
      vertex 60 -10 0
      vertex 61.6 -10 0
    endloop
  endfacet
  facet normal 0 0 -1
    outer loop
      vertex 60 -10 0
      vertex 57.6 -10 0
      vertex 60 10 0
    endloop
  endfacet
  facet normal 0 0 -1
    outer loop
      vertex 79 -21 0
      vertex 57.6 -10 0
      vertex 60 -10 0
    endloop
  endfacet
  facet normal 0 0 -1
    outer loop
      vertex 79 -21 0
      vertex 56 -10 0
      vertex 57.6 -10 0
    endloop
  endfacet
  facet normal 0 0 -1
    outer loop
      vertex -17.3058 -13.8824 0
      vertex 56 -10 0
      vertex -17.3 -14 0
    endloop
  endfacet
  facet normal 0 0 -1
    outer loop
      vertex -21 -21 0
      vertex 56 -10 0
      vertex 79 -21 0
    endloop
  endfacet
  facet normal 0 0 -1
    outer loop
      vertex 56 -10 0
      vertex -17.3058 -14.1176 0
      vertex -17.3 -14 0
    endloop
  endfacet
  facet normal 0 0 -1
    outer loop
      vertex 56 -10 0
      vertex -17.3231 -14.2341 0
      vertex -17.3058 -14.1176 0
    endloop
  endfacet
  facet normal 0 0 -1
    outer loop
      vertex 56 -10 0
      vertex -17.3517 -14.3483 0
      vertex -17.3231 -14.2341 0
    endloop
  endfacet
  facet normal 0 0 -1
    outer loop
      vertex 56 -10 0
      vertex -17.3913 -14.4592 0
      vertex -17.3517 -14.3483 0
    endloop
  endfacet
  facet normal 0 0 -1
    outer loop
      vertex 56 -10 0
      vertex -17.4417 -14.5657 0
      vertex -17.3913 -14.4592 0
    endloop
  endfacet
  facet normal 0 0 -1
    outer loop
      vertex 56 -10 0
      vertex -17.5022 -14.6667 0
      vertex -17.4417 -14.5657 0
    endloop
  endfacet
  facet normal 0 0 -1
    outer loop
      vertex 56 -10 0
      vertex -21 -21 0
      vertex -17.5022 -14.6667 0
    endloop
  endfacet
  facet normal 0 0 -1
    outer loop
      vertex -17.5022 -14.6667 0
      vertex -21 -21 0
      vertex -17.5724 -14.7613 0
    endloop
  endfacet
  facet normal 0 0 -1
    outer loop
      vertex -17.5724 -14.7613 0
      vertex -21 -21 0
      vertex -17.6515 -14.8485 0
    endloop
  endfacet
  facet normal 0 0 -1
    outer loop
      vertex -17.6515 -14.8485 0
      vertex -21 -21 0
      vertex -17.7387 -14.9276 0
    endloop
  endfacet
  facet normal 0 0 -1
    outer loop
      vertex -17.7387 -14.9276 0
      vertex -21 -21 0
      vertex -17.8333 -14.9978 0
    endloop
  endfacet
  facet normal 0 0 -1
    outer loop
      vertex -17.8333 -14.9978 0
      vertex -21 -21 0
      vertex -17.9343 -15.0583 0
    endloop
  endfacet
  facet normal 0 0 -1
    outer loop
      vertex -17.9343 -15.0583 0
      vertex -21 -21 0
      vertex -18.0408 -15.1087 0
    endloop
  endfacet
  facet normal 0 0 -1
    outer loop
      vertex -18.0408 -15.1087 0
      vertex -21 -21 0
      vertex -18.1517 -15.1483 0
    endloop
  endfacet
  facet normal 0 0 -1
    outer loop
      vertex -18.1517 -15.1483 0
      vertex -21 -21 0
      vertex -18.2659 -15.1769 0
    endloop
  endfacet
  facet normal 0 0 -1
    outer loop
      vertex -18.2659 -15.1769 0
      vertex -21 -21 0
      vertex -18.3824 -15.1942 0
    endloop
  endfacet
  facet normal 0 0 -1
    outer loop
      vertex -18.3824 -15.1942 0
      vertex -21 -21 0
      vertex -18.5 -15.2 0
    endloop
  endfacet
  facet normal 0 0 -1
    outer loop
      vertex -21 21 0
      vertex -19.6942 13.8824 0
      vertex -21 -21 0
    endloop
  endfacet
  facet normal -0 0 -1
    outer loop
      vertex -19.6942 -14.1176 0
      vertex -21 -21 0
      vertex -19.7 -14 0
    endloop
  endfacet
  facet normal -0 0 -1
    outer loop
      vertex -19.6769 -14.2341 0
      vertex -21 -21 0
      vertex -19.6942 -14.1176 0
    endloop
  endfacet
  facet normal -0 0 -1
    outer loop
      vertex -19.6483 -14.3483 0
      vertex -21 -21 0
      vertex -19.6769 -14.2341 0
    endloop
  endfacet
  facet normal -0 0 -1
    outer loop
      vertex -19.6087 -14.4592 0
      vertex -21 -21 0
      vertex -19.6483 -14.3483 0
    endloop
  endfacet
  facet normal -0 0 -1
    outer loop
      vertex -19.5583 -14.5657 0
      vertex -21 -21 0
      vertex -19.6087 -14.4592 0
    endloop
  endfacet
  facet normal -0 0 -1
    outer loop
      vertex -19.4978 -14.6667 0
      vertex -21 -21 0
      vertex -19.5583 -14.5657 0
    endloop
  endfacet
  facet normal -0 0 -1
    outer loop
      vertex -19.4276 -14.7613 0
      vertex -21 -21 0
      vertex -19.4978 -14.6667 0
    endloop
  endfacet
  facet normal -0 0 -1
    outer loop
      vertex -19.3485 -14.8485 0
      vertex -21 -21 0
      vertex -19.4276 -14.7613 0
    endloop
  endfacet
  facet normal -0 0 -1
    outer loop
      vertex -19.2613 -14.9276 0
      vertex -21 -21 0
      vertex -19.3485 -14.8485 0
    endloop
  endfacet
  facet normal -0 0 -1
    outer loop
      vertex -19.1667 -14.9978 0
      vertex -21 -21 0
      vertex -19.2613 -14.9276 0
    endloop
  endfacet
  facet normal -0 0 -1
    outer loop
      vertex -19.0657 -15.0583 0
      vertex -21 -21 0
      vertex -19.1667 -14.9978 0
    endloop
  endfacet
  facet normal -0 0 -1
    outer loop
      vertex -18.9592 -15.1087 0
      vertex -21 -21 0
      vertex -19.0657 -15.0583 0
    endloop
  endfacet
  facet normal -0 0 -1
    outer loop
      vertex -18.8483 -15.1483 0
      vertex -21 -21 0
      vertex -18.9592 -15.1087 0
    endloop
  endfacet
  facet normal -0 0 -1
    outer loop
      vertex -18.7341 -15.1769 0
      vertex -21 -21 0
      vertex -18.8483 -15.1483 0
    endloop
  endfacet
  facet normal -0 0 -1
    outer loop
      vertex -18.6176 -15.1942 0
      vertex -21 -21 0
      vertex -18.7341 -15.1769 0
    endloop
  endfacet
  facet normal -0 0 -1
    outer loop
      vertex -18.5 -15.2 0
      vertex -21 -21 0
      vertex -18.6176 -15.1942 0
    endloop
  endfacet
  facet normal 0 0 -1
    outer loop
      vertex 79 -21 0
      vertex 77.6942 -13.8824 0
      vertex 79 21 0
    endloop
  endfacet
  facet normal 0 0 -1
    outer loop
      vertex 77.6942 14.1176 0
      vertex 79 21 0
      vertex 77.7 14 0
    endloop
  endfacet
  facet normal 0 0 -1
    outer loop
      vertex 77.6769 14.2341 0
      vertex 79 21 0
      vertex 77.6942 14.1176 0
    endloop
  endfacet
  facet normal 0 0 -1
    outer loop
      vertex 77.6483 14.3483 0
      vertex 79 21 0
      vertex 77.6769 14.2341 0
    endloop
  endfacet
  facet normal 0 0 -1
    outer loop
      vertex 77.6087 14.4592 0
      vertex 79 21 0
      vertex 77.6483 14.3483 0
    endloop
  endfacet
  facet normal 0 0 -1
    outer loop
      vertex 77.5583 14.5657 0
      vertex 79 21 0
      vertex 77.6087 14.4592 0
    endloop
  endfacet
  facet normal 0 0 -1
    outer loop
      vertex 77.4978 14.6667 0
      vertex 79 21 0
      vertex 77.5583 14.5657 0
    endloop
  endfacet
  facet normal 0 0 -1
    outer loop
      vertex 77.4276 14.7613 0
      vertex 79 21 0
      vertex 77.4978 14.6667 0
    endloop
  endfacet
  facet normal 0 0 -1
    outer loop
      vertex 77.3485 14.8485 0
      vertex 79 21 0
      vertex 77.4276 14.7613 0
    endloop
  endfacet
  facet normal 0 0 -1
    outer loop
      vertex 77.2613 14.9276 0
      vertex 79 21 0
      vertex 77.3485 14.8485 0
    endloop
  endfacet
  facet normal 0 0 -1
    outer loop
      vertex 77.1667 14.9978 0
      vertex 79 21 0
      vertex 77.2613 14.9276 0
    endloop
  endfacet
  facet normal 0 0 -1
    outer loop
      vertex 77.0657 15.0583 0
      vertex 79 21 0
      vertex 77.1667 14.9978 0
    endloop
  endfacet
  facet normal 0 0 -1
    outer loop
      vertex 76.9592 15.1087 0
      vertex 79 21 0
      vertex 77.0657 15.0583 0
    endloop
  endfacet
  facet normal 0 0 -1
    outer loop
      vertex 76.8483 15.1483 0
      vertex 79 21 0
      vertex 76.9592 15.1087 0
    endloop
  endfacet
  facet normal 0 0 -1
    outer loop
      vertex 76.7341 15.1769 0
      vertex 79 21 0
      vertex 76.8483 15.1483 0
    endloop
  endfacet
  facet normal 0 0 -1
    outer loop
      vertex 76.6176 15.1942 0
      vertex 79 21 0
      vertex 76.7341 15.1769 0
    endloop
  endfacet
  facet normal 0 0 -1
    outer loop
      vertex 76.5 15.2 0
      vertex 79 21 0
      vertex 76.6176 15.1942 0
    endloop
  endfacet
  facet normal 0 0 -1
    outer loop
      vertex 76.3824 15.1942 0
      vertex 79 21 0
      vertex 76.5 15.2 0
    endloop
  endfacet
  facet normal 0 0 -1
    outer loop
      vertex 76.2659 15.1769 0
      vertex 79 21 0
      vertex 76.3824 15.1942 0
    endloop
  endfacet
  facet normal 0 0 -1
    outer loop
      vertex 76.1517 15.1483 0
      vertex 79 21 0
      vertex 76.2659 15.1769 0
    endloop
  endfacet
  facet normal 0 0 -1
    outer loop
      vertex 76.0408 15.1087 0
      vertex 79 21 0
      vertex 76.1517 15.1483 0
    endloop
  endfacet
  facet normal 0 0 -1
    outer loop
      vertex 75.9343 15.0583 0
      vertex 79 21 0
      vertex 76.0408 15.1087 0
    endloop
  endfacet
  facet normal 0 0 -1
    outer loop
      vertex 75.8333 14.9978 0
      vertex 79 21 0
      vertex 75.9343 15.0583 0
    endloop
  endfacet
  facet normal 0 0 -1
    outer loop
      vertex 75.7387 14.9276 0
      vertex 79 21 0
      vertex 75.8333 14.9978 0
    endloop
  endfacet
  facet normal 0 0 -1
    outer loop
      vertex 75.6515 14.8485 0
      vertex 79 21 0
      vertex 75.7387 14.9276 0
    endloop
  endfacet
  facet normal 0 0 -1
    outer loop
      vertex 75.5724 14.7613 0
      vertex 79 21 0
      vertex 75.6515 14.8485 0
    endloop
  endfacet
  facet normal 0 0 -1
    outer loop
      vertex 65.6 10 0
      vertex 75.5724 14.7613 0
      vertex 75.5022 14.6667 0
    endloop
  endfacet
  facet normal 0 0 -1
    outer loop
      vertex 68 10 0
      vertex 75.5022 14.6667 0
      vertex 75.4417 14.5657 0
    endloop
  endfacet
  facet normal -0 0 -1
    outer loop
      vertex 75.3058 13.8824 0
      vertex 69.6 10 0
      vertex 75.3 14 0
    endloop
  endfacet
  facet normal -0 0 -1
    outer loop
      vertex 75.3 14 0
      vertex 69.6 10 0
      vertex 75.3058 14.1176 0
    endloop
  endfacet
  facet normal -0 0 -1
    outer loop
      vertex 75.3058 14.1176 0
      vertex 69.6 10 0
      vertex 75.3231 14.2341 0
    endloop
  endfacet
  facet normal 0 0 -1
    outer loop
      vertex 69.6 10 0
      vertex 75.3517 14.3483 0
      vertex 75.3231 14.2341 0
    endloop
  endfacet
  facet normal 0 0 -1
    outer loop
      vertex 69.6 10 0
      vertex 75.3913 14.4592 0
      vertex 75.3517 14.3483 0
    endloop
  endfacet
  facet normal 0 0 -1
    outer loop
      vertex 68 10 0
      vertex 75.3913 14.4592 0
      vertex 69.6 10 0
    endloop
  endfacet
  facet normal -0 0 -1
    outer loop
      vertex 75.3913 14.4592 0
      vertex 68 10 0
      vertex 75.4417 14.5657 0
    endloop
  endfacet
  facet normal 0 0 -1
    outer loop
      vertex 75.5022 14.6667 0
      vertex 68 10 0
      vertex 65.6 10 0
    endloop
  endfacet
  facet normal 0 0 -1
    outer loop
      vertex 65.6 10 0
      vertex 68 10 0
      vertex 65.6 -10 0
    endloop
  endfacet
  facet normal -0 0 -1
    outer loop
      vertex 75.5724 14.7613 0
      vertex 65.6 10 0
      vertex 79 21 0
    endloop
  endfacet
  facet normal 0 0 -1
    outer loop
      vertex 64 10 0
      vertex 79 21 0
      vertex 65.6 10 0
    endloop
  endfacet
  facet normal 0 0 -1
    outer loop
      vertex 61.6 10 0
      vertex 64 10 0
      vertex 61.6 -10 0
    endloop
  endfacet
  facet normal 0 0 -1
    outer loop
      vertex 61.6 10 0
      vertex 79 21 0
      vertex 64 10 0
    endloop
  endfacet
  facet normal 0 0 -1
    outer loop
      vertex 60 10 0
      vertex 79 21 0
      vertex 61.6 10 0
    endloop
  endfacet
  facet normal 0 0 -1
    outer loop
      vertex 57.6 10 0
      vertex 60 10 0
      vertex 57.6 -10 0
    endloop
  endfacet
  facet normal 0 0 -1
    outer loop
      vertex 57.6 10 0
      vertex 79 21 0
      vertex 60 10 0
    endloop
  endfacet
  facet normal 0 0 -1
    outer loop
      vertex 56 10 0
      vertex 79 21 0
      vertex 57.6 10 0
    endloop
  endfacet
  facet normal 0 0 -1
    outer loop
      vertex -17.3231 -13.7659 0
      vertex 56 -10 0
      vertex -17.3058 -13.8824 0
    endloop
  endfacet
  facet normal 0 0 -1
    outer loop
      vertex -17.3058 14.1176 0
      vertex 56 10 0
      vertex -17.3 14 0
    endloop
  endfacet
  facet normal 0 0 -1
    outer loop
      vertex -17.3231 14.2341 0
      vertex 56 10 0
      vertex -17.3058 14.1176 0
    endloop
  endfacet
  facet normal 0 0 -1
    outer loop
      vertex -17.3517 14.3483 0
      vertex 56 10 0
      vertex -17.3231 14.2341 0
    endloop
  endfacet
  facet normal 0 0 -1
    outer loop
      vertex -17.3913 14.4592 0
      vertex 56 10 0
      vertex -17.3517 14.3483 0
    endloop
  endfacet
  facet normal 0 0 -1
    outer loop
      vertex -17.4417 14.5657 0
      vertex 56 10 0
      vertex -17.3913 14.4592 0
    endloop
  endfacet
  facet normal 0 0 -1
    outer loop
      vertex -17.5022 14.6667 0
      vertex 56 10 0
      vertex -17.4417 14.5657 0
    endloop
  endfacet
  facet normal 0 0 -1
    outer loop
      vertex -21 21 0
      vertex 56 10 0
      vertex -17.5022 14.6667 0
    endloop
  endfacet
  facet normal 0 0 -1
    outer loop
      vertex -21 21 0
      vertex -17.5022 14.6667 0
      vertex -17.5724 14.7613 0
    endloop
  endfacet
  facet normal 0 0 -1
    outer loop
      vertex -21 21 0
      vertex -17.5724 14.7613 0
      vertex -17.6515 14.8485 0
    endloop
  endfacet
  facet normal 0 0 -1
    outer loop
      vertex -21 21 0
      vertex -17.6515 14.8485 0
      vertex -17.7387 14.9276 0
    endloop
  endfacet
  facet normal 0 0 -1
    outer loop
      vertex -21 21 0
      vertex -17.7387 14.9276 0
      vertex -17.8333 14.9978 0
    endloop
  endfacet
  facet normal 0 0 -1
    outer loop
      vertex -21 21 0
      vertex -17.8333 14.9978 0
      vertex -17.9343 15.0583 0
    endloop
  endfacet
  facet normal 0 0 -1
    outer loop
      vertex -21 21 0
      vertex -17.9343 15.0583 0
      vertex -18.0408 15.1087 0
    endloop
  endfacet
  facet normal 0 0 -1
    outer loop
      vertex -21 21 0
      vertex -18.0408 15.1087 0
      vertex -18.1517 15.1483 0
    endloop
  endfacet
  facet normal 0 0 -1
    outer loop
      vertex -21 21 0
      vertex -18.1517 15.1483 0
      vertex -18.2659 15.1769 0
    endloop
  endfacet
  facet normal 0 0 -1
    outer loop
      vertex -21 21 0
      vertex -18.2659 15.1769 0
      vertex -18.3824 15.1942 0
    endloop
  endfacet
  facet normal 0 0 -1
    outer loop
      vertex -21 21 0
      vertex -18.3824 15.1942 0
      vertex -18.5 15.2 0
    endloop
  endfacet
  facet normal 0 0 -1
    outer loop
      vertex -21 21 0
      vertex -18.5 15.2 0
      vertex -18.6176 15.1942 0
    endloop
  endfacet
  facet normal 0 0 -1
    outer loop
      vertex 56 10 0
      vertex -21 21 0
      vertex 79 21 0
    endloop
  endfacet
  facet normal 0 0 -1
    outer loop
      vertex -18.7341 15.1769 0
      vertex -21 21 0
      vertex -18.6176 15.1942 0
    endloop
  endfacet
  facet normal 0 0 -1
    outer loop
      vertex -18.8483 15.1483 0
      vertex -21 21 0
      vertex -18.7341 15.1769 0
    endloop
  endfacet
  facet normal 0 0 -1
    outer loop
      vertex -18.9592 15.1087 0
      vertex -21 21 0
      vertex -18.8483 15.1483 0
    endloop
  endfacet
  facet normal 0 0 -1
    outer loop
      vertex -19.0657 15.0583 0
      vertex -21 21 0
      vertex -18.9592 15.1087 0
    endloop
  endfacet
  facet normal 0 0 -1
    outer loop
      vertex -19.1667 14.9978 0
      vertex -21 21 0
      vertex -19.0657 15.0583 0
    endloop
  endfacet
  facet normal 0 0 -1
    outer loop
      vertex -19.2613 14.9276 0
      vertex -21 21 0
      vertex -19.1667 14.9978 0
    endloop
  endfacet
  facet normal 0 0 -1
    outer loop
      vertex -19.3485 14.8485 0
      vertex -21 21 0
      vertex -19.2613 14.9276 0
    endloop
  endfacet
  facet normal 0 0 -1
    outer loop
      vertex -19.4276 14.7613 0
      vertex -21 21 0
      vertex -19.3485 14.8485 0
    endloop
  endfacet
  facet normal 0 0 -1
    outer loop
      vertex -19.4978 14.6667 0
      vertex -21 21 0
      vertex -19.4276 14.7613 0
    endloop
  endfacet
  facet normal 0 0 -1
    outer loop
      vertex -19.5583 14.5657 0
      vertex -21 21 0
      vertex -19.4978 14.6667 0
    endloop
  endfacet
  facet normal 0 0 -1
    outer loop
      vertex -19.6087 14.4592 0
      vertex -21 21 0
      vertex -19.5583 14.5657 0
    endloop
  endfacet
  facet normal 0 0 -1
    outer loop
      vertex -19.6483 14.3483 0
      vertex -21 21 0
      vertex -19.6087 14.4592 0
    endloop
  endfacet
  facet normal 0 0 -1
    outer loop
      vertex -19.6769 14.2341 0
      vertex -21 21 0
      vertex -19.6483 14.3483 0
    endloop
  endfacet
  facet normal 0 0 -1
    outer loop
      vertex -19.6942 14.1176 0
      vertex -21 21 0
      vertex -19.6769 14.2341 0
    endloop
  endfacet
  facet normal 0 0 -1
    outer loop
      vertex -19.7 14 0
      vertex -21 21 0
      vertex -19.6942 14.1176 0
    endloop
  endfacet
  facet normal 0 0 -1
    outer loop
      vertex -19.6942 13.8824 0
      vertex -21 21 0
      vertex -19.7 14 0
    endloop
  endfacet
  facet normal -0 0 1
    outer loop
      vertex -17.3517 13.6517 3.5
      vertex 8.27315 12.5158 3.5
      vertex -17.3231 13.7659 3.5
    endloop
  endfacet
  facet normal 0 0 1
    outer loop
      vertex -12.5158 -8.27315 3.5
      vertex -17.3058 -13.8824 3.5
      vertex -17.3 -14 3.5
    endloop
  endfacet
  facet normal -0 0 1
    outer loop
      vertex -17.3913 13.5408 3.5
      vertex 8.27315 12.5158 3.5
      vertex -17.3517 13.6517 3.5
    endloop
  endfacet
  facet normal 0 0 1
    outer loop
      vertex -12.5158 -8.27315 3.5
      vertex -17.3231 -13.7659 3.5
      vertex -17.3058 -13.8824 3.5
    endloop
  endfacet
  facet normal -0 0 1
    outer loop
      vertex -17.4417 13.4343 3.5
      vertex 8.27315 12.5158 3.5
      vertex -17.3913 13.5408 3.5
    endloop
  endfacet
  facet normal 0 0 1
    outer loop
      vertex -12.5158 -8.27315 3.5
      vertex -17.3517 -13.6517 3.5
      vertex -17.3231 -13.7659 3.5
    endloop
  endfacet
  facet normal -0 0 1
    outer loop
      vertex -17.5022 13.3333 3.5
      vertex 8.27315 12.5158 3.5
      vertex -17.4417 13.4343 3.5
    endloop
  endfacet
  facet normal 0 0 1
    outer loop
      vertex -12.5158 -8.27315 3.5
      vertex -17.3913 -13.5408 3.5
      vertex -17.3517 -13.6517 3.5
    endloop
  endfacet
  facet normal 0 0 1
    outer loop
      vertex 8.27315 12.5158 3.5
      vertex -17.5022 13.3333 3.5
      vertex -12.5158 -8.27315 3.5
    endloop
  endfacet
  facet normal 0 0 1
    outer loop
      vertex -12.5158 -8.27315 3.5
      vertex -17.4417 -13.4343 3.5
      vertex -17.3913 -13.5408 3.5
    endloop
  endfacet
  facet normal -0 0 1
    outer loop
      vertex -17.5724 13.2387 3.5
      vertex -12.5158 -8.27315 3.5
      vertex -17.5022 13.3333 3.5
    endloop
  endfacet
  facet normal 0 0 1
    outer loop
      vertex -12.5158 -8.27315 3.5
      vertex -17.5022 -13.3333 3.5
      vertex -17.4417 -13.4343 3.5
    endloop
  endfacet
  facet normal -0 0 1
    outer loop
      vertex -17.6515 13.1515 3.5
      vertex -12.5158 -8.27315 3.5
      vertex -17.5724 13.2387 3.5
    endloop
  endfacet
  facet normal 0 0 1
    outer loop
      vertex -12.5158 -8.27315 3.5
      vertex -17.5724 -13.2387 3.5
      vertex -17.5022 -13.3333 3.5
    endloop
  endfacet
  facet normal -0 0 1
    outer loop
      vertex -17.7387 13.0724 3.5
      vertex -12.5158 -8.27315 3.5
      vertex -17.6515 13.1515 3.5
    endloop
  endfacet
  facet normal 0 0 1
    outer loop
      vertex -12.5158 -8.27315 3.5
      vertex -17.6515 -13.1515 3.5
      vertex -17.5724 -13.2387 3.5
    endloop
  endfacet
  facet normal -0 0 1
    outer loop
      vertex -17.8333 13.0022 3.5
      vertex -12.5158 -8.27315 3.5
      vertex -17.7387 13.0724 3.5
    endloop
  endfacet
  facet normal 0 0 1
    outer loop
      vertex -12.5158 -8.27315 3.5
      vertex -17.7387 -13.0724 3.5
      vertex -17.6515 -13.1515 3.5
    endloop
  endfacet
  facet normal -0 0 1
    outer loop
      vertex -17.9343 12.9417 3.5
      vertex -12.5158 -8.27315 3.5
      vertex -17.8333 13.0022 3.5
    endloop
  endfacet
  facet normal 0 0 1
    outer loop
      vertex -12.5158 -8.27315 3.5
      vertex -17.8333 -13.0022 3.5
      vertex -17.7387 -13.0724 3.5
    endloop
  endfacet
  facet normal -0 0 1
    outer loop
      vertex -18.0408 12.8913 3.5
      vertex -12.5158 -8.27315 3.5
      vertex -17.9343 12.9417 3.5
    endloop
  endfacet
  facet normal 0 0 1
    outer loop
      vertex -12.5158 -8.27315 3.5
      vertex -17.9343 -12.9417 3.5
      vertex -17.8333 -13.0022 3.5
    endloop
  endfacet
  facet normal -0 0 1
    outer loop
      vertex -18.1517 12.8517 3.5
      vertex -12.5158 -8.27315 3.5
      vertex -18.0408 12.8913 3.5
    endloop
  endfacet
  facet normal 0 0 1
    outer loop
      vertex -12.5158 -8.27315 3.5
      vertex -18.0408 -12.8913 3.5
      vertex -17.9343 -12.9417 3.5
    endloop
  endfacet
  facet normal -0 0 1
    outer loop
      vertex -18.2659 12.8231 3.5
      vertex -12.5158 -8.27315 3.5
      vertex -18.1517 12.8517 3.5
    endloop
  endfacet
  facet normal 0 0 1
    outer loop
      vertex -12.5158 -8.27315 3.5
      vertex -18.1517 -12.8517 3.5
      vertex -18.0408 -12.8913 3.5
    endloop
  endfacet
  facet normal -0 0 1
    outer loop
      vertex -18.3824 12.8058 3.5
      vertex -12.5158 -8.27315 3.5
      vertex -18.2659 12.8231 3.5
    endloop
  endfacet
  facet normal 0 0 1
    outer loop
      vertex -12.5158 -8.27315 3.5
      vertex -18.2659 -12.8231 3.5
      vertex -18.1517 -12.8517 3.5
    endloop
  endfacet
  facet normal -0 0 1
    outer loop
      vertex -18.5 12.8 3.5
      vertex -12.5158 -8.27315 3.5
      vertex -18.3824 12.8058 3.5
    endloop
  endfacet
  facet normal 0 0 1
    outer loop
      vertex -12.5158 -8.27315 3.5
      vertex -18.3824 -12.8058 3.5
      vertex -18.2659 -12.8231 3.5
    endloop
  endfacet
  facet normal 0 0 1
    outer loop
      vertex -18.6176 12.8058 3.5
      vertex -12.5158 -8.27315 3.5
      vertex -18.5 12.8 3.5
    endloop
  endfacet
  facet normal 0 0 1
    outer loop
      vertex -12.5158 -8.27315 3.5
      vertex -18.5 -12.8 3.5
      vertex -18.3824 -12.8058 3.5
    endloop
  endfacet
  facet normal 0 0 1
    outer loop
      vertex -18.7341 12.8231 3.5
      vertex -12.5158 -8.27315 3.5
      vertex -18.6176 12.8058 3.5
    endloop
  endfacet
  facet normal 0 0 1
    outer loop
      vertex -12.5158 -8.27315 3.5
      vertex -18.6176 -12.8058 3.5
      vertex -18.5 -12.8 3.5
    endloop
  endfacet
  facet normal 0 0 1
    outer loop
      vertex -18.8483 12.8517 3.5
      vertex -12.5158 -8.27315 3.5
      vertex -18.7341 12.8231 3.5
    endloop
  endfacet
  facet normal 0 0 1
    outer loop
      vertex -12.5158 -8.27315 3.5
      vertex -18.7341 -12.8231 3.5
      vertex -18.6176 -12.8058 3.5
    endloop
  endfacet
  facet normal 0 0 1
    outer loop
      vertex -18.8483 -12.8517 3.5
      vertex -12.5158 -8.27315 3.5
      vertex -18.8483 12.8517 3.5
    endloop
  endfacet
  facet normal 0 0 1
    outer loop
      vertex -12.5158 -8.27315 3.5
      vertex -18.8483 -12.8517 3.5
      vertex -18.7341 -12.8231 3.5
    endloop
  endfacet
  facet normal 0 0 1
    outer loop
      vertex -18.9592 12.8913 3.5
      vertex -18.8483 -12.8517 3.5
      vertex -18.8483 12.8517 3.5
    endloop
  endfacet
  facet normal 0 0 1
    outer loop
      vertex -18.9592 12.8913 3.5
      vertex -18.9592 -12.8913 3.5
      vertex -18.8483 -12.8517 3.5
    endloop
  endfacet
  facet normal 0 0 1
    outer loop
      vertex -19.0657 12.9417 3.5
      vertex -18.9592 -12.8913 3.5
      vertex -18.9592 12.8913 3.5
    endloop
  endfacet
  facet normal 0 0 1
    outer loop
      vertex -19.0657 12.9417 3.5
      vertex -19.0657 -12.9417 3.5
      vertex -18.9592 -12.8913 3.5
    endloop
  endfacet
  facet normal 0 0 1
    outer loop
      vertex -19.1667 13.0022 3.5
      vertex -19.0657 -12.9417 3.5
      vertex -19.0657 12.9417 3.5
    endloop
  endfacet
  facet normal 0 0 1
    outer loop
      vertex -19.1667 13.0022 3.5
      vertex -19.1667 -13.0022 3.5
      vertex -19.0657 -12.9417 3.5
    endloop
  endfacet
  facet normal 0 0 1
    outer loop
      vertex -19.2613 13.0724 3.5
      vertex -19.1667 -13.0022 3.5
      vertex -19.1667 13.0022 3.5
    endloop
  endfacet
  facet normal 0 0 1
    outer loop
      vertex -19.2613 13.0724 3.5
      vertex -19.2613 -13.0724 3.5
      vertex -19.1667 -13.0022 3.5
    endloop
  endfacet
  facet normal 0 0 1
    outer loop
      vertex -19.3485 13.1515 3.5
      vertex -19.2613 -13.0724 3.5
      vertex -19.2613 13.0724 3.5
    endloop
  endfacet
  facet normal 0 0 1
    outer loop
      vertex -19.3485 13.1515 3.5
      vertex -19.3485 -13.1515 3.5
      vertex -19.2613 -13.0724 3.5
    endloop
  endfacet
  facet normal 0 0 1
    outer loop
      vertex -19.4276 13.2387 3.5
      vertex -19.3485 -13.1515 3.5
      vertex -19.3485 13.1515 3.5
    endloop
  endfacet
  facet normal 0 0 1
    outer loop
      vertex -19.4276 13.2387 3.5
      vertex -19.4276 -13.2387 3.5
      vertex -19.3485 -13.1515 3.5
    endloop
  endfacet
  facet normal 0 0 1
    outer loop
      vertex -19.4978 13.3333 3.5
      vertex -19.4276 -13.2387 3.5
      vertex -19.4276 13.2387 3.5
    endloop
  endfacet
  facet normal 0 0 1
    outer loop
      vertex -19.4978 13.3333 3.5
      vertex -19.4978 -13.3333 3.5
      vertex -19.4276 -13.2387 3.5
    endloop
  endfacet
  facet normal 0 0 1
    outer loop
      vertex -19.5583 13.4343 3.5
      vertex -19.4978 -13.3333 3.5
      vertex -19.4978 13.3333 3.5
    endloop
  endfacet
  facet normal 0 0 1
    outer loop
      vertex -19.5583 13.4343 3.5
      vertex -19.5583 -13.4343 3.5
      vertex -19.4978 -13.3333 3.5
    endloop
  endfacet
  facet normal 0 0 1
    outer loop
      vertex -19.6087 13.5408 3.5
      vertex -19.5583 -13.4343 3.5
      vertex -19.5583 13.4343 3.5
    endloop
  endfacet
  facet normal 0 0 1
    outer loop
      vertex -19.6087 13.5408 3.5
      vertex -19.6087 -13.5408 3.5
      vertex -19.5583 -13.4343 3.5
    endloop
  endfacet
  facet normal 0 0 1
    outer loop
      vertex -19.6483 13.6517 3.5
      vertex -19.6087 -13.5408 3.5
      vertex -19.6087 13.5408 3.5
    endloop
  endfacet
  facet normal 0 0 1
    outer loop
      vertex -19.6483 13.6517 3.5
      vertex -19.6483 -13.6517 3.5
      vertex -19.6087 -13.5408 3.5
    endloop
  endfacet
  facet normal 0 0 1
    outer loop
      vertex -19.6769 13.7659 3.5
      vertex -19.6483 -13.6517 3.5
      vertex -19.6483 13.6517 3.5
    endloop
  endfacet
  facet normal 0 0 1
    outer loop
      vertex -19.6769 13.7659 3.5
      vertex -19.6769 -13.7659 3.5
      vertex -19.6483 -13.6517 3.5
    endloop
  endfacet
  facet normal 0 0 1
    outer loop
      vertex -19.6942 13.8824 3.5
      vertex -19.6769 -13.7659 3.5
      vertex -19.6769 13.7659 3.5
    endloop
  endfacet
  facet normal 0 0 1
    outer loop
      vertex -19.6942 13.8824 3.5
      vertex -19.6942 -13.8824 3.5
      vertex -19.6769 -13.7659 3.5
    endloop
  endfacet
  facet normal 0 0 1
    outer loop
      vertex -21 21 3.5
      vertex -19.6942 13.8824 3.5
      vertex -19.7 14 3.5
    endloop
  endfacet
  facet normal 0 0 1
    outer loop
      vertex -19.6942 13.8824 3.5
      vertex -21 21 3.5
      vertex -19.6942 -13.8824 3.5
    endloop
  endfacet
  facet normal -0 0 1
    outer loop
      vertex 77.6942 -13.8824 3.5
      vertex 79 -21 3.5
      vertex 77.6942 13.8824 3.5
    endloop
  endfacet
  facet normal 0 0 1
    outer loop
      vertex 79 -21 3.5
      vertex 77.6942 -13.8824 3.5
      vertex 77.7 -14 3.5
    endloop
  endfacet
  facet normal -0 0 1
    outer loop
      vertex 77.6769 13.7659 3.5
      vertex 77.6942 -13.8824 3.5
      vertex 77.6942 13.8824 3.5
    endloop
  endfacet
  facet normal 0 0 1
    outer loop
      vertex 77.6769 13.7659 3.5
      vertex 77.6769 -13.7659 3.5
      vertex 77.6942 -13.8824 3.5
    endloop
  endfacet
  facet normal -0 0 1
    outer loop
      vertex 77.6483 13.6517 3.5
      vertex 77.6769 -13.7659 3.5
      vertex 77.6769 13.7659 3.5
    endloop
  endfacet
  facet normal 0 0 1
    outer loop
      vertex 77.6483 13.6517 3.5
      vertex 77.6483 -13.6517 3.5
      vertex 77.6769 -13.7659 3.5
    endloop
  endfacet
  facet normal -0 0 1
    outer loop
      vertex 77.6087 13.5408 3.5
      vertex 77.6483 -13.6517 3.5
      vertex 77.6483 13.6517 3.5
    endloop
  endfacet
  facet normal 0 0 1
    outer loop
      vertex 77.6087 13.5408 3.5
      vertex 77.6087 -13.5408 3.5
      vertex 77.6483 -13.6517 3.5
    endloop
  endfacet
  facet normal -0 0 1
    outer loop
      vertex 77.5583 13.4343 3.5
      vertex 77.6087 -13.5408 3.5
      vertex 77.6087 13.5408 3.5
    endloop
  endfacet
  facet normal 0 0 1
    outer loop
      vertex 77.5583 13.4343 3.5
      vertex 77.5583 -13.4343 3.5
      vertex 77.6087 -13.5408 3.5
    endloop
  endfacet
  facet normal -0 0 1
    outer loop
      vertex 77.4978 13.3333 3.5
      vertex 77.5583 -13.4343 3.5
      vertex 77.5583 13.4343 3.5
    endloop
  endfacet
  facet normal 0 0 1
    outer loop
      vertex 77.4978 13.3333 3.5
      vertex 77.4978 -13.3333 3.5
      vertex 77.5583 -13.4343 3.5
    endloop
  endfacet
  facet normal -0 0 1
    outer loop
      vertex 77.4276 13.2387 3.5
      vertex 77.4978 -13.3333 3.5
      vertex 77.4978 13.3333 3.5
    endloop
  endfacet
  facet normal 0 0 1
    outer loop
      vertex 77.4276 13.2387 3.5
      vertex 77.4276 -13.2387 3.5
      vertex 77.4978 -13.3333 3.5
    endloop
  endfacet
  facet normal -0 0 1
    outer loop
      vertex 77.3485 13.1515 3.5
      vertex 77.4276 -13.2387 3.5
      vertex 77.4276 13.2387 3.5
    endloop
  endfacet
  facet normal 0 0 1
    outer loop
      vertex 77.3485 13.1515 3.5
      vertex 77.3485 -13.1515 3.5
      vertex 77.4276 -13.2387 3.5
    endloop
  endfacet
  facet normal -0 0 1
    outer loop
      vertex 77.2613 13.0724 3.5
      vertex 77.3485 -13.1515 3.5
      vertex 77.3485 13.1515 3.5
    endloop
  endfacet
  facet normal 0 0 1
    outer loop
      vertex 77.2613 13.0724 3.5
      vertex 77.2613 -13.0724 3.5
      vertex 77.3485 -13.1515 3.5
    endloop
  endfacet
  facet normal -0 0 1
    outer loop
      vertex 77.1667 13.0022 3.5
      vertex 77.2613 -13.0724 3.5
      vertex 77.2613 13.0724 3.5
    endloop
  endfacet
  facet normal 0 0 1
    outer loop
      vertex 77.1667 13.0022 3.5
      vertex 77.1667 -13.0022 3.5
      vertex 77.2613 -13.0724 3.5
    endloop
  endfacet
  facet normal -0 0 1
    outer loop
      vertex 77.0657 12.9417 3.5
      vertex 77.1667 -13.0022 3.5
      vertex 77.1667 13.0022 3.5
    endloop
  endfacet
  facet normal 0 0 1
    outer loop
      vertex 77.0657 12.9417 3.5
      vertex 77.0657 -12.9417 3.5
      vertex 77.1667 -13.0022 3.5
    endloop
  endfacet
  facet normal -0 0 1
    outer loop
      vertex 76.9592 12.8913 3.5
      vertex 77.0657 -12.9417 3.5
      vertex 77.0657 12.9417 3.5
    endloop
  endfacet
  facet normal 0 0 1
    outer loop
      vertex 76.9592 12.8913 3.5
      vertex 76.9592 -12.8913 3.5
      vertex 77.0657 -12.9417 3.5
    endloop
  endfacet
  facet normal -0 0 1
    outer loop
      vertex 76.8483 12.8517 3.5
      vertex 76.9592 -12.8913 3.5
      vertex 76.9592 12.8913 3.5
    endloop
  endfacet
  facet normal 0 0 1
    outer loop
      vertex 76.8483 12.8517 3.5
      vertex 76.8483 -12.8517 3.5
      vertex 76.9592 -12.8913 3.5
    endloop
  endfacet
  facet normal -0 0 1
    outer loop
      vertex 76.7341 12.8231 3.5
      vertex 76.8483 -12.8517 3.5
      vertex 76.8483 12.8517 3.5
    endloop
  endfacet
  facet normal 0 0 1
    outer loop
      vertex 76.7341 12.8231 3.5
      vertex 76.7341 -12.8231 3.5
      vertex 76.8483 -12.8517 3.5
    endloop
  endfacet
  facet normal -0 0 1
    outer loop
      vertex 76.6176 12.8058 3.5
      vertex 76.7341 -12.8231 3.5
      vertex 76.7341 12.8231 3.5
    endloop
  endfacet
  facet normal 0 0 1
    outer loop
      vertex 76.6176 12.8058 3.5
      vertex 76.6176 -12.8058 3.5
      vertex 76.7341 -12.8231 3.5
    endloop
  endfacet
  facet normal 0 0 1
    outer loop
      vertex 69.6 10 3.5
      vertex 76.6176 12.8058 3.5
      vertex 76.5 12.8 3.5
    endloop
  endfacet
  facet normal 0 0 1
    outer loop
      vertex 76.6176 12.8058 3.5
      vertex 69.6 10 3.5
      vertex 76.6176 -12.8058 3.5
    endloop
  endfacet
  facet normal 0 0 1
    outer loop
      vertex 69.6 10 3.5
      vertex 76.5 12.8 3.5
      vertex 76.3824 12.8058 3.5
    endloop
  endfacet
  facet normal -0 0 1
    outer loop
      vertex 69.6 -10 3.5
      vertex 76.6176 -12.8058 3.5
      vertex 69.6 10 3.5
    endloop
  endfacet
  facet normal 0 0 1
    outer loop
      vertex 69.6 10 3.5
      vertex 76.3824 12.8058 3.5
      vertex 76.2659 12.8231 3.5
    endloop
  endfacet
  facet normal 0 0 1
    outer loop
      vertex 76.6176 -12.8058 3.5
      vertex 69.6 -10 3.5
      vertex 76.5 -12.8 3.5
    endloop
  endfacet
  facet normal 0 0 1
    outer loop
      vertex 69.6 10 3.5
      vertex 76.2659 12.8231 3.5
      vertex 76.1517 12.8517 3.5
    endloop
  endfacet
  facet normal 0 0 1
    outer loop
      vertex 76.5 -12.8 3.5
      vertex 69.6 -10 3.5
      vertex 76.3824 -12.8058 3.5
    endloop
  endfacet
  facet normal 0 0 1
    outer loop
      vertex 69.6 10 3.5
      vertex 76.1517 12.8517 3.5
      vertex 76.0408 12.8913 3.5
    endloop
  endfacet
  facet normal 0 0 1
    outer loop
      vertex 76.3824 -12.8058 3.5
      vertex 69.6 -10 3.5
      vertex 76.2659 -12.8231 3.5
    endloop
  endfacet
  facet normal 0 0 1
    outer loop
      vertex 69.6 10 3.5
      vertex 76.0408 12.8913 3.5
      vertex 75.9343 12.9417 3.5
    endloop
  endfacet
  facet normal 0 0 1
    outer loop
      vertex 76.2659 -12.8231 3.5
      vertex 69.6 -10 3.5
      vertex 76.1517 -12.8517 3.5
    endloop
  endfacet
  facet normal 0 0 1
    outer loop
      vertex 69.6 10 3.5
      vertex 75.9343 12.9417 3.5
      vertex 75.8333 13.0022 3.5
    endloop
  endfacet
  facet normal 0 0 1
    outer loop
      vertex 76.1517 -12.8517 3.5
      vertex 69.6 -10 3.5
      vertex 76.0408 -12.8913 3.5
    endloop
  endfacet
  facet normal 0 0 1
    outer loop
      vertex 69.6 10 3.5
      vertex 75.8333 13.0022 3.5
      vertex 75.7387 13.0724 3.5
    endloop
  endfacet
  facet normal 0 0 1
    outer loop
      vertex 76.0408 -12.8913 3.5
      vertex 69.6 -10 3.5
      vertex 75.9343 -12.9417 3.5
    endloop
  endfacet
  facet normal 0 0 1
    outer loop
      vertex 69.6 10 3.5
      vertex 75.7387 13.0724 3.5
      vertex 75.6515 13.1515 3.5
    endloop
  endfacet
  facet normal 0 0 1
    outer loop
      vertex 75.9343 -12.9417 3.5
      vertex 69.6 -10 3.5
      vertex 75.8333 -13.0022 3.5
    endloop
  endfacet
  facet normal 0 0 1
    outer loop
      vertex 69.6 10 3.5
      vertex 75.6515 13.1515 3.5
      vertex 75.5724 13.2387 3.5
    endloop
  endfacet
  facet normal 0 0 1
    outer loop
      vertex 75.8333 -13.0022 3.5
      vertex 69.6 -10 3.5
      vertex 75.7387 -13.0724 3.5
    endloop
  endfacet
  facet normal 0 0 1
    outer loop
      vertex 69.6 10 3.5
      vertex 75.5724 13.2387 3.5
      vertex 75.5022 13.3333 3.5
    endloop
  endfacet
  facet normal 0 0 1
    outer loop
      vertex 75.7387 -13.0724 3.5
      vertex 69.6 -10 3.5
      vertex 75.6515 -13.1515 3.5
    endloop
  endfacet
  facet normal 0 0 1
    outer loop
      vertex 69.6 10 3.5
      vertex 75.5022 13.3333 3.5
      vertex 75.4417 13.4343 3.5
    endloop
  endfacet
  facet normal 0 0 1
    outer loop
      vertex 75.6515 -13.1515 3.5
      vertex 69.6 -10 3.5
      vertex 75.5724 -13.2387 3.5
    endloop
  endfacet
  facet normal 0 0 1
    outer loop
      vertex 69.6 10 3.5
      vertex 75.4417 13.4343 3.5
      vertex 75.3913 13.5408 3.5
    endloop
  endfacet
  facet normal 0 0 1
    outer loop
      vertex 75.5724 -13.2387 3.5
      vertex 69.6 -10 3.5
      vertex 75.5022 -13.3333 3.5
    endloop
  endfacet
  facet normal 0 0 1
    outer loop
      vertex 69.6 10 3.5
      vertex 75.3913 13.5408 3.5
      vertex 75.3517 13.6517 3.5
    endloop
  endfacet
  facet normal 0 0 1
    outer loop
      vertex 75.5022 -13.3333 3.5
      vertex 69.6 -10 3.5
      vertex 75.4417 -13.4343 3.5
    endloop
  endfacet
  facet normal 0 0 1
    outer loop
      vertex 69.6 10 3.5
      vertex 75.3517 13.6517 3.5
      vertex 75.3231 13.7659 3.5
    endloop
  endfacet
  facet normal 0 0 1
    outer loop
      vertex 75.4417 -13.4343 3.5
      vertex 69.6 -10 3.5
      vertex 75.3913 -13.5408 3.5
    endloop
  endfacet
  facet normal 0 0 1
    outer loop
      vertex 69.6 10 3.5
      vertex 75.3231 13.7659 3.5
      vertex 75.3058 13.8824 3.5
    endloop
  endfacet
  facet normal 0 0 1
    outer loop
      vertex 75.3913 -13.5408 3.5
      vertex 69.6 -10 3.5
      vertex 75.3517 -13.6517 3.5
    endloop
  endfacet
  facet normal 0 0 1
    outer loop
      vertex 69.6 10 3.5
      vertex 75.3058 13.8824 3.5
      vertex 75.3 14 3.5
    endloop
  endfacet
  facet normal 0 0 1
    outer loop
      vertex 75.3517 -13.6517 3.5
      vertex 69.6 -10 3.5
      vertex 75.3231 -13.7659 3.5
    endloop
  endfacet
  facet normal 0 0 1
    outer loop
      vertex 77.6942 13.8824 3.5
      vertex 79 21 3.5
      vertex 77.7 14 3.5
    endloop
  endfacet
  facet normal 0 0 1
    outer loop
      vertex 79 21 3.5
      vertex 77.6942 14.1176 3.5
      vertex 77.7 14 3.5
    endloop
  endfacet
  facet normal 0 0 1
    outer loop
      vertex 79 21 3.5
      vertex 77.6769 14.2341 3.5
      vertex 77.6942 14.1176 3.5
    endloop
  endfacet
  facet normal 0 0 1
    outer loop
      vertex 79 21 3.5
      vertex 77.6483 14.3483 3.5
      vertex 77.6769 14.2341 3.5
    endloop
  endfacet
  facet normal 0 0 1
    outer loop
      vertex 79 21 3.5
      vertex 77.6087 14.4592 3.5
      vertex 77.6483 14.3483 3.5
    endloop
  endfacet
  facet normal 0 0 1
    outer loop
      vertex 79 21 3.5
      vertex 77.5583 14.5657 3.5
      vertex 77.6087 14.4592 3.5
    endloop
  endfacet
  facet normal 0 0 1
    outer loop
      vertex 79 21 3.5
      vertex 77.4978 14.6667 3.5
      vertex 77.5583 14.5657 3.5
    endloop
  endfacet
  facet normal 0 0 1
    outer loop
      vertex 79 21 3.5
      vertex 77.4276 14.7613 3.5
      vertex 77.4978 14.6667 3.5
    endloop
  endfacet
  facet normal 0 0 1
    outer loop
      vertex 79 21 3.5
      vertex 77.3485 14.8485 3.5
      vertex 77.4276 14.7613 3.5
    endloop
  endfacet
  facet normal 0 0 1
    outer loop
      vertex 79 21 3.5
      vertex 77.2613 14.9276 3.5
      vertex 77.3485 14.8485 3.5
    endloop
  endfacet
  facet normal 0 0 1
    outer loop
      vertex 79 21 3.5
      vertex 77.1667 14.9978 3.5
      vertex 77.2613 14.9276 3.5
    endloop
  endfacet
  facet normal 0 0 1
    outer loop
      vertex 79 21 3.5
      vertex 77.0657 15.0583 3.5
      vertex 77.1667 14.9978 3.5
    endloop
  endfacet
  facet normal 0 0 1
    outer loop
      vertex 79 21 3.5
      vertex 76.9592 15.1087 3.5
      vertex 77.0657 15.0583 3.5
    endloop
  endfacet
  facet normal 0 0 1
    outer loop
      vertex 79 21 3.5
      vertex 76.8483 15.1483 3.5
      vertex 76.9592 15.1087 3.5
    endloop
  endfacet
  facet normal 0 0 1
    outer loop
      vertex 79 21 3.5
      vertex 76.7341 15.1769 3.5
      vertex 76.8483 15.1483 3.5
    endloop
  endfacet
  facet normal 0 0 1
    outer loop
      vertex 79 21 3.5
      vertex 76.6176 15.1942 3.5
      vertex 76.7341 15.1769 3.5
    endloop
  endfacet
  facet normal 0 0 1
    outer loop
      vertex 79 21 3.5
      vertex 76.5 15.2 3.5
      vertex 76.6176 15.1942 3.5
    endloop
  endfacet
  facet normal 0 0 1
    outer loop
      vertex 79 21 3.5
      vertex 76.3824 15.1942 3.5
      vertex 76.5 15.2 3.5
    endloop
  endfacet
  facet normal 0 0 1
    outer loop
      vertex 79 21 3.5
      vertex 76.2659 15.1769 3.5
      vertex 76.3824 15.1942 3.5
    endloop
  endfacet
  facet normal 0 0 1
    outer loop
      vertex 79 21 3.5
      vertex 76.1517 15.1483 3.5
      vertex 76.2659 15.1769 3.5
    endloop
  endfacet
  facet normal 0 0 1
    outer loop
      vertex 79 21 3.5
      vertex 76.0408 15.1087 3.5
      vertex 76.1517 15.1483 3.5
    endloop
  endfacet
  facet normal 0 0 1
    outer loop
      vertex 79 21 3.5
      vertex 75.9343 15.0583 3.5
      vertex 76.0408 15.1087 3.5
    endloop
  endfacet
  facet normal 0 0 1
    outer loop
      vertex 79 21 3.5
      vertex 75.8333 14.9978 3.5
      vertex 75.9343 15.0583 3.5
    endloop
  endfacet
  facet normal 0 0 1
    outer loop
      vertex 79 21 3.5
      vertex 75.7387 14.9276 3.5
      vertex 75.8333 14.9978 3.5
    endloop
  endfacet
  facet normal 0 0 1
    outer loop
      vertex 79 21 3.5
      vertex 75.6515 14.8485 3.5
      vertex 75.7387 14.9276 3.5
    endloop
  endfacet
  facet normal 0 0 1
    outer loop
      vertex 79 21 3.5
      vertex 75.5724 14.7613 3.5
      vertex 75.6515 14.8485 3.5
    endloop
  endfacet
  facet normal 0 0 1
    outer loop
      vertex 65.6 10 3.5
      vertex 75.5724 14.7613 3.5
      vertex 79 21 3.5
    endloop
  endfacet
  facet normal 0 0 1
    outer loop
      vertex 75.5724 14.7613 3.5
      vertex 65.6 10 3.5
      vertex 75.5022 14.6667 3.5
    endloop
  endfacet
  facet normal 0 0 1
    outer loop
      vertex 75.3231 -13.7659 3.5
      vertex 69.6 -10 3.5
      vertex 75.3058 -13.8824 3.5
    endloop
  endfacet
  facet normal 0 0 1
    outer loop
      vertex 75.3058 14.1176 3.5
      vertex 69.6 10 3.5
      vertex 75.3 14 3.5
    endloop
  endfacet
  facet normal 0 0 1
    outer loop
      vertex 75.3231 14.2341 3.5
      vertex 69.6 10 3.5
      vertex 75.3058 14.1176 3.5
    endloop
  endfacet
  facet normal 0 0 1
    outer loop
      vertex 75.3517 14.3483 3.5
      vertex 69.6 10 3.5
      vertex 75.3231 14.2341 3.5
    endloop
  endfacet
  facet normal 0 0 1
    outer loop
      vertex 75.3913 14.4592 3.5
      vertex 69.6 10 3.5
      vertex 75.3517 14.3483 3.5
    endloop
  endfacet
  facet normal 0 0 1
    outer loop
      vertex 68 10 3.5
      vertex 75.3913 14.4592 3.5
      vertex 75.4417 14.5657 3.5
    endloop
  endfacet
  facet normal 0 -0 1
    outer loop
      vertex 68 10 3.5
      vertex 75.5022 14.6667 3.5
      vertex 65.6 10 3.5
    endloop
  endfacet
  facet normal 0 0 1
    outer loop
      vertex 75.3913 14.4592 3.5
      vertex 68 10 3.5
      vertex 69.6 10 3.5
    endloop
  endfacet
  facet normal 0 0 1
    outer loop
      vertex 68 10 3.5
      vertex 65.6 10 3.5
      vertex 68 -10 3.5
    endloop
  endfacet
  facet normal 0 0 1
    outer loop
      vertex 75.5022 14.6667 3.5
      vertex 68 10 3.5
      vertex 75.4417 14.5657 3.5
    endloop
  endfacet
  facet normal 0 0 1
    outer loop
      vertex 79 21 3.5
      vertex 64 10 3.5
      vertex 65.6 10 3.5
    endloop
  endfacet
  facet normal 0 0 1
    outer loop
      vertex 64 10 3.5
      vertex 61.6 10 3.5
      vertex 64 -10 3.5
    endloop
  endfacet
  facet normal 0 0 1
    outer loop
      vertex 79 21 3.5
      vertex 61.6 10 3.5
      vertex 64 10 3.5
    endloop
  endfacet
  facet normal 0 0 1
    outer loop
      vertex 79 21 3.5
      vertex 60 10 3.5
      vertex 61.6 10 3.5
    endloop
  endfacet
  facet normal 0 0 1
    outer loop
      vertex 60 10 3.5
      vertex 57.6 10 3.5
      vertex 60 -10 3.5
    endloop
  endfacet
  facet normal 0 0 1
    outer loop
      vertex 79 21 3.5
      vertex 57.6 10 3.5
      vertex 60 10 3.5
    endloop
  endfacet
  facet normal 0 0 1
    outer loop
      vertex 79 21 3.5
      vertex 56 10 3.5
      vertex 57.6 10 3.5
    endloop
  endfacet
  facet normal 0 0 1
    outer loop
      vertex 56 10 3.5
      vertex 21.7 8 3.5
      vertex 56 -10 3.5
    endloop
  endfacet
  facet normal -0 0 1
    outer loop
      vertex 8.27315 12.5158 3.5
      vertex 56 10 3.5
      vertex 79 21 3.5
    endloop
  endfacet
  facet normal 0 0 1
    outer loop
      vertex 56 10 3.5
      vertex 8.27315 12.5158 3.5
      vertex 21.7 8 3.5
    endloop
  endfacet
  facet normal 0 0 1
    outer loop
      vertex 14.3 8 3.5
      vertex 12.5158 8.27315 3.5
      vertex 14.3 -8 3.5
    endloop
  endfacet
  facet normal 0 0 1
    outer loop
      vertex 21.7 8 3.5
      vertex 8.27315 12.5158 3.5
      vertex 14.3 8 3.5
    endloop
  endfacet
  facet normal 0 0 1
    outer loop
      vertex 14.3 8 3.5
      vertex 8.27315 12.5158 3.5
      vertex 12.5158 8.27315 3.5
    endloop
  endfacet
  facet normal -0 0 1
    outer loop
      vertex -17.3058 13.8824 3.5
      vertex 8.27315 12.5158 3.5
      vertex -17.3 14 3.5
    endloop
  endfacet
  facet normal -0 0 1
    outer loop
      vertex -21 21 3.5
      vertex 8.27315 12.5158 3.5
      vertex 79 21 3.5
    endloop
  endfacet
  facet normal 0 0 1
    outer loop
      vertex 8.27315 12.5158 3.5
      vertex -17.3058 14.1176 3.5
      vertex -17.3 14 3.5
    endloop
  endfacet
  facet normal 0 0 1
    outer loop
      vertex 8.27315 12.5158 3.5
      vertex -17.3231 14.2341 3.5
      vertex -17.3058 14.1176 3.5
    endloop
  endfacet
  facet normal 0 0 1
    outer loop
      vertex 8.27315 12.5158 3.5
      vertex -17.3517 14.3483 3.5
      vertex -17.3231 14.2341 3.5
    endloop
  endfacet
  facet normal 0 0 1
    outer loop
      vertex 8.27315 12.5158 3.5
      vertex -17.3913 14.4592 3.5
      vertex -17.3517 14.3483 3.5
    endloop
  endfacet
  facet normal 0 0 1
    outer loop
      vertex 8.27315 12.5158 3.5
      vertex -17.4417 14.5657 3.5
      vertex -17.3913 14.4592 3.5
    endloop
  endfacet
  facet normal 0 0 1
    outer loop
      vertex 8.27315 12.5158 3.5
      vertex -17.5022 14.6667 3.5
      vertex -17.4417 14.5657 3.5
    endloop
  endfacet
  facet normal -0 -0 1
    outer loop
      vertex -17.5724 14.7613 3.5
      vertex 8.27315 12.5158 3.5
      vertex -21 21 3.5
    endloop
  endfacet
  facet normal 0 0 1
    outer loop
      vertex 8.27315 12.5158 3.5
      vertex -17.5724 14.7613 3.5
      vertex -17.5022 14.6667 3.5
    endloop
  endfacet
  facet normal 0 0 1
    outer loop
      vertex -17.5724 14.7613 3.5
      vertex -21 21 3.5
      vertex -17.6515 14.8485 3.5
    endloop
  endfacet
  facet normal 0 0 1
    outer loop
      vertex -17.6515 14.8485 3.5
      vertex -21 21 3.5
      vertex -17.7387 14.9276 3.5
    endloop
  endfacet
  facet normal 0 0 1
    outer loop
      vertex -17.7387 14.9276 3.5
      vertex -21 21 3.5
      vertex -17.8333 14.9978 3.5
    endloop
  endfacet
  facet normal 0 0 1
    outer loop
      vertex -17.8333 14.9978 3.5
      vertex -21 21 3.5
      vertex -17.9343 15.0583 3.5
    endloop
  endfacet
  facet normal 0 0 1
    outer loop
      vertex -17.9343 15.0583 3.5
      vertex -21 21 3.5
      vertex -18.0408 15.1087 3.5
    endloop
  endfacet
  facet normal 0 0 1
    outer loop
      vertex -18.0408 15.1087 3.5
      vertex -21 21 3.5
      vertex -18.1517 15.1483 3.5
    endloop
  endfacet
  facet normal 0 0 1
    outer loop
      vertex -18.1517 15.1483 3.5
      vertex -21 21 3.5
      vertex -18.2659 15.1769 3.5
    endloop
  endfacet
  facet normal 0 0 1
    outer loop
      vertex -18.2659 15.1769 3.5
      vertex -21 21 3.5
      vertex -18.3824 15.1942 3.5
    endloop
  endfacet
  facet normal 0 0 1
    outer loop
      vertex -18.3824 15.1942 3.5
      vertex -21 21 3.5
      vertex -18.5 15.2 3.5
    endloop
  endfacet
  facet normal 0 0 1
    outer loop
      vertex -21 -21 3.5
      vertex -19.6942 -13.8824 3.5
      vertex -21 21 3.5
    endloop
  endfacet
  facet normal 0 0 1
    outer loop
      vertex -19.6942 14.1176 3.5
      vertex -21 21 3.5
      vertex -19.7 14 3.5
    endloop
  endfacet
  facet normal 0 0 1
    outer loop
      vertex -19.6769 14.2341 3.5
      vertex -21 21 3.5
      vertex -19.6942 14.1176 3.5
    endloop
  endfacet
  facet normal 0 0 1
    outer loop
      vertex -19.6483 14.3483 3.5
      vertex -21 21 3.5
      vertex -19.6769 14.2341 3.5
    endloop
  endfacet
  facet normal 0 0 1
    outer loop
      vertex -19.6087 14.4592 3.5
      vertex -21 21 3.5
      vertex -19.6483 14.3483 3.5
    endloop
  endfacet
  facet normal 0 0 1
    outer loop
      vertex -19.5583 14.5657 3.5
      vertex -21 21 3.5
      vertex -19.6087 14.4592 3.5
    endloop
  endfacet
  facet normal 0 0 1
    outer loop
      vertex -19.4978 14.6667 3.5
      vertex -21 21 3.5
      vertex -19.5583 14.5657 3.5
    endloop
  endfacet
  facet normal 0 0 1
    outer loop
      vertex -19.4276 14.7613 3.5
      vertex -21 21 3.5
      vertex -19.4978 14.6667 3.5
    endloop
  endfacet
  facet normal 0 0 1
    outer loop
      vertex -19.3485 14.8485 3.5
      vertex -21 21 3.5
      vertex -19.4276 14.7613 3.5
    endloop
  endfacet
  facet normal 0 0 1
    outer loop
      vertex -19.2613 14.9276 3.5
      vertex -21 21 3.5
      vertex -19.3485 14.8485 3.5
    endloop
  endfacet
  facet normal 0 0 1
    outer loop
      vertex -19.1667 14.9978 3.5
      vertex -21 21 3.5
      vertex -19.2613 14.9276 3.5
    endloop
  endfacet
  facet normal 0 0 1
    outer loop
      vertex -19.0657 15.0583 3.5
      vertex -21 21 3.5
      vertex -19.1667 14.9978 3.5
    endloop
  endfacet
  facet normal 0 0 1
    outer loop
      vertex -18.9592 15.1087 3.5
      vertex -21 21 3.5
      vertex -19.0657 15.0583 3.5
    endloop
  endfacet
  facet normal 0 0 1
    outer loop
      vertex -18.8483 15.1483 3.5
      vertex -21 21 3.5
      vertex -18.9592 15.1087 3.5
    endloop
  endfacet
  facet normal 0 0 1
    outer loop
      vertex -18.7341 15.1769 3.5
      vertex -21 21 3.5
      vertex -18.8483 15.1483 3.5
    endloop
  endfacet
  facet normal 0 0 1
    outer loop
      vertex -18.6176 15.1942 3.5
      vertex -21 21 3.5
      vertex -18.7341 15.1769 3.5
    endloop
  endfacet
  facet normal 0 0 1
    outer loop
      vertex -18.5 15.2 3.5
      vertex -21 21 3.5
      vertex -18.6176 15.1942 3.5
    endloop
  endfacet
  facet normal 0 0 1
    outer loop
      vertex 79 21 3.5
      vertex 77.6942 13.8824 3.5
      vertex 79 -21 3.5
    endloop
  endfacet
  facet normal -0 0 1
    outer loop
      vertex 77.6942 -14.1176 3.5
      vertex 79 -21 3.5
      vertex 77.7 -14 3.5
    endloop
  endfacet
  facet normal -0 0 1
    outer loop
      vertex 77.6769 -14.2341 3.5
      vertex 79 -21 3.5
      vertex 77.6942 -14.1176 3.5
    endloop
  endfacet
  facet normal -0 0 1
    outer loop
      vertex 77.6483 -14.3483 3.5
      vertex 79 -21 3.5
      vertex 77.6769 -14.2341 3.5
    endloop
  endfacet
  facet normal -0 0 1
    outer loop
      vertex 77.6087 -14.4592 3.5
      vertex 79 -21 3.5
      vertex 77.6483 -14.3483 3.5
    endloop
  endfacet
  facet normal -0 0 1
    outer loop
      vertex 77.5583 -14.5657 3.5
      vertex 79 -21 3.5
      vertex 77.6087 -14.4592 3.5
    endloop
  endfacet
  facet normal -0 0 1
    outer loop
      vertex 77.4978 -14.6667 3.5
      vertex 79 -21 3.5
      vertex 77.5583 -14.5657 3.5
    endloop
  endfacet
  facet normal -0 0 1
    outer loop
      vertex 77.4276 -14.7613 3.5
      vertex 79 -21 3.5
      vertex 77.4978 -14.6667 3.5
    endloop
  endfacet
  facet normal -0 0 1
    outer loop
      vertex 77.3485 -14.8485 3.5
      vertex 79 -21 3.5
      vertex 77.4276 -14.7613 3.5
    endloop
  endfacet
  facet normal -0 0 1
    outer loop
      vertex 77.2613 -14.9276 3.5
      vertex 79 -21 3.5
      vertex 77.3485 -14.8485 3.5
    endloop
  endfacet
  facet normal -0 0 1
    outer loop
      vertex 77.1667 -14.9978 3.5
      vertex 79 -21 3.5
      vertex 77.2613 -14.9276 3.5
    endloop
  endfacet
  facet normal -0 0 1
    outer loop
      vertex 77.0657 -15.0583 3.5
      vertex 79 -21 3.5
      vertex 77.1667 -14.9978 3.5
    endloop
  endfacet
  facet normal -0 0 1
    outer loop
      vertex 76.9592 -15.1087 3.5
      vertex 79 -21 3.5
      vertex 77.0657 -15.0583 3.5
    endloop
  endfacet
  facet normal -0 0 1
    outer loop
      vertex 76.8483 -15.1483 3.5
      vertex 79 -21 3.5
      vertex 76.9592 -15.1087 3.5
    endloop
  endfacet
  facet normal -0 0 1
    outer loop
      vertex 76.7341 -15.1769 3.5
      vertex 79 -21 3.5
      vertex 76.8483 -15.1483 3.5
    endloop
  endfacet
  facet normal -0 0 1
    outer loop
      vertex 76.6176 -15.1942 3.5
      vertex 79 -21 3.5
      vertex 76.7341 -15.1769 3.5
    endloop
  endfacet
  facet normal -0 0 1
    outer loop
      vertex 76.5 -15.2 3.5
      vertex 79 -21 3.5
      vertex 76.6176 -15.1942 3.5
    endloop
  endfacet
  facet normal 0 0 1
    outer loop
      vertex 76.3824 -15.1942 3.5
      vertex 79 -21 3.5
      vertex 76.5 -15.2 3.5
    endloop
  endfacet
  facet normal 0 0 1
    outer loop
      vertex 76.2659 -15.1769 3.5
      vertex 79 -21 3.5
      vertex 76.3824 -15.1942 3.5
    endloop
  endfacet
  facet normal 0 0 1
    outer loop
      vertex 76.1517 -15.1483 3.5
      vertex 79 -21 3.5
      vertex 76.2659 -15.1769 3.5
    endloop
  endfacet
  facet normal 0 0 1
    outer loop
      vertex 76.0408 -15.1087 3.5
      vertex 79 -21 3.5
      vertex 76.1517 -15.1483 3.5
    endloop
  endfacet
  facet normal 0 0 1
    outer loop
      vertex 75.9343 -15.0583 3.5
      vertex 79 -21 3.5
      vertex 76.0408 -15.1087 3.5
    endloop
  endfacet
  facet normal 0 0 1
    outer loop
      vertex 75.8333 -14.9978 3.5
      vertex 79 -21 3.5
      vertex 75.9343 -15.0583 3.5
    endloop
  endfacet
  facet normal 0 0 1
    outer loop
      vertex 75.7387 -14.9276 3.5
      vertex 79 -21 3.5
      vertex 75.8333 -14.9978 3.5
    endloop
  endfacet
  facet normal 0 0 1
    outer loop
      vertex 75.6515 -14.8485 3.5
      vertex 79 -21 3.5
      vertex 75.7387 -14.9276 3.5
    endloop
  endfacet
  facet normal 0 0 1
    outer loop
      vertex 75.5724 -14.7613 3.5
      vertex 79 -21 3.5
      vertex 75.6515 -14.8485 3.5
    endloop
  endfacet
  facet normal 0 0 1
    outer loop
      vertex 65.6 -10 3.5
      vertex 75.5724 -14.7613 3.5
      vertex 75.5022 -14.6667 3.5
    endloop
  endfacet
  facet normal 0 0 1
    outer loop
      vertex 68 -10 3.5
      vertex 75.5022 -14.6667 3.5
      vertex 75.4417 -14.5657 3.5
    endloop
  endfacet
  facet normal 0 0 1
    outer loop
      vertex 75.3058 -13.8824 3.5
      vertex 69.6 -10 3.5
      vertex 75.3 -14 3.5
    endloop
  endfacet
  facet normal 0 0 1
    outer loop
      vertex 75.3 -14 3.5
      vertex 69.6 -10 3.5
      vertex 75.3058 -14.1176 3.5
    endloop
  endfacet
  facet normal 0 0 1
    outer loop
      vertex 75.3058 -14.1176 3.5
      vertex 69.6 -10 3.5
      vertex 75.3231 -14.2341 3.5
    endloop
  endfacet
  facet normal 0 0 1
    outer loop
      vertex 69.6 -10 3.5
      vertex 75.3517 -14.3483 3.5
      vertex 75.3231 -14.2341 3.5
    endloop
  endfacet
  facet normal 0 0 1
    outer loop
      vertex 69.6 -10 3.5
      vertex 75.3913 -14.4592 3.5
      vertex 75.3517 -14.3483 3.5
    endloop
  endfacet
  facet normal -0 0 1
    outer loop
      vertex 68 -10 3.5
      vertex 75.3913 -14.4592 3.5
      vertex 69.6 -10 3.5
    endloop
  endfacet
  facet normal 0 0 1
    outer loop
      vertex 75.3913 -14.4592 3.5
      vertex 68 -10 3.5
      vertex 75.4417 -14.5657 3.5
    endloop
  endfacet
  facet normal 0 0 1
    outer loop
      vertex 75.5022 -14.6667 3.5
      vertex 68 -10 3.5
      vertex 65.6 -10 3.5
    endloop
  endfacet
  facet normal 0 0 1
    outer loop
      vertex 65.6 -10 3.5
      vertex 68 -10 3.5
      vertex 65.6 10 3.5
    endloop
  endfacet
  facet normal 0 0 1
    outer loop
      vertex 75.5724 -14.7613 3.5
      vertex 65.6 -10 3.5
      vertex 79 -21 3.5
    endloop
  endfacet
  facet normal -0 0 1
    outer loop
      vertex 64 -10 3.5
      vertex 79 -21 3.5
      vertex 65.6 -10 3.5
    endloop
  endfacet
  facet normal 0 0 1
    outer loop
      vertex 61.6 -10 3.5
      vertex 64 -10 3.5
      vertex 61.6 10 3.5
    endloop
  endfacet
  facet normal -0 0 1
    outer loop
      vertex 61.6 -10 3.5
      vertex 79 -21 3.5
      vertex 64 -10 3.5
    endloop
  endfacet
  facet normal -0 0 1
    outer loop
      vertex 60 -10 3.5
      vertex 79 -21 3.5
      vertex 61.6 -10 3.5
    endloop
  endfacet
  facet normal 0 0 1
    outer loop
      vertex 57.6 -10 3.5
      vertex 60 -10 3.5
      vertex 57.6 10 3.5
    endloop
  endfacet
  facet normal -0 0 1
    outer loop
      vertex 57.6 -10 3.5
      vertex 79 -21 3.5
      vertex 60 -10 3.5
    endloop
  endfacet
  facet normal -0 0 1
    outer loop
      vertex 56 -10 3.5
      vertex 79 -21 3.5
      vertex 57.6 -10 3.5
    endloop
  endfacet
  facet normal -0 0 1
    outer loop
      vertex 21.7 -8 3.5
      vertex 56 -10 3.5
      vertex 21.7 8 3.5
    endloop
  endfacet
  facet normal 0 0 1
    outer loop
      vertex 21.7 -8 3.5
      vertex 79 -21 3.5
      vertex 56 -10 3.5
    endloop
  endfacet
  facet normal 0 0 1
    outer loop
      vertex -21 -21 3.5
      vertex 21.7 -8 3.5
      vertex 14.3 -8 3.5
    endloop
  endfacet
  facet normal 0 0 1
    outer loop
      vertex -8.27315 -12.5158 3.5
      vertex 14.3 -8 3.5
      vertex 12.5158 8.27315 3.5
    endloop
  endfacet
  facet normal 0 0 1
    outer loop
      vertex -21 -21 3.5
      vertex 14.3 -8 3.5
      vertex -8.27315 -12.5158 3.5
    endloop
  endfacet
  facet normal -0 0 1
    outer loop
      vertex -17.3231 13.7659 3.5
      vertex 8.27315 12.5158 3.5
      vertex -17.3058 13.8824 3.5
    endloop
  endfacet
  facet normal 0 0 1
    outer loop
      vertex -17.3 -14 3.5
      vertex -8.27315 -12.5158 3.5
      vertex -12.5158 -8.27315 3.5
    endloop
  endfacet
  facet normal 0 0 1
    outer loop
      vertex -17.3058 -14.1176 3.5
      vertex -8.27315 -12.5158 3.5
      vertex -17.3 -14 3.5
    endloop
  endfacet
  facet normal 0 0 1
    outer loop
      vertex -17.3231 -14.2341 3.5
      vertex -8.27315 -12.5158 3.5
      vertex -17.3058 -14.1176 3.5
    endloop
  endfacet
  facet normal 0 0 1
    outer loop
      vertex -17.3517 -14.3483 3.5
      vertex -8.27315 -12.5158 3.5
      vertex -17.3231 -14.2341 3.5
    endloop
  endfacet
  facet normal 0 0 1
    outer loop
      vertex -17.3913 -14.4592 3.5
      vertex -8.27315 -12.5158 3.5
      vertex -17.3517 -14.3483 3.5
    endloop
  endfacet
  facet normal 0 0 1
    outer loop
      vertex -17.4417 -14.5657 3.5
      vertex -8.27315 -12.5158 3.5
      vertex -17.3913 -14.4592 3.5
    endloop
  endfacet
  facet normal 0 0 1
    outer loop
      vertex -17.5022 -14.6667 3.5
      vertex -8.27315 -12.5158 3.5
      vertex -17.4417 -14.5657 3.5
    endloop
  endfacet
  facet normal 0 0 1
    outer loop
      vertex -17.5724 -14.7613 3.5
      vertex -8.27315 -12.5158 3.5
      vertex -17.5022 -14.6667 3.5
    endloop
  endfacet
  facet normal 0 0 1
    outer loop
      vertex -17.6515 -14.8485 3.5
      vertex -8.27315 -12.5158 3.5
      vertex -17.5724 -14.7613 3.5
    endloop
  endfacet
  facet normal 0 0 1
    outer loop
      vertex -8.27315 -12.5158 3.5
      vertex -17.6515 -14.8485 3.5
      vertex -21 -21 3.5
    endloop
  endfacet
  facet normal 0 0 1
    outer loop
      vertex -21 -21 3.5
      vertex -17.6515 -14.8485 3.5
      vertex -17.7387 -14.9276 3.5
    endloop
  endfacet
  facet normal 0 0 1
    outer loop
      vertex -21 -21 3.5
      vertex -17.7387 -14.9276 3.5
      vertex -17.8333 -14.9978 3.5
    endloop
  endfacet
  facet normal 0 0 1
    outer loop
      vertex -21 -21 3.5
      vertex -17.8333 -14.9978 3.5
      vertex -17.9343 -15.0583 3.5
    endloop
  endfacet
  facet normal 0 0 1
    outer loop
      vertex -21 -21 3.5
      vertex -17.9343 -15.0583 3.5
      vertex -18.0408 -15.1087 3.5
    endloop
  endfacet
  facet normal 0 0 1
    outer loop
      vertex -21 -21 3.5
      vertex -18.0408 -15.1087 3.5
      vertex -18.1517 -15.1483 3.5
    endloop
  endfacet
  facet normal 0 0 1
    outer loop
      vertex -21 -21 3.5
      vertex -18.1517 -15.1483 3.5
      vertex -18.2659 -15.1769 3.5
    endloop
  endfacet
  facet normal 0 0 1
    outer loop
      vertex -21 -21 3.5
      vertex -18.2659 -15.1769 3.5
      vertex -18.3824 -15.1942 3.5
    endloop
  endfacet
  facet normal 0 0 1
    outer loop
      vertex -21 -21 3.5
      vertex -18.3824 -15.1942 3.5
      vertex -18.5 -15.2 3.5
    endloop
  endfacet
  facet normal 0 0 1
    outer loop
      vertex -21 -21 3.5
      vertex -18.5 -15.2 3.5
      vertex -18.6176 -15.1942 3.5
    endloop
  endfacet
  facet normal 0 0 1
    outer loop
      vertex 21.7 -8 3.5
      vertex -21 -21 3.5
      vertex 79 -21 3.5
    endloop
  endfacet
  facet normal 0 0 1
    outer loop
      vertex -18.7341 -15.1769 3.5
      vertex -21 -21 3.5
      vertex -18.6176 -15.1942 3.5
    endloop
  endfacet
  facet normal 0 0 1
    outer loop
      vertex -18.8483 -15.1483 3.5
      vertex -21 -21 3.5
      vertex -18.7341 -15.1769 3.5
    endloop
  endfacet
  facet normal 0 0 1
    outer loop
      vertex -18.9592 -15.1087 3.5
      vertex -21 -21 3.5
      vertex -18.8483 -15.1483 3.5
    endloop
  endfacet
  facet normal 0 0 1
    outer loop
      vertex -19.0657 -15.0583 3.5
      vertex -21 -21 3.5
      vertex -18.9592 -15.1087 3.5
    endloop
  endfacet
  facet normal 0 0 1
    outer loop
      vertex -19.1667 -14.9978 3.5
      vertex -21 -21 3.5
      vertex -19.0657 -15.0583 3.5
    endloop
  endfacet
  facet normal 0 0 1
    outer loop
      vertex -19.2613 -14.9276 3.5
      vertex -21 -21 3.5
      vertex -19.1667 -14.9978 3.5
    endloop
  endfacet
  facet normal 0 0 1
    outer loop
      vertex -19.3485 -14.8485 3.5
      vertex -21 -21 3.5
      vertex -19.2613 -14.9276 3.5
    endloop
  endfacet
  facet normal 0 0 1
    outer loop
      vertex -19.4276 -14.7613 3.5
      vertex -21 -21 3.5
      vertex -19.3485 -14.8485 3.5
    endloop
  endfacet
  facet normal 0 0 1
    outer loop
      vertex -19.4978 -14.6667 3.5
      vertex -21 -21 3.5
      vertex -19.4276 -14.7613 3.5
    endloop
  endfacet
  facet normal 0 0 1
    outer loop
      vertex -19.5583 -14.5657 3.5
      vertex -21 -21 3.5
      vertex -19.4978 -14.6667 3.5
    endloop
  endfacet
  facet normal 0 0 1
    outer loop
      vertex -19.6087 -14.4592 3.5
      vertex -21 -21 3.5
      vertex -19.5583 -14.5657 3.5
    endloop
  endfacet
  facet normal 0 0 1
    outer loop
      vertex -19.6483 -14.3483 3.5
      vertex -21 -21 3.5
      vertex -19.6087 -14.4592 3.5
    endloop
  endfacet
  facet normal 0 0 1
    outer loop
      vertex -19.6769 -14.2341 3.5
      vertex -21 -21 3.5
      vertex -19.6483 -14.3483 3.5
    endloop
  endfacet
  facet normal 0 0 1
    outer loop
      vertex -19.6942 -14.1176 3.5
      vertex -21 -21 3.5
      vertex -19.6769 -14.2341 3.5
    endloop
  endfacet
  facet normal 0 0 1
    outer loop
      vertex -19.7 -14 3.5
      vertex -21 -21 3.5
      vertex -19.6942 -14.1176 3.5
    endloop
  endfacet
  facet normal 0 0 1
    outer loop
      vertex -19.6942 -13.8824 3.5
      vertex -21 -21 3.5
      vertex -19.7 -14 3.5
    endloop
  endfacet
  facet normal -1 0 0
    outer loop
      vertex -21 -21 0
      vertex -21 21 3.5
      vertex -21 21 0
    endloop
  endfacet
  facet normal -1 -0 0
    outer loop
      vertex -21 21 3.5
      vertex -21 -21 0
      vertex -21 -21 3.5
    endloop
  endfacet
  facet normal 0 1 -0
    outer loop
      vertex 79 21 0
      vertex -21 21 3.5
      vertex 79 21 3.5
    endloop
  endfacet
  facet normal 0 1 0
    outer loop
      vertex -21 21 3.5
      vertex 79 21 0
      vertex -21 21 0
    endloop
  endfacet
  facet normal 0 -1 0
    outer loop
      vertex -21 -21 0
      vertex 79 -21 3.5
      vertex -21 -21 3.5
    endloop
  endfacet
  facet normal 0 -1 -0
    outer loop
      vertex 79 -21 3.5
      vertex -21 -21 0
      vertex 79 -21 0
    endloop
  endfacet
  facet normal -0.707107 -0.707107 0
    outer loop
      vertex -8.27315 -12.5158 3.5
      vertex -12.5158 -8.27315 11.3
      vertex -12.5158 -8.27315 3.5
    endloop
  endfacet
  facet normal -0.707107 -0.707107 0
    outer loop
      vertex -12.5158 -8.27315 11.3
      vertex -8.27315 -12.5158 3.5
      vertex -8.27315 -12.5158 11.3
    endloop
  endfacet
  facet normal -0.707107 0.707107 0
    outer loop
      vertex -12.5158 -8.27315 3.5
      vertex 8.27315 12.5158 11.3
      vertex 8.27315 12.5158 3.5
    endloop
  endfacet
  facet normal -0.707107 0.707107 0
    outer loop
      vertex 8.27315 12.5158 11.3
      vertex -12.5158 -8.27315 3.5
      vertex -12.5158 -8.27315 11.3
    endloop
  endfacet
  facet normal 0 0 1
    outer loop
      vertex 12.5158 8.27315 11.3
      vertex 8.37922 10.0056 11.3
      vertex 10.0056 8.37922 11.3
    endloop
  endfacet
  facet normal 0 0 1
    outer loop
      vertex 8.27315 12.5158 11.3
      vertex 8.37922 10.0056 11.3
      vertex 12.5158 8.27315 11.3
    endloop
  endfacet
  facet normal 0 0 1
    outer loop
      vertex 8.27315 12.5158 11.3
      vertex -10.0056 -8.37922 11.3
      vertex 8.37922 10.0056 11.3
    endloop
  endfacet
  facet normal 0 -0 1
    outer loop
      vertex -10.0056 -8.37922 11.3
      vertex 8.27315 12.5158 11.3
      vertex -12.5158 -8.27315 11.3
    endloop
  endfacet
  facet normal 0 0 1
    outer loop
      vertex 10.0056 8.37922 11.3
      vertex -8.27315 -12.5158 11.3
      vertex 12.5158 8.27315 11.3
    endloop
  endfacet
  facet normal -0 0 1
    outer loop
      vertex -8.37922 -10.0056 11.3
      vertex -8.27315 -12.5158 11.3
      vertex 10.0056 8.37922 11.3
    endloop
  endfacet
  facet normal 0 0 1
    outer loop
      vertex -10.0056 -8.37922 11.3
      vertex -8.27315 -12.5158 11.3
      vertex -8.37922 -10.0056 11.3
    endloop
  endfacet
  facet normal 0 0 1
    outer loop
      vertex -8.27315 -12.5158 11.3
      vertex -10.0056 -8.37922 11.3
      vertex -12.5158 -8.27315 11.3
    endloop
  endfacet
  facet normal 0.707107 -0.707107 0
    outer loop
      vertex -8.27315 -12.5158 11.3
      vertex 12.5158 8.27315 3.5
      vertex 12.5158 8.27315 11.3
    endloop
  endfacet
  facet normal 0.707107 -0.707107 0
    outer loop
      vertex 12.5158 8.27315 3.5
      vertex -8.27315 -12.5158 11.3
      vertex -8.27315 -12.5158 3.5
    endloop
  endfacet
  facet normal 0.707107 0.707107 0
    outer loop
      vertex 12.5158 8.27315 11.3
      vertex 8.27315 12.5158 3.5
      vertex 8.27315 12.5158 11.3
    endloop
  endfacet
  facet normal 0.707107 0.707107 0
    outer loop
      vertex 8.27315 12.5158 3.5
      vertex 12.5158 8.27315 11.3
      vertex 12.5158 8.27315 3.5
    endloop
  endfacet
  facet normal 1 -0 0
    outer loop
      vertex 21.7 -8 5.2
      vertex 21.7 8 3.5
      vertex 21.7 8 5.2
    endloop
  endfacet
  facet normal 1 0 0
    outer loop
      vertex 21.7 8 3.5
      vertex 21.7 -8 5.2
      vertex 21.7 -8 3.5
    endloop
  endfacet
  facet normal -0 0 1
    outer loop
      vertex 20.2 8 5.2
      vertex 21.7 -8 5.2
      vertex 21.7 8 5.2
    endloop
  endfacet
  facet normal 0 0 1
    outer loop
      vertex 21.7 -8 5.2
      vertex 20.2 8 5.2
      vertex 20.2 -8 5.2
    endloop
  endfacet
  facet normal -0 0 1
    outer loop
      vertex 14.3 8 5.2
      vertex 15.8 -8 5.2
      vertex 15.8 8 5.2
    endloop
  endfacet
  facet normal 0 0 1
    outer loop
      vertex 15.8 -8 5.2
      vertex 14.3 8 5.2
      vertex 14.3 -8 5.2
    endloop
  endfacet
  facet normal -1 0 0
    outer loop
      vertex 14.3 -8 3.5
      vertex 14.3 8 5.2
      vertex 14.3 8 3.5
    endloop
  endfacet
  facet normal -1 -0 0
    outer loop
      vertex 14.3 8 5.2
      vertex 14.3 -8 3.5
      vertex 14.3 -8 5.2
    endloop
  endfacet
  facet normal 0 1 0
    outer loop
      vertex 21.7 8 5.2
      vertex 20.2 8 4.5
      vertex 20.2 8 5.2
    endloop
  endfacet
  facet normal 0 1 0
    outer loop
      vertex 20.2 8 4.5
      vertex 21.7 8 3.5
      vertex 15.8 8 4.5
    endloop
  endfacet
  facet normal 0 1 -0
    outer loop
      vertex 21.7 8 3.5
      vertex 20.2 8 4.5
      vertex 21.7 8 5.2
    endloop
  endfacet
  facet normal 0 1 -0
    outer loop
      vertex 15.8 8 4.5
      vertex 14.3 8 5.2
      vertex 15.8 8 5.2
    endloop
  endfacet
  facet normal 0 1 0
    outer loop
      vertex 15.8 8 4.5
      vertex 14.3 8 3.5
      vertex 14.3 8 5.2
    endloop
  endfacet
  facet normal 0 1 0
    outer loop
      vertex 14.3 8 3.5
      vertex 15.8 8 4.5
      vertex 21.7 8 3.5
    endloop
  endfacet
  facet normal 0 -1 0
    outer loop
      vertex 14.3 -8 5.2
      vertex 15.8 -8 4.5
      vertex 15.8 -8 5.2
    endloop
  endfacet
  facet normal 0 -1 -0
    outer loop
      vertex 15.8 -8 4.5
      vertex 14.3 -8 3.5
      vertex 20.2 -8 4.5
    endloop
  endfacet
  facet normal 0 -1 0
    outer loop
      vertex 14.3 -8 3.5
      vertex 15.8 -8 4.5
      vertex 14.3 -8 5.2
    endloop
  endfacet
  facet normal 0 -1 0
    outer loop
      vertex 20.2 -8 4.5
      vertex 21.7 -8 5.2
      vertex 20.2 -8 5.2
    endloop
  endfacet
  facet normal 0 -1 0
    outer loop
      vertex 20.2 -8 4.5
      vertex 21.7 -8 3.5
      vertex 21.7 -8 5.2
    endloop
  endfacet
  facet normal 0 -1 0
    outer loop
      vertex 21.7 -8 3.5
      vertex 20.2 -8 4.5
      vertex 14.3 -8 3.5
    endloop
  endfacet
  facet normal 0.0492599 -0.998786 0
    outer loop
      vertex -18.6176 -12.8058 0
      vertex -18.5 -12.8 3.5
      vertex -18.6176 -12.8058 3.5
    endloop
  endfacet
  facet normal 0.0492599 -0.998786 0
    outer loop
      vertex -18.5 -12.8 3.5
      vertex -18.6176 -12.8058 0
      vertex -18.5 -12.8 0
    endloop
  endfacet
  facet normal -0.989153 -0.146887 0
    outer loop
      vertex -17.3058 -13.8824 0
      vertex -17.3231 -13.7659 3.5
      vertex -17.3231 -13.7659 0
    endloop
  endfacet
  facet normal -0.989153 -0.146887 0
    outer loop
      vertex -17.3231 -13.7659 3.5
      vertex -17.3058 -13.8824 0
      vertex -17.3058 -13.8824 3.5
    endloop
  endfacet
  facet normal -0.998786 -0.0492599 0
    outer loop
      vertex -17.3 -14 0
      vertex -17.3058 -13.8824 3.5
      vertex -17.3058 -13.8824 0
    endloop
  endfacet
  facet normal -0.998786 -0.0492599 0
    outer loop
      vertex -17.3058 -13.8824 3.5
      vertex -17.3 -14 0
      vertex -17.3 -14 3.5
    endloop
  endfacet
  facet normal -0.970042 -0.242935 0
    outer loop
      vertex -17.3231 -13.7659 0
      vertex -17.3517 -13.6517 3.5
      vertex -17.3517 -13.6517 0
    endloop
  endfacet
  facet normal -0.970042 -0.242935 0
    outer loop
      vertex -17.3517 -13.6517 3.5
      vertex -17.3231 -13.7659 0
      vertex -17.3231 -13.7659 3.5
    endloop
  endfacet
  facet normal 0.0492599 0.998786 -0
    outer loop
      vertex -18.5 -15.2 0
      vertex -18.6176 -15.1942 3.5
      vertex -18.5 -15.2 3.5
    endloop
  endfacet
  facet normal 0.0492599 0.998786 0
    outer loop
      vertex -18.6176 -15.1942 3.5
      vertex -18.5 -15.2 0
      vertex -18.6176 -15.1942 0
    endloop
  endfacet
  facet normal -0.803046 -0.595918 0
    outer loop
      vertex -17.5022 -13.3333 0
      vertex -17.5724 -13.2387 3.5
      vertex -17.5724 -13.2387 0
    endloop
  endfacet
  facet normal -0.803046 -0.595918 0
    outer loop
      vertex -17.5724 -13.2387 3.5
      vertex -17.5022 -13.3333 0
      vertex -17.5022 -13.3333 3.5
    endloop
  endfacet
  facet normal -0.595918 -0.803046 0
    outer loop
      vertex -17.8333 -13.0022 0
      vertex -17.7387 -13.0724 3.5
      vertex -17.8333 -13.0022 3.5
    endloop
  endfacet
  facet normal -0.595918 -0.803046 -0
    outer loop
      vertex -17.7387 -13.0724 3.5
      vertex -17.8333 -13.0022 0
      vertex -17.7387 -13.0724 0
    endloop
  endfacet
  facet normal 0.941761 -0.336283 0
    outer loop
      vertex -19.6483 -13.6517 3.5
      vertex -19.6087 -13.5408 0
      vertex -19.6087 -13.5408 3.5
    endloop
  endfacet
  facet normal 0.941761 -0.336283 0
    outer loop
      vertex -19.6087 -13.5408 0
      vertex -19.6483 -13.6517 3.5
      vertex -19.6483 -13.6517 0
    endloop
  endfacet
  facet normal -0.998786 0.0492599 0
    outer loop
      vertex -17.3058 -14.1176 0
      vertex -17.3 -14 3.5
      vertex -17.3 -14 0
    endloop
  endfacet
  facet normal -0.998786 0.0492599 0
    outer loop
      vertex -17.3 -14 3.5
      vertex -17.3058 -14.1176 0
      vertex -17.3058 -14.1176 3.5
    endloop
  endfacet
  facet normal 0.427758 -0.903893 0
    outer loop
      vertex -19.0657 -12.9417 0
      vertex -18.9592 -12.8913 3.5
      vertex -19.0657 -12.9417 3.5
    endloop
  endfacet
  facet normal 0.427758 -0.903893 0
    outer loop
      vertex -18.9592 -12.8913 3.5
      vertex -19.0657 -12.9417 0
      vertex -18.9592 -12.8913 0
    endloop
  endfacet
  facet normal 0.146887 -0.989153 0
    outer loop
      vertex -18.7341 -12.8231 0
      vertex -18.6176 -12.8058 3.5
      vertex -18.7341 -12.8231 3.5
    endloop
  endfacet
  facet normal 0.146887 -0.989153 0
    outer loop
      vertex -18.6176 -12.8058 3.5
      vertex -18.7341 -12.8231 0
      vertex -18.6176 -12.8058 0
    endloop
  endfacet
  facet normal 0.74067 -0.671869 0
    outer loop
      vertex -19.4276 -13.2387 3.5
      vertex -19.3485 -13.1515 0
      vertex -19.3485 -13.1515 3.5
    endloop
  endfacet
  facet normal 0.74067 -0.671869 0
    outer loop
      vertex -19.3485 -13.1515 0
      vertex -19.4276 -13.2387 3.5
      vertex -19.4276 -13.2387 0
    endloop
  endfacet
  facet normal -0.427758 -0.903893 0
    outer loop
      vertex -18.0408 -12.8913 0
      vertex -17.9343 -12.9417 3.5
      vertex -18.0408 -12.8913 3.5
    endloop
  endfacet
  facet normal -0.427758 -0.903893 -0
    outer loop
      vertex -17.9343 -12.9417 3.5
      vertex -18.0408 -12.8913 0
      vertex -17.9343 -12.9417 0
    endloop
  endfacet
  facet normal 0.857867 -0.513871 0
    outer loop
      vertex -19.5583 -13.4343 3.5
      vertex -19.4978 -13.3333 0
      vertex -19.4978 -13.3333 3.5
    endloop
  endfacet
  facet normal 0.857867 -0.513871 0
    outer loop
      vertex -19.4978 -13.3333 0
      vertex -19.5583 -13.4343 3.5
      vertex -19.5583 -13.4343 0
    endloop
  endfacet
  facet normal -0.336283 0.941761 0
    outer loop
      vertex -18.0408 -15.1087 0
      vertex -18.1517 -15.1483 3.5
      vertex -18.0408 -15.1087 3.5
    endloop
  endfacet
  facet normal -0.336283 0.941761 0
    outer loop
      vertex -18.1517 -15.1483 3.5
      vertex -18.0408 -15.1087 0
      vertex -18.1517 -15.1483 0
    endloop
  endfacet
  facet normal 0.336283 -0.941761 0
    outer loop
      vertex -18.9592 -12.8913 0
      vertex -18.8483 -12.8517 3.5
      vertex -18.9592 -12.8913 3.5
    endloop
  endfacet
  facet normal 0.336283 -0.941761 0
    outer loop
      vertex -18.8483 -12.8517 3.5
      vertex -18.9592 -12.8913 0
      vertex -18.8483 -12.8517 0
    endloop
  endfacet
  facet normal 0.998786 0.0492599 0
    outer loop
      vertex -19.6942 -14.1176 3.5
      vertex -19.7 -14 0
      vertex -19.7 -14 3.5
    endloop
  endfacet
  facet normal 0.998786 0.0492599 0
    outer loop
      vertex -19.7 -14 0
      vertex -19.6942 -14.1176 3.5
      vertex -19.6942 -14.1176 0
    endloop
  endfacet
  facet normal 0.803046 0.595918 0
    outer loop
      vertex -19.4276 -14.7613 3.5
      vertex -19.4978 -14.6667 0
      vertex -19.4978 -14.6667 3.5
    endloop
  endfacet
  facet normal 0.803046 0.595918 0
    outer loop
      vertex -19.4978 -14.6667 0
      vertex -19.4276 -14.7613 3.5
      vertex -19.4276 -14.7613 0
    endloop
  endfacet
  facet normal -0.989153 0.146887 0
    outer loop
      vertex -17.3231 -14.2341 0
      vertex -17.3058 -14.1176 3.5
      vertex -17.3058 -14.1176 0
    endloop
  endfacet
  facet normal -0.989153 0.146887 0
    outer loop
      vertex -17.3058 -14.1176 3.5
      vertex -17.3231 -14.2341 0
      vertex -17.3231 -14.2341 3.5
    endloop
  endfacet
  facet normal -0.941761 -0.336283 0
    outer loop
      vertex -17.3517 -13.6517 0
      vertex -17.3913 -13.5408 3.5
      vertex -17.3913 -13.5408 0
    endloop
  endfacet
  facet normal -0.941761 -0.336283 0
    outer loop
      vertex -17.3913 -13.5408 3.5
      vertex -17.3517 -13.6517 0
      vertex -17.3517 -13.6517 3.5
    endloop
  endfacet
  facet normal 0.857867 0.513871 0
    outer loop
      vertex -19.4978 -14.6667 3.5
      vertex -19.5583 -14.5657 0
      vertex -19.5583 -14.5657 3.5
    endloop
  endfacet
  facet normal 0.857867 0.513871 0
    outer loop
      vertex -19.5583 -14.5657 0
      vertex -19.4978 -14.6667 3.5
      vertex -19.4978 -14.6667 0
    endloop
  endfacet
  facet normal -0.803046 0.595918 0
    outer loop
      vertex -17.5724 -14.7613 0
      vertex -17.5022 -14.6667 3.5
      vertex -17.5022 -14.6667 0
    endloop
  endfacet
  facet normal -0.803046 0.595918 0
    outer loop
      vertex -17.5022 -14.6667 3.5
      vertex -17.5724 -14.7613 0
      vertex -17.5724 -14.7613 3.5
    endloop
  endfacet
  facet normal -0.336283 -0.941761 0
    outer loop
      vertex -18.1517 -12.8517 0
      vertex -18.0408 -12.8913 3.5
      vertex -18.1517 -12.8517 3.5
    endloop
  endfacet
  facet normal -0.336283 -0.941761 -0
    outer loop
      vertex -18.0408 -12.8913 3.5
      vertex -18.1517 -12.8517 0
      vertex -18.0408 -12.8913 0
    endloop
  endfacet
  facet normal -0.74067 -0.671869 0
    outer loop
      vertex -17.5724 -13.2387 0
      vertex -17.6515 -13.1515 3.5
      vertex -17.6515 -13.1515 0
    endloop
  endfacet
  facet normal -0.74067 -0.671869 0
    outer loop
      vertex -17.6515 -13.1515 3.5
      vertex -17.5724 -13.2387 0
      vertex -17.5724 -13.2387 3.5
    endloop
  endfacet
  facet normal 0.903893 -0.427758 0
    outer loop
      vertex -19.6087 -13.5408 3.5
      vertex -19.5583 -13.4343 0
      vertex -19.5583 -13.4343 3.5
    endloop
  endfacet
  facet normal 0.903893 -0.427758 0
    outer loop
      vertex -19.5583 -13.4343 0
      vertex -19.6087 -13.5408 3.5
      vertex -19.6087 -13.5408 0
    endloop
  endfacet
  facet normal -0.146887 -0.989153 0
    outer loop
      vertex -18.3824 -12.8058 0
      vertex -18.2659 -12.8231 3.5
      vertex -18.3824 -12.8058 3.5
    endloop
  endfacet
  facet normal -0.146887 -0.989153 -0
    outer loop
      vertex -18.2659 -12.8231 3.5
      vertex -18.3824 -12.8058 0
      vertex -18.2659 -12.8231 0
    endloop
  endfacet
  facet normal -0.513871 0.857867 0
    outer loop
      vertex -17.8333 -14.9978 0
      vertex -17.9343 -15.0583 3.5
      vertex -17.8333 -14.9978 3.5
    endloop
  endfacet
  facet normal -0.513871 0.857867 0
    outer loop
      vertex -17.9343 -15.0583 3.5
      vertex -17.8333 -14.9978 0
      vertex -17.9343 -15.0583 0
    endloop
  endfacet
  facet normal -0.513871 -0.857867 0
    outer loop
      vertex -17.9343 -12.9417 0
      vertex -17.8333 -13.0022 3.5
      vertex -17.9343 -12.9417 3.5
    endloop
  endfacet
  facet normal -0.513871 -0.857867 -0
    outer loop
      vertex -17.8333 -13.0022 3.5
      vertex -17.9343 -12.9417 0
      vertex -17.8333 -13.0022 0
    endloop
  endfacet
  facet normal 0.242935 -0.970042 0
    outer loop
      vertex -18.8483 -12.8517 0
      vertex -18.7341 -12.8231 3.5
      vertex -18.8483 -12.8517 3.5
    endloop
  endfacet
  facet normal 0.242935 -0.970042 0
    outer loop
      vertex -18.7341 -12.8231 3.5
      vertex -18.8483 -12.8517 0
      vertex -18.7341 -12.8231 0
    endloop
  endfacet
  facet normal 0.903893 0.427758 0
    outer loop
      vertex -19.5583 -14.5657 3.5
      vertex -19.6087 -14.4592 0
      vertex -19.6087 -14.4592 3.5
    endloop
  endfacet
  facet normal 0.903893 0.427758 0
    outer loop
      vertex -19.6087 -14.4592 0
      vertex -19.5583 -14.5657 3.5
      vertex -19.5583 -14.5657 0
    endloop
  endfacet
  facet normal -0.903893 -0.427758 0
    outer loop
      vertex -17.3913 -13.5408 0
      vertex -17.4417 -13.4343 3.5
      vertex -17.4417 -13.4343 0
    endloop
  endfacet
  facet normal -0.903893 -0.427758 0
    outer loop
      vertex -17.4417 -13.4343 3.5
      vertex -17.3913 -13.5408 0
      vertex -17.3913 -13.5408 3.5
    endloop
  endfacet
  facet normal -0.671869 0.74067 0
    outer loop
      vertex -17.6515 -14.8485 0
      vertex -17.7387 -14.9276 3.5
      vertex -17.6515 -14.8485 3.5
    endloop
  endfacet
  facet normal -0.671869 0.74067 0
    outer loop
      vertex -17.7387 -14.9276 3.5
      vertex -17.6515 -14.8485 0
      vertex -17.7387 -14.9276 0
    endloop
  endfacet
  facet normal 0.989153 0.146887 0
    outer loop
      vertex -19.6769 -14.2341 3.5
      vertex -19.6942 -14.1176 0
      vertex -19.6942 -14.1176 3.5
    endloop
  endfacet
  facet normal 0.989153 0.146887 0
    outer loop
      vertex -19.6942 -14.1176 0
      vertex -19.6769 -14.2341 3.5
      vertex -19.6769 -14.2341 0
    endloop
  endfacet
  facet normal 0.595918 0.803046 -0
    outer loop
      vertex -19.1667 -14.9978 0
      vertex -19.2613 -14.9276 3.5
      vertex -19.1667 -14.9978 3.5
    endloop
  endfacet
  facet normal 0.595918 0.803046 0
    outer loop
      vertex -19.2613 -14.9276 3.5
      vertex -19.1667 -14.9978 0
      vertex -19.2613 -14.9276 0
    endloop
  endfacet
  facet normal -0.146887 0.989153 0
    outer loop
      vertex -18.2659 -15.1769 0
      vertex -18.3824 -15.1942 3.5
      vertex -18.2659 -15.1769 3.5
    endloop
  endfacet
  facet normal -0.146887 0.989153 0
    outer loop
      vertex -18.3824 -15.1942 3.5
      vertex -18.2659 -15.1769 0
      vertex -18.3824 -15.1942 0
    endloop
  endfacet
  facet normal 0.941761 0.336283 0
    outer loop
      vertex -19.6087 -14.4592 3.5
      vertex -19.6483 -14.3483 0
      vertex -19.6483 -14.3483 3.5
    endloop
  endfacet
  facet normal 0.941761 0.336283 0
    outer loop
      vertex -19.6483 -14.3483 0
      vertex -19.6087 -14.4592 3.5
      vertex -19.6087 -14.4592 0
    endloop
  endfacet
  facet normal -0.595918 0.803046 0
    outer loop
      vertex -17.7387 -14.9276 0
      vertex -17.8333 -14.9978 3.5
      vertex -17.7387 -14.9276 3.5
    endloop
  endfacet
  facet normal -0.595918 0.803046 0
    outer loop
      vertex -17.8333 -14.9978 3.5
      vertex -17.7387 -14.9276 0
      vertex -17.8333 -14.9978 0
    endloop
  endfacet
  facet normal -0.427758 0.903893 0
    outer loop
      vertex -17.9343 -15.0583 0
      vertex -18.0408 -15.1087 3.5
      vertex -17.9343 -15.0583 3.5
    endloop
  endfacet
  facet normal -0.427758 0.903893 0
    outer loop
      vertex -18.0408 -15.1087 3.5
      vertex -17.9343 -15.0583 0
      vertex -18.0408 -15.1087 0
    endloop
  endfacet
  facet normal 0.74067 0.671869 0
    outer loop
      vertex -19.3485 -14.8485 3.5
      vertex -19.4276 -14.7613 0
      vertex -19.4276 -14.7613 3.5
    endloop
  endfacet
  facet normal 0.74067 0.671869 0
    outer loop
      vertex -19.4276 -14.7613 0
      vertex -19.3485 -14.8485 3.5
      vertex -19.3485 -14.8485 0
    endloop
  endfacet
  facet normal 0.671869 0.74067 -0
    outer loop
      vertex -19.2613 -14.9276 0
      vertex -19.3485 -14.8485 3.5
      vertex -19.2613 -14.9276 3.5
    endloop
  endfacet
  facet normal 0.671869 0.74067 0
    outer loop
      vertex -19.3485 -14.8485 3.5
      vertex -19.2613 -14.9276 0
      vertex -19.3485 -14.8485 0
    endloop
  endfacet
  facet normal 0.242935 0.970042 -0
    outer loop
      vertex -18.7341 -15.1769 0
      vertex -18.8483 -15.1483 3.5
      vertex -18.7341 -15.1769 3.5
    endloop
  endfacet
  facet normal 0.242935 0.970042 0
    outer loop
      vertex -18.8483 -15.1483 3.5
      vertex -18.7341 -15.1769 0
      vertex -18.8483 -15.1483 0
    endloop
  endfacet
  facet normal -0.0492599 -0.998786 0
    outer loop
      vertex -18.5 -12.8 0
      vertex -18.3824 -12.8058 3.5
      vertex -18.5 -12.8 3.5
    endloop
  endfacet
  facet normal -0.0492599 -0.998786 -0
    outer loop
      vertex -18.3824 -12.8058 3.5
      vertex -18.5 -12.8 0
      vertex -18.3824 -12.8058 0
    endloop
  endfacet
  facet normal -0.903893 0.427758 0
    outer loop
      vertex -17.4417 -14.5657 0
      vertex -17.3913 -14.4592 3.5
      vertex -17.3913 -14.4592 0
    endloop
  endfacet
  facet normal -0.903893 0.427758 0
    outer loop
      vertex -17.3913 -14.4592 3.5
      vertex -17.4417 -14.5657 0
      vertex -17.4417 -14.5657 3.5
    endloop
  endfacet
  facet normal -0.671869 -0.74067 0
    outer loop
      vertex -17.7387 -13.0724 0
      vertex -17.6515 -13.1515 3.5
      vertex -17.7387 -13.0724 3.5
    endloop
  endfacet
  facet normal -0.671869 -0.74067 -0
    outer loop
      vertex -17.6515 -13.1515 3.5
      vertex -17.7387 -13.0724 0
      vertex -17.6515 -13.1515 0
    endloop
  endfacet
  facet normal -0.970042 0.242935 0
    outer loop
      vertex -17.3517 -14.3483 0
      vertex -17.3231 -14.2341 3.5
      vertex -17.3231 -14.2341 0
    endloop
  endfacet
  facet normal -0.970042 0.242935 0
    outer loop
      vertex -17.3231 -14.2341 3.5
      vertex -17.3517 -14.3483 0
      vertex -17.3517 -14.3483 3.5
    endloop
  endfacet
  facet normal -0.242935 0.970042 0
    outer loop
      vertex -18.1517 -15.1483 0
      vertex -18.2659 -15.1769 3.5
      vertex -18.1517 -15.1483 3.5
    endloop
  endfacet
  facet normal -0.242935 0.970042 0
    outer loop
      vertex -18.2659 -15.1769 3.5
      vertex -18.1517 -15.1483 0
      vertex -18.2659 -15.1769 0
    endloop
  endfacet
  facet normal -0.74067 0.671869 0
    outer loop
      vertex -17.6515 -14.8485 0
      vertex -17.5724 -14.7613 3.5
      vertex -17.5724 -14.7613 0
    endloop
  endfacet
  facet normal -0.74067 0.671869 0
    outer loop
      vertex -17.5724 -14.7613 3.5
      vertex -17.6515 -14.8485 0
      vertex -17.6515 -14.8485 3.5
    endloop
  endfacet
  facet normal -0.857867 -0.513871 0
    outer loop
      vertex -17.4417 -13.4343 0
      vertex -17.5022 -13.3333 3.5
      vertex -17.5022 -13.3333 0
    endloop
  endfacet
  facet normal -0.857867 -0.513871 0
    outer loop
      vertex -17.5022 -13.3333 3.5
      vertex -17.4417 -13.4343 0
      vertex -17.4417 -13.4343 3.5
    endloop
  endfacet
  facet normal -0.857867 0.513871 0
    outer loop
      vertex -17.5022 -14.6667 0
      vertex -17.4417 -14.5657 3.5
      vertex -17.4417 -14.5657 0
    endloop
  endfacet
  facet normal -0.857867 0.513871 0
    outer loop
      vertex -17.4417 -14.5657 3.5
      vertex -17.5022 -14.6667 0
      vertex -17.5022 -14.6667 3.5
    endloop
  endfacet
  facet normal 0.595918 -0.803046 0
    outer loop
      vertex -19.2613 -13.0724 0
      vertex -19.1667 -13.0022 3.5
      vertex -19.2613 -13.0724 3.5
    endloop
  endfacet
  facet normal 0.595918 -0.803046 0
    outer loop
      vertex -19.1667 -13.0022 3.5
      vertex -19.2613 -13.0724 0
      vertex -19.1667 -13.0022 0
    endloop
  endfacet
  facet normal -0.0492599 0.998786 0
    outer loop
      vertex -18.3824 -15.1942 0
      vertex -18.5 -15.2 3.5
      vertex -18.3824 -15.1942 3.5
    endloop
  endfacet
  facet normal -0.0492599 0.998786 0
    outer loop
      vertex -18.5 -15.2 3.5
      vertex -18.3824 -15.1942 0
      vertex -18.5 -15.2 0
    endloop
  endfacet
  facet normal 0.970042 0.242935 0
    outer loop
      vertex -19.6483 -14.3483 3.5
      vertex -19.6769 -14.2341 0
      vertex -19.6769 -14.2341 3.5
    endloop
  endfacet
  facet normal 0.970042 0.242935 0
    outer loop
      vertex -19.6769 -14.2341 0
      vertex -19.6483 -14.3483 3.5
      vertex -19.6483 -14.3483 0
    endloop
  endfacet
  facet normal 0.671869 -0.74067 0
    outer loop
      vertex -19.3485 -13.1515 0
      vertex -19.2613 -13.0724 3.5
      vertex -19.3485 -13.1515 3.5
    endloop
  endfacet
  facet normal 0.671869 -0.74067 0
    outer loop
      vertex -19.2613 -13.0724 3.5
      vertex -19.3485 -13.1515 0
      vertex -19.2613 -13.0724 0
    endloop
  endfacet
  facet normal 0.513871 0.857867 -0
    outer loop
      vertex -19.0657 -15.0583 0
      vertex -19.1667 -14.9978 3.5
      vertex -19.0657 -15.0583 3.5
    endloop
  endfacet
  facet normal 0.513871 0.857867 0
    outer loop
      vertex -19.1667 -14.9978 3.5
      vertex -19.0657 -15.0583 0
      vertex -19.1667 -14.9978 0
    endloop
  endfacet
  facet normal 0.336283 0.941761 -0
    outer loop
      vertex -18.8483 -15.1483 0
      vertex -18.9592 -15.1087 3.5
      vertex -18.8483 -15.1483 3.5
    endloop
  endfacet
  facet normal 0.336283 0.941761 0
    outer loop
      vertex -18.9592 -15.1087 3.5
      vertex -18.8483 -15.1483 0
      vertex -18.9592 -15.1087 0
    endloop
  endfacet
  facet normal 0.513871 -0.857867 0
    outer loop
      vertex -19.1667 -13.0022 0
      vertex -19.0657 -12.9417 3.5
      vertex -19.1667 -13.0022 3.5
    endloop
  endfacet
  facet normal 0.513871 -0.857867 0
    outer loop
      vertex -19.0657 -12.9417 3.5
      vertex -19.1667 -13.0022 0
      vertex -19.0657 -12.9417 0
    endloop
  endfacet
  facet normal 0.970042 -0.242935 0
    outer loop
      vertex -19.6769 -13.7659 3.5
      vertex -19.6483 -13.6517 0
      vertex -19.6483 -13.6517 3.5
    endloop
  endfacet
  facet normal 0.970042 -0.242935 0
    outer loop
      vertex -19.6483 -13.6517 0
      vertex -19.6769 -13.7659 3.5
      vertex -19.6769 -13.7659 0
    endloop
  endfacet
  facet normal -0.941761 0.336283 0
    outer loop
      vertex -17.3913 -14.4592 0
      vertex -17.3517 -14.3483 3.5
      vertex -17.3517 -14.3483 0
    endloop
  endfacet
  facet normal -0.941761 0.336283 0
    outer loop
      vertex -17.3517 -14.3483 3.5
      vertex -17.3913 -14.4592 0
      vertex -17.3913 -14.4592 3.5
    endloop
  endfacet
  facet normal 0.427758 0.903893 -0
    outer loop
      vertex -18.9592 -15.1087 0
      vertex -19.0657 -15.0583 3.5
      vertex -18.9592 -15.1087 3.5
    endloop
  endfacet
  facet normal 0.427758 0.903893 0
    outer loop
      vertex -19.0657 -15.0583 3.5
      vertex -18.9592 -15.1087 0
      vertex -19.0657 -15.0583 0
    endloop
  endfacet
  facet normal 0.989153 -0.146887 0
    outer loop
      vertex -19.6942 -13.8824 3.5
      vertex -19.6769 -13.7659 0
      vertex -19.6769 -13.7659 3.5
    endloop
  endfacet
  facet normal 0.989153 -0.146887 0
    outer loop
      vertex -19.6769 -13.7659 0
      vertex -19.6942 -13.8824 3.5
      vertex -19.6942 -13.8824 0
    endloop
  endfacet
  facet normal 0.998786 -0.0492599 0
    outer loop
      vertex -19.7 -14 3.5
      vertex -19.6942 -13.8824 0
      vertex -19.6942 -13.8824 3.5
    endloop
  endfacet
  facet normal 0.998786 -0.0492599 0
    outer loop
      vertex -19.6942 -13.8824 0
      vertex -19.7 -14 3.5
      vertex -19.7 -14 0
    endloop
  endfacet
  facet normal -0.242935 -0.970042 0
    outer loop
      vertex -18.2659 -12.8231 0
      vertex -18.1517 -12.8517 3.5
      vertex -18.2659 -12.8231 3.5
    endloop
  endfacet
  facet normal -0.242935 -0.970042 -0
    outer loop
      vertex -18.1517 -12.8517 3.5
      vertex -18.2659 -12.8231 0
      vertex -18.1517 -12.8517 0
    endloop
  endfacet
  facet normal 0.803046 -0.595918 0
    outer loop
      vertex -19.4978 -13.3333 3.5
      vertex -19.4276 -13.2387 0
      vertex -19.4276 -13.2387 3.5
    endloop
  endfacet
  facet normal 0.803046 -0.595918 0
    outer loop
      vertex -19.4276 -13.2387 0
      vertex -19.4978 -13.3333 3.5
      vertex -19.4978 -13.3333 0
    endloop
  endfacet
  facet normal 0.146887 0.989153 -0
    outer loop
      vertex -18.6176 -15.1942 0
      vertex -18.7341 -15.1769 3.5
      vertex -18.6176 -15.1942 3.5
    endloop
  endfacet
  facet normal 0.146887 0.989153 0
    outer loop
      vertex -18.7341 -15.1769 3.5
      vertex -18.6176 -15.1942 0
      vertex -18.7341 -15.1769 0
    endloop
  endfacet
  facet normal 0.336283 0.941761 -0
    outer loop
      vertex -18.8483 12.8517 0
      vertex -18.9592 12.8913 3.5
      vertex -18.8483 12.8517 3.5
    endloop
  endfacet
  facet normal 0.336283 0.941761 0
    outer loop
      vertex -18.9592 12.8913 3.5
      vertex -18.8483 12.8517 0
      vertex -18.9592 12.8913 0
    endloop
  endfacet
  facet normal -0.989153 -0.146887 0
    outer loop
      vertex -17.3058 14.1176 0
      vertex -17.3231 14.2341 3.5
      vertex -17.3231 14.2341 0
    endloop
  endfacet
  facet normal -0.989153 -0.146887 0
    outer loop
      vertex -17.3231 14.2341 3.5
      vertex -17.3058 14.1176 0
      vertex -17.3058 14.1176 3.5
    endloop
  endfacet
  facet normal -0.998786 -0.0492599 0
    outer loop
      vertex -17.3 14 0
      vertex -17.3058 14.1176 3.5
      vertex -17.3058 14.1176 0
    endloop
  endfacet
  facet normal -0.998786 -0.0492599 0
    outer loop
      vertex -17.3058 14.1176 3.5
      vertex -17.3 14 0
      vertex -17.3 14 3.5
    endloop
  endfacet
  facet normal -0.970042 -0.242935 0
    outer loop
      vertex -17.3231 14.2341 0
      vertex -17.3517 14.3483 3.5
      vertex -17.3517 14.3483 0
    endloop
  endfacet
  facet normal -0.970042 -0.242935 0
    outer loop
      vertex -17.3517 14.3483 3.5
      vertex -17.3231 14.2341 0
      vertex -17.3231 14.2341 3.5
    endloop
  endfacet
  facet normal 0.989153 -0.146887 0
    outer loop
      vertex -19.6942 14.1176 3.5
      vertex -19.6769 14.2341 0
      vertex -19.6769 14.2341 3.5
    endloop
  endfacet
  facet normal 0.989153 -0.146887 0
    outer loop
      vertex -19.6769 14.2341 0
      vertex -19.6942 14.1176 3.5
      vertex -19.6942 14.1176 0
    endloop
  endfacet
  facet normal 0.242935 0.970042 -0
    outer loop
      vertex -18.7341 12.8231 0
      vertex -18.8483 12.8517 3.5
      vertex -18.7341 12.8231 3.5
    endloop
  endfacet
  facet normal 0.242935 0.970042 0
    outer loop
      vertex -18.8483 12.8517 3.5
      vertex -18.7341 12.8231 0
      vertex -18.8483 12.8517 0
    endloop
  endfacet
  facet normal -0.336283 -0.941761 0
    outer loop
      vertex -18.1517 15.1483 0
      vertex -18.0408 15.1087 3.5
      vertex -18.1517 15.1483 3.5
    endloop
  endfacet
  facet normal -0.336283 -0.941761 -0
    outer loop
      vertex -18.0408 15.1087 3.5
      vertex -18.1517 15.1483 0
      vertex -18.0408 15.1087 0
    endloop
  endfacet
  facet normal 0.513871 -0.857867 0
    outer loop
      vertex -19.1667 14.9978 0
      vertex -19.0657 15.0583 3.5
      vertex -19.1667 14.9978 3.5
    endloop
  endfacet
  facet normal 0.513871 -0.857867 0
    outer loop
      vertex -19.0657 15.0583 3.5
      vertex -19.1667 14.9978 0
      vertex -19.0657 15.0583 0
    endloop
  endfacet
  facet normal 0.903893 0.427758 0
    outer loop
      vertex -19.5583 13.4343 3.5
      vertex -19.6087 13.5408 0
      vertex -19.6087 13.5408 3.5
    endloop
  endfacet
  facet normal 0.903893 0.427758 0
    outer loop
      vertex -19.6087 13.5408 0
      vertex -19.5583 13.4343 3.5
      vertex -19.5583 13.4343 0
    endloop
  endfacet
  facet normal 0.242935 -0.970042 0
    outer loop
      vertex -18.8483 15.1483 0
      vertex -18.7341 15.1769 3.5
      vertex -18.8483 15.1483 3.5
    endloop
  endfacet
  facet normal 0.242935 -0.970042 0
    outer loop
      vertex -18.7341 15.1769 3.5
      vertex -18.8483 15.1483 0
      vertex -18.7341 15.1769 0
    endloop
  endfacet
  facet normal 0.857867 0.513871 0
    outer loop
      vertex -19.4978 13.3333 3.5
      vertex -19.5583 13.4343 0
      vertex -19.5583 13.4343 3.5
    endloop
  endfacet
  facet normal 0.857867 0.513871 0
    outer loop
      vertex -19.5583 13.4343 0
      vertex -19.4978 13.3333 3.5
      vertex -19.4978 13.3333 0
    endloop
  endfacet
  facet normal -0.242935 0.970042 0
    outer loop
      vertex -18.1517 12.8517 0
      vertex -18.2659 12.8231 3.5
      vertex -18.1517 12.8517 3.5
    endloop
  endfacet
  facet normal -0.242935 0.970042 0
    outer loop
      vertex -18.2659 12.8231 3.5
      vertex -18.1517 12.8517 0
      vertex -18.2659 12.8231 0
    endloop
  endfacet
  facet normal 0.595918 0.803046 -0
    outer loop
      vertex -19.1667 13.0022 0
      vertex -19.2613 13.0724 3.5
      vertex -19.1667 13.0022 3.5
    endloop
  endfacet
  facet normal 0.595918 0.803046 0
    outer loop
      vertex -19.2613 13.0724 3.5
      vertex -19.1667 13.0022 0
      vertex -19.2613 13.0724 0
    endloop
  endfacet
  facet normal -0.513871 0.857867 0
    outer loop
      vertex -17.8333 13.0022 0
      vertex -17.9343 12.9417 3.5
      vertex -17.8333 13.0022 3.5
    endloop
  endfacet
  facet normal -0.513871 0.857867 0
    outer loop
      vertex -17.9343 12.9417 3.5
      vertex -17.8333 13.0022 0
      vertex -17.9343 12.9417 0
    endloop
  endfacet
  facet normal -0.803046 0.595918 0
    outer loop
      vertex -17.5724 13.2387 0
      vertex -17.5022 13.3333 3.5
      vertex -17.5022 13.3333 0
    endloop
  endfacet
  facet normal -0.803046 0.595918 0
    outer loop
      vertex -17.5022 13.3333 3.5
      vertex -17.5724 13.2387 0
      vertex -17.5724 13.2387 3.5
    endloop
  endfacet
  facet normal -0.146887 -0.989153 0
    outer loop
      vertex -18.3824 15.1942 0
      vertex -18.2659 15.1769 3.5
      vertex -18.3824 15.1942 3.5
    endloop
  endfacet
  facet normal -0.146887 -0.989153 -0
    outer loop
      vertex -18.2659 15.1769 3.5
      vertex -18.3824 15.1942 0
      vertex -18.2659 15.1769 0
    endloop
  endfacet
  facet normal 0.595918 -0.803046 0
    outer loop
      vertex -19.2613 14.9276 0
      vertex -19.1667 14.9978 3.5
      vertex -19.2613 14.9276 3.5
    endloop
  endfacet
  facet normal 0.595918 -0.803046 0
    outer loop
      vertex -19.1667 14.9978 3.5
      vertex -19.2613 14.9276 0
      vertex -19.1667 14.9978 0
    endloop
  endfacet
  facet normal -0.427758 0.903893 0
    outer loop
      vertex -17.9343 12.9417 0
      vertex -18.0408 12.8913 3.5
      vertex -17.9343 12.9417 3.5
    endloop
  endfacet
  facet normal -0.427758 0.903893 0
    outer loop
      vertex -18.0408 12.8913 3.5
      vertex -17.9343 12.9417 0
      vertex -18.0408 12.8913 0
    endloop
  endfacet
  facet normal 0.803046 -0.595918 0
    outer loop
      vertex -19.4978 14.6667 3.5
      vertex -19.4276 14.7613 0
      vertex -19.4276 14.7613 3.5
    endloop
  endfacet
  facet normal 0.803046 -0.595918 0
    outer loop
      vertex -19.4276 14.7613 0
      vertex -19.4978 14.6667 3.5
      vertex -19.4978 14.6667 0
    endloop
  endfacet
  facet normal -0.989153 0.146887 0
    outer loop
      vertex -17.3231 13.7659 0
      vertex -17.3058 13.8824 3.5
      vertex -17.3058 13.8824 0
    endloop
  endfacet
  facet normal -0.989153 0.146887 0
    outer loop
      vertex -17.3058 13.8824 3.5
      vertex -17.3231 13.7659 0
      vertex -17.3231 13.7659 3.5
    endloop
  endfacet
  facet normal 0.941761 -0.336283 0
    outer loop
      vertex -19.6483 14.3483 3.5
      vertex -19.6087 14.4592 0
      vertex -19.6087 14.4592 3.5
    endloop
  endfacet
  facet normal 0.941761 -0.336283 0
    outer loop
      vertex -19.6087 14.4592 0
      vertex -19.6483 14.3483 3.5
      vertex -19.6483 14.3483 0
    endloop
  endfacet
  facet normal -0.427758 -0.903893 0
    outer loop
      vertex -18.0408 15.1087 0
      vertex -17.9343 15.0583 3.5
      vertex -18.0408 15.1087 3.5
    endloop
  endfacet
  facet normal -0.427758 -0.903893 -0
    outer loop
      vertex -17.9343 15.0583 3.5
      vertex -18.0408 15.1087 0
      vertex -17.9343 15.0583 0
    endloop
  endfacet
  facet normal 0.941761 0.336283 0
    outer loop
      vertex -19.6087 13.5408 3.5
      vertex -19.6483 13.6517 0
      vertex -19.6483 13.6517 3.5
    endloop
  endfacet
  facet normal 0.941761 0.336283 0
    outer loop
      vertex -19.6483 13.6517 0
      vertex -19.6087 13.5408 3.5
      vertex -19.6087 13.5408 0
    endloop
  endfacet
  facet normal -0.970042 0.242935 0
    outer loop
      vertex -17.3517 13.6517 0
      vertex -17.3231 13.7659 3.5
      vertex -17.3231 13.7659 0
    endloop
  endfacet
  facet normal -0.970042 0.242935 0
    outer loop
      vertex -17.3231 13.7659 3.5
      vertex -17.3517 13.6517 0
      vertex -17.3517 13.6517 3.5
    endloop
  endfacet
  facet normal 0.0492599 -0.998786 0
    outer loop
      vertex -18.6176 15.1942 0
      vertex -18.5 15.2 3.5
      vertex -18.6176 15.1942 3.5
    endloop
  endfacet
  facet normal 0.0492599 -0.998786 0
    outer loop
      vertex -18.5 15.2 3.5
      vertex -18.6176 15.1942 0
      vertex -18.5 15.2 0
    endloop
  endfacet
  facet normal -0.671869 -0.74067 0
    outer loop
      vertex -17.7387 14.9276 0
      vertex -17.6515 14.8485 3.5
      vertex -17.7387 14.9276 3.5
    endloop
  endfacet
  facet normal -0.671869 -0.74067 -0
    outer loop
      vertex -17.6515 14.8485 3.5
      vertex -17.7387 14.9276 0
      vertex -17.6515 14.8485 0
    endloop
  endfacet
  facet normal 0.427758 -0.903893 0
    outer loop
      vertex -19.0657 15.0583 0
      vertex -18.9592 15.1087 3.5
      vertex -19.0657 15.0583 3.5
    endloop
  endfacet
  facet normal 0.427758 -0.903893 0
    outer loop
      vertex -18.9592 15.1087 3.5
      vertex -19.0657 15.0583 0
      vertex -18.9592 15.1087 0
    endloop
  endfacet
  facet normal 0.671869 -0.74067 0
    outer loop
      vertex -19.3485 14.8485 0
      vertex -19.2613 14.9276 3.5
      vertex -19.3485 14.8485 3.5
    endloop
  endfacet
  facet normal 0.671869 -0.74067 0
    outer loop
      vertex -19.2613 14.9276 3.5
      vertex -19.3485 14.8485 0
      vertex -19.2613 14.9276 0
    endloop
  endfacet
  facet normal -0.336283 0.941761 0
    outer loop
      vertex -18.0408 12.8913 0
      vertex -18.1517 12.8517 3.5
      vertex -18.0408 12.8913 3.5
    endloop
  endfacet
  facet normal -0.336283 0.941761 0
    outer loop
      vertex -18.1517 12.8517 3.5
      vertex -18.0408 12.8913 0
      vertex -18.1517 12.8517 0
    endloop
  endfacet
  facet normal 0.336283 -0.941761 0
    outer loop
      vertex -18.9592 15.1087 0
      vertex -18.8483 15.1483 3.5
      vertex -18.9592 15.1087 3.5
    endloop
  endfacet
  facet normal 0.336283 -0.941761 0
    outer loop
      vertex -18.8483 15.1483 3.5
      vertex -18.9592 15.1087 0
      vertex -18.8483 15.1483 0
    endloop
  endfacet
  facet normal -0.803046 -0.595918 0
    outer loop
      vertex -17.5022 14.6667 0
      vertex -17.5724 14.7613 3.5
      vertex -17.5724 14.7613 0
    endloop
  endfacet
  facet normal -0.803046 -0.595918 0
    outer loop
      vertex -17.5724 14.7613 3.5
      vertex -17.5022 14.6667 0
      vertex -17.5022 14.6667 3.5
    endloop
  endfacet
  facet normal 0.857867 -0.513871 0
    outer loop
      vertex -19.5583 14.5657 3.5
      vertex -19.4978 14.6667 0
      vertex -19.4978 14.6667 3.5
    endloop
  endfacet
  facet normal 0.857867 -0.513871 0
    outer loop
      vertex -19.4978 14.6667 0
      vertex -19.5583 14.5657 3.5
      vertex -19.5583 14.5657 0
    endloop
  endfacet
  facet normal -0.998786 0.0492599 0
    outer loop
      vertex -17.3058 13.8824 0
      vertex -17.3 14 3.5
      vertex -17.3 14 0
    endloop
  endfacet
  facet normal -0.998786 0.0492599 0
    outer loop
      vertex -17.3 14 3.5
      vertex -17.3058 13.8824 0
      vertex -17.3058 13.8824 3.5
    endloop
  endfacet
  facet normal -0.903893 0.427758 0
    outer loop
      vertex -17.4417 13.4343 0
      vertex -17.3913 13.5408 3.5
      vertex -17.3913 13.5408 0
    endloop
  endfacet
  facet normal -0.903893 0.427758 0
    outer loop
      vertex -17.3913 13.5408 3.5
      vertex -17.4417 13.4343 0
      vertex -17.4417 13.4343 3.5
    endloop
  endfacet
  facet normal -0.595918 -0.803046 0
    outer loop
      vertex -17.8333 14.9978 0
      vertex -17.7387 14.9276 3.5
      vertex -17.8333 14.9978 3.5
    endloop
  endfacet
  facet normal -0.595918 -0.803046 -0
    outer loop
      vertex -17.7387 14.9276 3.5
      vertex -17.8333 14.9978 0
      vertex -17.7387 14.9276 0
    endloop
  endfacet
  facet normal 0.513871 0.857867 -0
    outer loop
      vertex -19.0657 12.9417 0
      vertex -19.1667 13.0022 3.5
      vertex -19.0657 12.9417 3.5
    endloop
  endfacet
  facet normal 0.513871 0.857867 0
    outer loop
      vertex -19.1667 13.0022 3.5
      vertex -19.0657 12.9417 0
      vertex -19.1667 13.0022 0
    endloop
  endfacet
  facet normal -0.513871 -0.857867 0
    outer loop
      vertex -17.9343 15.0583 0
      vertex -17.8333 14.9978 3.5
      vertex -17.9343 15.0583 3.5
    endloop
  endfacet
  facet normal -0.513871 -0.857867 -0
    outer loop
      vertex -17.8333 14.9978 3.5
      vertex -17.9343 15.0583 0
      vertex -17.8333 14.9978 0
    endloop
  endfacet
  facet normal -0.146887 0.989153 0
    outer loop
      vertex -18.2659 12.8231 0
      vertex -18.3824 12.8058 3.5
      vertex -18.2659 12.8231 3.5
    endloop
  endfacet
  facet normal -0.146887 0.989153 0
    outer loop
      vertex -18.3824 12.8058 3.5
      vertex -18.2659 12.8231 0
      vertex -18.3824 12.8058 0
    endloop
  endfacet
  facet normal -0.941761 -0.336283 0
    outer loop
      vertex -17.3517 14.3483 0
      vertex -17.3913 14.4592 3.5
      vertex -17.3913 14.4592 0
    endloop
  endfacet
  facet normal -0.941761 -0.336283 0
    outer loop
      vertex -17.3913 14.4592 3.5
      vertex -17.3517 14.3483 0
      vertex -17.3517 14.3483 3.5
    endloop
  endfacet
  facet normal -0.857867 0.513871 0
    outer loop
      vertex -17.5022 13.3333 0
      vertex -17.4417 13.4343 3.5
      vertex -17.4417 13.4343 0
    endloop
  endfacet
  facet normal -0.857867 0.513871 0
    outer loop
      vertex -17.4417 13.4343 3.5
      vertex -17.5022 13.3333 0
      vertex -17.5022 13.3333 3.5
    endloop
  endfacet
  facet normal 0.998786 0.0492599 0
    outer loop
      vertex -19.6942 13.8824 3.5
      vertex -19.7 14 0
      vertex -19.7 14 3.5
    endloop
  endfacet
  facet normal 0.998786 0.0492599 0
    outer loop
      vertex -19.7 14 0
      vertex -19.6942 13.8824 3.5
      vertex -19.6942 13.8824 0
    endloop
  endfacet
  facet normal -0.941761 0.336283 0
    outer loop
      vertex -17.3913 13.5408 0
      vertex -17.3517 13.6517 3.5
      vertex -17.3517 13.6517 0
    endloop
  endfacet
  facet normal -0.941761 0.336283 0
    outer loop
      vertex -17.3517 13.6517 3.5
      vertex -17.3913 13.5408 0
      vertex -17.3913 13.5408 3.5
    endloop
  endfacet
  facet normal -0.74067 -0.671869 0
    outer loop
      vertex -17.5724 14.7613 0
      vertex -17.6515 14.8485 3.5
      vertex -17.6515 14.8485 0
    endloop
  endfacet
  facet normal -0.74067 -0.671869 0
    outer loop
      vertex -17.6515 14.8485 3.5
      vertex -17.5724 14.7613 0
      vertex -17.5724 14.7613 3.5
    endloop
  endfacet
  facet normal -0.0492599 -0.998786 0
    outer loop
      vertex -18.5 15.2 0
      vertex -18.3824 15.1942 3.5
      vertex -18.5 15.2 3.5
    endloop
  endfacet
  facet normal -0.0492599 -0.998786 -0
    outer loop
      vertex -18.3824 15.1942 3.5
      vertex -18.5 15.2 0
      vertex -18.3824 15.1942 0
    endloop
  endfacet
  facet normal -0.903893 -0.427758 0
    outer loop
      vertex -17.3913 14.4592 0
      vertex -17.4417 14.5657 3.5
      vertex -17.4417 14.5657 0
    endloop
  endfacet
  facet normal -0.903893 -0.427758 0
    outer loop
      vertex -17.4417 14.5657 3.5
      vertex -17.3913 14.4592 0
      vertex -17.3913 14.4592 3.5
    endloop
  endfacet
  facet normal 0.146887 0.989153 -0
    outer loop
      vertex -18.6176 12.8058 0
      vertex -18.7341 12.8231 3.5
      vertex -18.6176 12.8058 3.5
    endloop
  endfacet
  facet normal 0.146887 0.989153 0
    outer loop
      vertex -18.7341 12.8231 3.5
      vertex -18.6176 12.8058 0
      vertex -18.7341 12.8231 0
    endloop
  endfacet
  facet normal -0.671869 0.74067 0
    outer loop
      vertex -17.6515 13.1515 0
      vertex -17.7387 13.0724 3.5
      vertex -17.6515 13.1515 3.5
    endloop
  endfacet
  facet normal -0.671869 0.74067 0
    outer loop
      vertex -17.7387 13.0724 3.5
      vertex -17.6515 13.1515 0
      vertex -17.7387 13.0724 0
    endloop
  endfacet
  facet normal -0.857867 -0.513871 0
    outer loop
      vertex -17.4417 14.5657 0
      vertex -17.5022 14.6667 3.5
      vertex -17.5022 14.6667 0
    endloop
  endfacet
  facet normal -0.857867 -0.513871 0
    outer loop
      vertex -17.5022 14.6667 3.5
      vertex -17.4417 14.5657 0
      vertex -17.4417 14.5657 3.5
    endloop
  endfacet
  facet normal 0.0492599 0.998786 -0
    outer loop
      vertex -18.5 12.8 0
      vertex -18.6176 12.8058 3.5
      vertex -18.5 12.8 3.5
    endloop
  endfacet
  facet normal 0.0492599 0.998786 0
    outer loop
      vertex -18.6176 12.8058 3.5
      vertex -18.5 12.8 0
      vertex -18.6176 12.8058 0
    endloop
  endfacet
  facet normal 0.74067 -0.671869 0
    outer loop
      vertex -19.4276 14.7613 3.5
      vertex -19.3485 14.8485 0
      vertex -19.3485 14.8485 3.5
    endloop
  endfacet
  facet normal 0.74067 -0.671869 0
    outer loop
      vertex -19.3485 14.8485 0
      vertex -19.4276 14.7613 3.5
      vertex -19.4276 14.7613 0
    endloop
  endfacet
  facet normal 0.146887 -0.989153 0
    outer loop
      vertex -18.7341 15.1769 0
      vertex -18.6176 15.1942 3.5
      vertex -18.7341 15.1769 3.5
    endloop
  endfacet
  facet normal 0.146887 -0.989153 0
    outer loop
      vertex -18.6176 15.1942 3.5
      vertex -18.7341 15.1769 0
      vertex -18.6176 15.1942 0
    endloop
  endfacet
  facet normal 0.903893 -0.427758 0
    outer loop
      vertex -19.6087 14.4592 3.5
      vertex -19.5583 14.5657 0
      vertex -19.5583 14.5657 3.5
    endloop
  endfacet
  facet normal 0.903893 -0.427758 0
    outer loop
      vertex -19.5583 14.5657 0
      vertex -19.6087 14.4592 3.5
      vertex -19.6087 14.4592 0
    endloop
  endfacet
  facet normal 0.671869 0.74067 -0
    outer loop
      vertex -19.2613 13.0724 0
      vertex -19.3485 13.1515 3.5
      vertex -19.2613 13.0724 3.5
    endloop
  endfacet
  facet normal 0.671869 0.74067 0
    outer loop
      vertex -19.3485 13.1515 3.5
      vertex -19.2613 13.0724 0
      vertex -19.3485 13.1515 0
    endloop
  endfacet
  facet normal 0.970042 -0.242935 0
    outer loop
      vertex -19.6769 14.2341 3.5
      vertex -19.6483 14.3483 0
      vertex -19.6483 14.3483 3.5
    endloop
  endfacet
  facet normal 0.970042 -0.242935 0
    outer loop
      vertex -19.6483 14.3483 0
      vertex -19.6769 14.2341 3.5
      vertex -19.6769 14.2341 0
    endloop
  endfacet
  facet normal -0.242935 -0.970042 0
    outer loop
      vertex -18.2659 15.1769 0
      vertex -18.1517 15.1483 3.5
      vertex -18.2659 15.1769 3.5
    endloop
  endfacet
  facet normal -0.242935 -0.970042 -0
    outer loop
      vertex -18.1517 15.1483 3.5
      vertex -18.2659 15.1769 0
      vertex -18.1517 15.1483 0
    endloop
  endfacet
  facet normal 0.970042 0.242935 0
    outer loop
      vertex -19.6483 13.6517 3.5
      vertex -19.6769 13.7659 0
      vertex -19.6769 13.7659 3.5
    endloop
  endfacet
  facet normal 0.970042 0.242935 0
    outer loop
      vertex -19.6769 13.7659 0
      vertex -19.6483 13.6517 3.5
      vertex -19.6483 13.6517 0
    endloop
  endfacet
  facet normal 0.427758 0.903893 -0
    outer loop
      vertex -18.9592 12.8913 0
      vertex -19.0657 12.9417 3.5
      vertex -18.9592 12.8913 3.5
    endloop
  endfacet
  facet normal 0.427758 0.903893 0
    outer loop
      vertex -19.0657 12.9417 3.5
      vertex -18.9592 12.8913 0
      vertex -19.0657 12.9417 0
    endloop
  endfacet
  facet normal 0.74067 0.671869 0
    outer loop
      vertex -19.3485 13.1515 3.5
      vertex -19.4276 13.2387 0
      vertex -19.4276 13.2387 3.5
    endloop
  endfacet
  facet normal 0.74067 0.671869 0
    outer loop
      vertex -19.4276 13.2387 0
      vertex -19.3485 13.1515 3.5
      vertex -19.3485 13.1515 0
    endloop
  endfacet
  facet normal -0.0492599 0.998786 0
    outer loop
      vertex -18.3824 12.8058 0
      vertex -18.5 12.8 3.5
      vertex -18.3824 12.8058 3.5
    endloop
  endfacet
  facet normal -0.0492599 0.998786 0
    outer loop
      vertex -18.5 12.8 3.5
      vertex -18.3824 12.8058 0
      vertex -18.5 12.8 0
    endloop
  endfacet
  facet normal 0.989153 0.146887 0
    outer loop
      vertex -19.6769 13.7659 3.5
      vertex -19.6942 13.8824 0
      vertex -19.6942 13.8824 3.5
    endloop
  endfacet
  facet normal 0.989153 0.146887 0
    outer loop
      vertex -19.6942 13.8824 0
      vertex -19.6769 13.7659 3.5
      vertex -19.6769 13.7659 0
    endloop
  endfacet
  facet normal -0.595918 0.803046 0
    outer loop
      vertex -17.7387 13.0724 0
      vertex -17.8333 13.0022 3.5
      vertex -17.7387 13.0724 3.5
    endloop
  endfacet
  facet normal -0.595918 0.803046 0
    outer loop
      vertex -17.8333 13.0022 3.5
      vertex -17.7387 13.0724 0
      vertex -17.8333 13.0022 0
    endloop
  endfacet
  facet normal 0.803046 0.595918 0
    outer loop
      vertex -19.4276 13.2387 3.5
      vertex -19.4978 13.3333 0
      vertex -19.4978 13.3333 3.5
    endloop
  endfacet
  facet normal 0.803046 0.595918 0
    outer loop
      vertex -19.4978 13.3333 0
      vertex -19.4276 13.2387 3.5
      vertex -19.4276 13.2387 0
    endloop
  endfacet
  facet normal 0.998786 -0.0492599 0
    outer loop
      vertex -19.7 14 3.5
      vertex -19.6942 14.1176 0
      vertex -19.6942 14.1176 3.5
    endloop
  endfacet
  facet normal 0.998786 -0.0492599 0
    outer loop
      vertex -19.6942 14.1176 0
      vertex -19.7 14 3.5
      vertex -19.7 14 0
    endloop
  endfacet
  facet normal -0.74067 0.671869 0
    outer loop
      vertex -17.6515 13.1515 0
      vertex -17.5724 13.2387 3.5
      vertex -17.5724 13.2387 0
    endloop
  endfacet
  facet normal -0.74067 0.671869 0
    outer loop
      vertex -17.5724 13.2387 3.5
      vertex -17.6515 13.1515 0
      vertex -17.6515 13.1515 3.5
    endloop
  endfacet
  facet normal 0.0492599 -0.998786 0
    outer loop
      vertex 76.3824 -12.8058 0
      vertex 76.5 -12.8 3.5
      vertex 76.3824 -12.8058 3.5
    endloop
  endfacet
  facet normal 0.0492599 -0.998786 0
    outer loop
      vertex 76.5 -12.8 3.5
      vertex 76.3824 -12.8058 0
      vertex 76.5 -12.8 0
    endloop
  endfacet
  facet normal -0.989153 -0.146887 0
    outer loop
      vertex 77.6942 -13.8824 0
      vertex 77.6769 -13.7659 3.5
      vertex 77.6769 -13.7659 0
    endloop
  endfacet
  facet normal -0.989153 -0.146887 0
    outer loop
      vertex 77.6769 -13.7659 3.5
      vertex 77.6942 -13.8824 0
      vertex 77.6942 -13.8824 3.5
    endloop
  endfacet
  facet normal -0.998786 -0.0492599 0
    outer loop
      vertex 77.7 -14 0
      vertex 77.6942 -13.8824 3.5
      vertex 77.6942 -13.8824 0
    endloop
  endfacet
  facet normal -0.998786 -0.0492599 0
    outer loop
      vertex 77.6942 -13.8824 3.5
      vertex 77.7 -14 0
      vertex 77.7 -14 3.5
    endloop
  endfacet
  facet normal -0.970042 -0.242935 0
    outer loop
      vertex 77.6769 -13.7659 0
      vertex 77.6483 -13.6517 3.5
      vertex 77.6483 -13.6517 0
    endloop
  endfacet
  facet normal -0.970042 -0.242935 0
    outer loop
      vertex 77.6483 -13.6517 3.5
      vertex 77.6769 -13.7659 0
      vertex 77.6769 -13.7659 3.5
    endloop
  endfacet
  facet normal 0.0492599 0.998786 -0
    outer loop
      vertex 76.5 -15.2 0
      vertex 76.3824 -15.1942 3.5
      vertex 76.5 -15.2 3.5
    endloop
  endfacet
  facet normal 0.0492599 0.998786 0
    outer loop
      vertex 76.3824 -15.1942 3.5
      vertex 76.5 -15.2 0
      vertex 76.3824 -15.1942 0
    endloop
  endfacet
  facet normal -0.803046 -0.595918 0
    outer loop
      vertex 77.4978 -13.3333 0
      vertex 77.4276 -13.2387 3.5
      vertex 77.4276 -13.2387 0
    endloop
  endfacet
  facet normal -0.803046 -0.595918 0
    outer loop
      vertex 77.4276 -13.2387 3.5
      vertex 77.4978 -13.3333 0
      vertex 77.4978 -13.3333 3.5
    endloop
  endfacet
  facet normal -0.595918 -0.803046 0
    outer loop
      vertex 77.1667 -13.0022 0
      vertex 77.2613 -13.0724 3.5
      vertex 77.1667 -13.0022 3.5
    endloop
  endfacet
  facet normal -0.595918 -0.803046 -0
    outer loop
      vertex 77.2613 -13.0724 3.5
      vertex 77.1667 -13.0022 0
      vertex 77.2613 -13.0724 0
    endloop
  endfacet
  facet normal 0.941761 -0.336283 0
    outer loop
      vertex 75.3517 -13.6517 3.5
      vertex 75.3913 -13.5408 0
      vertex 75.3913 -13.5408 3.5
    endloop
  endfacet
  facet normal 0.941761 -0.336283 0
    outer loop
      vertex 75.3913 -13.5408 0
      vertex 75.3517 -13.6517 3.5
      vertex 75.3517 -13.6517 0
    endloop
  endfacet
  facet normal -0.998786 0.0492599 0
    outer loop
      vertex 77.6942 -14.1176 0
      vertex 77.7 -14 3.5
      vertex 77.7 -14 0
    endloop
  endfacet
  facet normal -0.998786 0.0492599 0
    outer loop
      vertex 77.7 -14 3.5
      vertex 77.6942 -14.1176 0
      vertex 77.6942 -14.1176 3.5
    endloop
  endfacet
  facet normal 0.427758 -0.903893 0
    outer loop
      vertex 75.9343 -12.9417 0
      vertex 76.0408 -12.8913 3.5
      vertex 75.9343 -12.9417 3.5
    endloop
  endfacet
  facet normal 0.427758 -0.903893 0
    outer loop
      vertex 76.0408 -12.8913 3.5
      vertex 75.9343 -12.9417 0
      vertex 76.0408 -12.8913 0
    endloop
  endfacet
  facet normal 0.146887 -0.989153 0
    outer loop
      vertex 76.2659 -12.8231 0
      vertex 76.3824 -12.8058 3.5
      vertex 76.2659 -12.8231 3.5
    endloop
  endfacet
  facet normal 0.146887 -0.989153 0
    outer loop
      vertex 76.3824 -12.8058 3.5
      vertex 76.2659 -12.8231 0
      vertex 76.3824 -12.8058 0
    endloop
  endfacet
  facet normal 0.74067 -0.671869 0
    outer loop
      vertex 75.5724 -13.2387 3.5
      vertex 75.6515 -13.1515 0
      vertex 75.6515 -13.1515 3.5
    endloop
  endfacet
  facet normal 0.74067 -0.671869 0
    outer loop
      vertex 75.6515 -13.1515 0
      vertex 75.5724 -13.2387 3.5
      vertex 75.5724 -13.2387 0
    endloop
  endfacet
  facet normal -0.427758 -0.903893 0
    outer loop
      vertex 76.9592 -12.8913 0
      vertex 77.0657 -12.9417 3.5
      vertex 76.9592 -12.8913 3.5
    endloop
  endfacet
  facet normal -0.427758 -0.903893 -0
    outer loop
      vertex 77.0657 -12.9417 3.5
      vertex 76.9592 -12.8913 0
      vertex 77.0657 -12.9417 0
    endloop
  endfacet
  facet normal 0.857867 -0.513871 0
    outer loop
      vertex 75.4417 -13.4343 3.5
      vertex 75.5022 -13.3333 0
      vertex 75.5022 -13.3333 3.5
    endloop
  endfacet
  facet normal 0.857867 -0.513871 0
    outer loop
      vertex 75.5022 -13.3333 0
      vertex 75.4417 -13.4343 3.5
      vertex 75.4417 -13.4343 0
    endloop
  endfacet
  facet normal -0.336283 0.941761 0
    outer loop
      vertex 76.9592 -15.1087 0
      vertex 76.8483 -15.1483 3.5
      vertex 76.9592 -15.1087 3.5
    endloop
  endfacet
  facet normal -0.336283 0.941761 0
    outer loop
      vertex 76.8483 -15.1483 3.5
      vertex 76.9592 -15.1087 0
      vertex 76.8483 -15.1483 0
    endloop
  endfacet
  facet normal 0.336283 -0.941761 0
    outer loop
      vertex 76.0408 -12.8913 0
      vertex 76.1517 -12.8517 3.5
      vertex 76.0408 -12.8913 3.5
    endloop
  endfacet
  facet normal 0.336283 -0.941761 0
    outer loop
      vertex 76.1517 -12.8517 3.5
      vertex 76.0408 -12.8913 0
      vertex 76.1517 -12.8517 0
    endloop
  endfacet
  facet normal 0.998786 0.0492599 0
    outer loop
      vertex 75.3058 -14.1176 3.5
      vertex 75.3 -14 0
      vertex 75.3 -14 3.5
    endloop
  endfacet
  facet normal 0.998786 0.0492599 0
    outer loop
      vertex 75.3 -14 0
      vertex 75.3058 -14.1176 3.5
      vertex 75.3058 -14.1176 0
    endloop
  endfacet
  facet normal 0.803046 0.595918 0
    outer loop
      vertex 75.5724 -14.7613 3.5
      vertex 75.5022 -14.6667 0
      vertex 75.5022 -14.6667 3.5
    endloop
  endfacet
  facet normal 0.803046 0.595918 0
    outer loop
      vertex 75.5022 -14.6667 0
      vertex 75.5724 -14.7613 3.5
      vertex 75.5724 -14.7613 0
    endloop
  endfacet
  facet normal -0.989153 0.146887 0
    outer loop
      vertex 77.6769 -14.2341 0
      vertex 77.6942 -14.1176 3.5
      vertex 77.6942 -14.1176 0
    endloop
  endfacet
  facet normal -0.989153 0.146887 0
    outer loop
      vertex 77.6942 -14.1176 3.5
      vertex 77.6769 -14.2341 0
      vertex 77.6769 -14.2341 3.5
    endloop
  endfacet
  facet normal -0.941761 -0.336283 0
    outer loop
      vertex 77.6483 -13.6517 0
      vertex 77.6087 -13.5408 3.5
      vertex 77.6087 -13.5408 0
    endloop
  endfacet
  facet normal -0.941761 -0.336283 0
    outer loop
      vertex 77.6087 -13.5408 3.5
      vertex 77.6483 -13.6517 0
      vertex 77.6483 -13.6517 3.5
    endloop
  endfacet
  facet normal 0.857867 0.513871 0
    outer loop
      vertex 75.5022 -14.6667 3.5
      vertex 75.4417 -14.5657 0
      vertex 75.4417 -14.5657 3.5
    endloop
  endfacet
  facet normal 0.857867 0.513871 0
    outer loop
      vertex 75.4417 -14.5657 0
      vertex 75.5022 -14.6667 3.5
      vertex 75.5022 -14.6667 0
    endloop
  endfacet
  facet normal -0.803046 0.595918 0
    outer loop
      vertex 77.4276 -14.7613 0
      vertex 77.4978 -14.6667 3.5
      vertex 77.4978 -14.6667 0
    endloop
  endfacet
  facet normal -0.803046 0.595918 0
    outer loop
      vertex 77.4978 -14.6667 3.5
      vertex 77.4276 -14.7613 0
      vertex 77.4276 -14.7613 3.5
    endloop
  endfacet
  facet normal -0.336283 -0.941761 0
    outer loop
      vertex 76.8483 -12.8517 0
      vertex 76.9592 -12.8913 3.5
      vertex 76.8483 -12.8517 3.5
    endloop
  endfacet
  facet normal -0.336283 -0.941761 -0
    outer loop
      vertex 76.9592 -12.8913 3.5
      vertex 76.8483 -12.8517 0
      vertex 76.9592 -12.8913 0
    endloop
  endfacet
  facet normal -0.74067 -0.671869 0
    outer loop
      vertex 77.4276 -13.2387 0
      vertex 77.3485 -13.1515 3.5
      vertex 77.3485 -13.1515 0
    endloop
  endfacet
  facet normal -0.74067 -0.671869 0
    outer loop
      vertex 77.3485 -13.1515 3.5
      vertex 77.4276 -13.2387 0
      vertex 77.4276 -13.2387 3.5
    endloop
  endfacet
  facet normal 0.903893 -0.427758 0
    outer loop
      vertex 75.3913 -13.5408 3.5
      vertex 75.4417 -13.4343 0
      vertex 75.4417 -13.4343 3.5
    endloop
  endfacet
  facet normal 0.903893 -0.427758 0
    outer loop
      vertex 75.4417 -13.4343 0
      vertex 75.3913 -13.5408 3.5
      vertex 75.3913 -13.5408 0
    endloop
  endfacet
  facet normal -0.146887 -0.989153 0
    outer loop
      vertex 76.6176 -12.8058 0
      vertex 76.7341 -12.8231 3.5
      vertex 76.6176 -12.8058 3.5
    endloop
  endfacet
  facet normal -0.146887 -0.989153 -0
    outer loop
      vertex 76.7341 -12.8231 3.5
      vertex 76.6176 -12.8058 0
      vertex 76.7341 -12.8231 0
    endloop
  endfacet
  facet normal -0.513871 0.857867 0
    outer loop
      vertex 77.1667 -14.9978 0
      vertex 77.0657 -15.0583 3.5
      vertex 77.1667 -14.9978 3.5
    endloop
  endfacet
  facet normal -0.513871 0.857867 0
    outer loop
      vertex 77.0657 -15.0583 3.5
      vertex 77.1667 -14.9978 0
      vertex 77.0657 -15.0583 0
    endloop
  endfacet
  facet normal -0.513871 -0.857867 0
    outer loop
      vertex 77.0657 -12.9417 0
      vertex 77.1667 -13.0022 3.5
      vertex 77.0657 -12.9417 3.5
    endloop
  endfacet
  facet normal -0.513871 -0.857867 -0
    outer loop
      vertex 77.1667 -13.0022 3.5
      vertex 77.0657 -12.9417 0
      vertex 77.1667 -13.0022 0
    endloop
  endfacet
  facet normal 0.242935 -0.970042 0
    outer loop
      vertex 76.1517 -12.8517 0
      vertex 76.2659 -12.8231 3.5
      vertex 76.1517 -12.8517 3.5
    endloop
  endfacet
  facet normal 0.242935 -0.970042 0
    outer loop
      vertex 76.2659 -12.8231 3.5
      vertex 76.1517 -12.8517 0
      vertex 76.2659 -12.8231 0
    endloop
  endfacet
  facet normal 0.903893 0.427758 0
    outer loop
      vertex 75.4417 -14.5657 3.5
      vertex 75.3913 -14.4592 0
      vertex 75.3913 -14.4592 3.5
    endloop
  endfacet
  facet normal 0.903893 0.427758 0
    outer loop
      vertex 75.3913 -14.4592 0
      vertex 75.4417 -14.5657 3.5
      vertex 75.4417 -14.5657 0
    endloop
  endfacet
  facet normal -0.903893 -0.427758 0
    outer loop
      vertex 77.6087 -13.5408 0
      vertex 77.5583 -13.4343 3.5
      vertex 77.5583 -13.4343 0
    endloop
  endfacet
  facet normal -0.903893 -0.427758 0
    outer loop
      vertex 77.5583 -13.4343 3.5
      vertex 77.6087 -13.5408 0
      vertex 77.6087 -13.5408 3.5
    endloop
  endfacet
  facet normal 0.146887 0.989153 -0
    outer loop
      vertex 76.3824 -15.1942 0
      vertex 76.2659 -15.1769 3.5
      vertex 76.3824 -15.1942 3.5
    endloop
  endfacet
  facet normal 0.146887 0.989153 0
    outer loop
      vertex 76.2659 -15.1769 3.5
      vertex 76.3824 -15.1942 0
      vertex 76.2659 -15.1769 0
    endloop
  endfacet
  facet normal -0.671869 0.74067 0
    outer loop
      vertex 77.3485 -14.8485 0
      vertex 77.2613 -14.9276 3.5
      vertex 77.3485 -14.8485 3.5
    endloop
  endfacet
  facet normal -0.671869 0.74067 0
    outer loop
      vertex 77.2613 -14.9276 3.5
      vertex 77.3485 -14.8485 0
      vertex 77.2613 -14.9276 0
    endloop
  endfacet
  facet normal 0.989153 0.146887 0
    outer loop
      vertex 75.3231 -14.2341 3.5
      vertex 75.3058 -14.1176 0
      vertex 75.3058 -14.1176 3.5
    endloop
  endfacet
  facet normal 0.989153 0.146887 0
    outer loop
      vertex 75.3058 -14.1176 0
      vertex 75.3231 -14.2341 3.5
      vertex 75.3231 -14.2341 0
    endloop
  endfacet
  facet normal 0.595918 0.803046 -0
    outer loop
      vertex 75.8333 -14.9978 0
      vertex 75.7387 -14.9276 3.5
      vertex 75.8333 -14.9978 3.5
    endloop
  endfacet
  facet normal 0.595918 0.803046 0
    outer loop
      vertex 75.7387 -14.9276 3.5
      vertex 75.8333 -14.9978 0
      vertex 75.7387 -14.9276 0
    endloop
  endfacet
  facet normal -0.146887 0.989153 0
    outer loop
      vertex 76.7341 -15.1769 0
      vertex 76.6176 -15.1942 3.5
      vertex 76.7341 -15.1769 3.5
    endloop
  endfacet
  facet normal -0.146887 0.989153 0
    outer loop
      vertex 76.6176 -15.1942 3.5
      vertex 76.7341 -15.1769 0
      vertex 76.6176 -15.1942 0
    endloop
  endfacet
  facet normal 0.941761 0.336283 0
    outer loop
      vertex 75.3913 -14.4592 3.5
      vertex 75.3517 -14.3483 0
      vertex 75.3517 -14.3483 3.5
    endloop
  endfacet
  facet normal 0.941761 0.336283 0
    outer loop
      vertex 75.3517 -14.3483 0
      vertex 75.3913 -14.4592 3.5
      vertex 75.3913 -14.4592 0
    endloop
  endfacet
  facet normal -0.595918 0.803046 0
    outer loop
      vertex 77.2613 -14.9276 0
      vertex 77.1667 -14.9978 3.5
      vertex 77.2613 -14.9276 3.5
    endloop
  endfacet
  facet normal -0.595918 0.803046 0
    outer loop
      vertex 77.1667 -14.9978 3.5
      vertex 77.2613 -14.9276 0
      vertex 77.1667 -14.9978 0
    endloop
  endfacet
  facet normal -0.427758 0.903893 0
    outer loop
      vertex 77.0657 -15.0583 0
      vertex 76.9592 -15.1087 3.5
      vertex 77.0657 -15.0583 3.5
    endloop
  endfacet
  facet normal -0.427758 0.903893 0
    outer loop
      vertex 76.9592 -15.1087 3.5
      vertex 77.0657 -15.0583 0
      vertex 76.9592 -15.1087 0
    endloop
  endfacet
  facet normal 0.74067 0.671869 0
    outer loop
      vertex 75.6515 -14.8485 3.5
      vertex 75.5724 -14.7613 0
      vertex 75.5724 -14.7613 3.5
    endloop
  endfacet
  facet normal 0.74067 0.671869 0
    outer loop
      vertex 75.5724 -14.7613 0
      vertex 75.6515 -14.8485 3.5
      vertex 75.6515 -14.8485 0
    endloop
  endfacet
  facet normal 0.671869 0.74067 -0
    outer loop
      vertex 75.7387 -14.9276 0
      vertex 75.6515 -14.8485 3.5
      vertex 75.7387 -14.9276 3.5
    endloop
  endfacet
  facet normal 0.671869 0.74067 0
    outer loop
      vertex 75.6515 -14.8485 3.5
      vertex 75.7387 -14.9276 0
      vertex 75.6515 -14.8485 0
    endloop
  endfacet
  facet normal 0.242935 0.970042 -0
    outer loop
      vertex 76.2659 -15.1769 0
      vertex 76.1517 -15.1483 3.5
      vertex 76.2659 -15.1769 3.5
    endloop
  endfacet
  facet normal 0.242935 0.970042 0
    outer loop
      vertex 76.1517 -15.1483 3.5
      vertex 76.2659 -15.1769 0
      vertex 76.1517 -15.1483 0
    endloop
  endfacet
  facet normal -0.0492599 -0.998786 0
    outer loop
      vertex 76.5 -12.8 0
      vertex 76.6176 -12.8058 3.5
      vertex 76.5 -12.8 3.5
    endloop
  endfacet
  facet normal -0.0492599 -0.998786 -0
    outer loop
      vertex 76.6176 -12.8058 3.5
      vertex 76.5 -12.8 0
      vertex 76.6176 -12.8058 0
    endloop
  endfacet
  facet normal -0.903893 0.427758 0
    outer loop
      vertex 77.5583 -14.5657 0
      vertex 77.6087 -14.4592 3.5
      vertex 77.6087 -14.4592 0
    endloop
  endfacet
  facet normal -0.903893 0.427758 0
    outer loop
      vertex 77.6087 -14.4592 3.5
      vertex 77.5583 -14.5657 0
      vertex 77.5583 -14.5657 3.5
    endloop
  endfacet
  facet normal -0.671869 -0.74067 0
    outer loop
      vertex 77.2613 -13.0724 0
      vertex 77.3485 -13.1515 3.5
      vertex 77.2613 -13.0724 3.5
    endloop
  endfacet
  facet normal -0.671869 -0.74067 -0
    outer loop
      vertex 77.3485 -13.1515 3.5
      vertex 77.2613 -13.0724 0
      vertex 77.3485 -13.1515 0
    endloop
  endfacet
  facet normal -0.970042 0.242935 0
    outer loop
      vertex 77.6483 -14.3483 0
      vertex 77.6769 -14.2341 3.5
      vertex 77.6769 -14.2341 0
    endloop
  endfacet
  facet normal -0.970042 0.242935 0
    outer loop
      vertex 77.6769 -14.2341 3.5
      vertex 77.6483 -14.3483 0
      vertex 77.6483 -14.3483 3.5
    endloop
  endfacet
  facet normal -0.242935 0.970042 0
    outer loop
      vertex 76.8483 -15.1483 0
      vertex 76.7341 -15.1769 3.5
      vertex 76.8483 -15.1483 3.5
    endloop
  endfacet
  facet normal -0.242935 0.970042 0
    outer loop
      vertex 76.7341 -15.1769 3.5
      vertex 76.8483 -15.1483 0
      vertex 76.7341 -15.1769 0
    endloop
  endfacet
  facet normal -0.74067 0.671869 0
    outer loop
      vertex 77.3485 -14.8485 0
      vertex 77.4276 -14.7613 3.5
      vertex 77.4276 -14.7613 0
    endloop
  endfacet
  facet normal -0.74067 0.671869 0
    outer loop
      vertex 77.4276 -14.7613 3.5
      vertex 77.3485 -14.8485 0
      vertex 77.3485 -14.8485 3.5
    endloop
  endfacet
  facet normal -0.857867 -0.513871 0
    outer loop
      vertex 77.5583 -13.4343 0
      vertex 77.4978 -13.3333 3.5
      vertex 77.4978 -13.3333 0
    endloop
  endfacet
  facet normal -0.857867 -0.513871 0
    outer loop
      vertex 77.4978 -13.3333 3.5
      vertex 77.5583 -13.4343 0
      vertex 77.5583 -13.4343 3.5
    endloop
  endfacet
  facet normal -0.857867 0.513871 0
    outer loop
      vertex 77.4978 -14.6667 0
      vertex 77.5583 -14.5657 3.5
      vertex 77.5583 -14.5657 0
    endloop
  endfacet
  facet normal -0.857867 0.513871 0
    outer loop
      vertex 77.5583 -14.5657 3.5
      vertex 77.4978 -14.6667 0
      vertex 77.4978 -14.6667 3.5
    endloop
  endfacet
  facet normal 0.595918 -0.803046 0
    outer loop
      vertex 75.7387 -13.0724 0
      vertex 75.8333 -13.0022 3.5
      vertex 75.7387 -13.0724 3.5
    endloop
  endfacet
  facet normal 0.595918 -0.803046 0
    outer loop
      vertex 75.8333 -13.0022 3.5
      vertex 75.7387 -13.0724 0
      vertex 75.8333 -13.0022 0
    endloop
  endfacet
  facet normal -0.0492599 0.998786 0
    outer loop
      vertex 76.6176 -15.1942 0
      vertex 76.5 -15.2 3.5
      vertex 76.6176 -15.1942 3.5
    endloop
  endfacet
  facet normal -0.0492599 0.998786 0
    outer loop
      vertex 76.5 -15.2 3.5
      vertex 76.6176 -15.1942 0
      vertex 76.5 -15.2 0
    endloop
  endfacet
  facet normal 0.970042 0.242935 0
    outer loop
      vertex 75.3517 -14.3483 3.5
      vertex 75.3231 -14.2341 0
      vertex 75.3231 -14.2341 3.5
    endloop
  endfacet
  facet normal 0.970042 0.242935 0
    outer loop
      vertex 75.3231 -14.2341 0
      vertex 75.3517 -14.3483 3.5
      vertex 75.3517 -14.3483 0
    endloop
  endfacet
  facet normal 0.671869 -0.74067 0
    outer loop
      vertex 75.6515 -13.1515 0
      vertex 75.7387 -13.0724 3.5
      vertex 75.6515 -13.1515 3.5
    endloop
  endfacet
  facet normal 0.671869 -0.74067 0
    outer loop
      vertex 75.7387 -13.0724 3.5
      vertex 75.6515 -13.1515 0
      vertex 75.7387 -13.0724 0
    endloop
  endfacet
  facet normal 0.513871 0.857867 -0
    outer loop
      vertex 75.9343 -15.0583 0
      vertex 75.8333 -14.9978 3.5
      vertex 75.9343 -15.0583 3.5
    endloop
  endfacet
  facet normal 0.513871 0.857867 0
    outer loop
      vertex 75.8333 -14.9978 3.5
      vertex 75.9343 -15.0583 0
      vertex 75.8333 -14.9978 0
    endloop
  endfacet
  facet normal 0.336283 0.941761 -0
    outer loop
      vertex 76.1517 -15.1483 0
      vertex 76.0408 -15.1087 3.5
      vertex 76.1517 -15.1483 3.5
    endloop
  endfacet
  facet normal 0.336283 0.941761 0
    outer loop
      vertex 76.0408 -15.1087 3.5
      vertex 76.1517 -15.1483 0
      vertex 76.0408 -15.1087 0
    endloop
  endfacet
  facet normal 0.513871 -0.857867 0
    outer loop
      vertex 75.8333 -13.0022 0
      vertex 75.9343 -12.9417 3.5
      vertex 75.8333 -13.0022 3.5
    endloop
  endfacet
  facet normal 0.513871 -0.857867 0
    outer loop
      vertex 75.9343 -12.9417 3.5
      vertex 75.8333 -13.0022 0
      vertex 75.9343 -12.9417 0
    endloop
  endfacet
  facet normal 0.970042 -0.242935 0
    outer loop
      vertex 75.3231 -13.7659 3.5
      vertex 75.3517 -13.6517 0
      vertex 75.3517 -13.6517 3.5
    endloop
  endfacet
  facet normal 0.970042 -0.242935 0
    outer loop
      vertex 75.3517 -13.6517 0
      vertex 75.3231 -13.7659 3.5
      vertex 75.3231 -13.7659 0
    endloop
  endfacet
  facet normal -0.941761 0.336283 0
    outer loop
      vertex 77.6087 -14.4592 0
      vertex 77.6483 -14.3483 3.5
      vertex 77.6483 -14.3483 0
    endloop
  endfacet
  facet normal -0.941761 0.336283 0
    outer loop
      vertex 77.6483 -14.3483 3.5
      vertex 77.6087 -14.4592 0
      vertex 77.6087 -14.4592 3.5
    endloop
  endfacet
  facet normal 0.427758 0.903893 -0
    outer loop
      vertex 76.0408 -15.1087 0
      vertex 75.9343 -15.0583 3.5
      vertex 76.0408 -15.1087 3.5
    endloop
  endfacet
  facet normal 0.427758 0.903893 0
    outer loop
      vertex 75.9343 -15.0583 3.5
      vertex 76.0408 -15.1087 0
      vertex 75.9343 -15.0583 0
    endloop
  endfacet
  facet normal 0.989153 -0.146887 0
    outer loop
      vertex 75.3058 -13.8824 3.5
      vertex 75.3231 -13.7659 0
      vertex 75.3231 -13.7659 3.5
    endloop
  endfacet
  facet normal 0.989153 -0.146887 0
    outer loop
      vertex 75.3231 -13.7659 0
      vertex 75.3058 -13.8824 3.5
      vertex 75.3058 -13.8824 0
    endloop
  endfacet
  facet normal 0.998786 -0.0492599 0
    outer loop
      vertex 75.3 -14 3.5
      vertex 75.3058 -13.8824 0
      vertex 75.3058 -13.8824 3.5
    endloop
  endfacet
  facet normal 0.998786 -0.0492599 0
    outer loop
      vertex 75.3058 -13.8824 0
      vertex 75.3 -14 3.5
      vertex 75.3 -14 0
    endloop
  endfacet
  facet normal -0.242935 -0.970042 0
    outer loop
      vertex 76.7341 -12.8231 0
      vertex 76.8483 -12.8517 3.5
      vertex 76.7341 -12.8231 3.5
    endloop
  endfacet
  facet normal -0.242935 -0.970042 -0
    outer loop
      vertex 76.8483 -12.8517 3.5
      vertex 76.7341 -12.8231 0
      vertex 76.8483 -12.8517 0
    endloop
  endfacet
  facet normal 0.803046 -0.595918 0
    outer loop
      vertex 75.5022 -13.3333 3.5
      vertex 75.5724 -13.2387 0
      vertex 75.5724 -13.2387 3.5
    endloop
  endfacet
  facet normal 0.803046 -0.595918 0
    outer loop
      vertex 75.5724 -13.2387 0
      vertex 75.5022 -13.3333 3.5
      vertex 75.5022 -13.3333 0
    endloop
  endfacet
  facet normal -0.989153 0.146887 0
    outer loop
      vertex 77.6769 13.7659 0
      vertex 77.6942 13.8824 3.5
      vertex 77.6942 13.8824 0
    endloop
  endfacet
  facet normal -0.989153 0.146887 0
    outer loop
      vertex 77.6942 13.8824 3.5
      vertex 77.6769 13.7659 0
      vertex 77.6769 13.7659 3.5
    endloop
  endfacet
  facet normal -0.336283 0.941761 0
    outer loop
      vertex 76.9592 12.8913 0
      vertex 76.8483 12.8517 3.5
      vertex 76.9592 12.8913 3.5
    endloop
  endfacet
  facet normal -0.336283 0.941761 0
    outer loop
      vertex 76.8483 12.8517 3.5
      vertex 76.9592 12.8913 0
      vertex 76.8483 12.8517 0
    endloop
  endfacet
  facet normal 0.857867 0.513871 0
    outer loop
      vertex 75.5022 13.3333 3.5
      vertex 75.4417 13.4343 0
      vertex 75.4417 13.4343 3.5
    endloop
  endfacet
  facet normal 0.857867 0.513871 0
    outer loop
      vertex 75.4417 13.4343 0
      vertex 75.5022 13.3333 3.5
      vertex 75.5022 13.3333 0
    endloop
  endfacet
  facet normal 0.242935 -0.970042 0
    outer loop
      vertex 76.1517 15.1483 0
      vertex 76.2659 15.1769 3.5
      vertex 76.1517 15.1483 3.5
    endloop
  endfacet
  facet normal 0.242935 -0.970042 0
    outer loop
      vertex 76.2659 15.1769 3.5
      vertex 76.1517 15.1483 0
      vertex 76.2659 15.1769 0
    endloop
  endfacet
  facet normal 0.989153 0.146887 0
    outer loop
      vertex 75.3231 13.7659 3.5
      vertex 75.3058 13.8824 0
      vertex 75.3058 13.8824 3.5
    endloop
  endfacet
  facet normal 0.989153 0.146887 0
    outer loop
      vertex 75.3058 13.8824 0
      vertex 75.3231 13.7659 3.5
      vertex 75.3231 13.7659 0
    endloop
  endfacet
  facet normal -0.513871 0.857867 0
    outer loop
      vertex 77.1667 13.0022 0
      vertex 77.0657 12.9417 3.5
      vertex 77.1667 13.0022 3.5
    endloop
  endfacet
  facet normal -0.513871 0.857867 0
    outer loop
      vertex 77.0657 12.9417 3.5
      vertex 77.1667 13.0022 0
      vertex 77.0657 12.9417 0
    endloop
  endfacet
  facet normal 0.671869 0.74067 -0
    outer loop
      vertex 75.7387 13.0724 0
      vertex 75.6515 13.1515 3.5
      vertex 75.7387 13.0724 3.5
    endloop
  endfacet
  facet normal 0.671869 0.74067 0
    outer loop
      vertex 75.6515 13.1515 3.5
      vertex 75.7387 13.0724 0
      vertex 75.6515 13.1515 0
    endloop
  endfacet
  facet normal -0.941761 -0.336283 0
    outer loop
      vertex 77.6483 14.3483 0
      vertex 77.6087 14.4592 3.5
      vertex 77.6087 14.4592 0
    endloop
  endfacet
  facet normal -0.941761 -0.336283 0
    outer loop
      vertex 77.6087 14.4592 3.5
      vertex 77.6483 14.3483 0
      vertex 77.6483 14.3483 3.5
    endloop
  endfacet
  facet normal 0.595918 -0.803046 0
    outer loop
      vertex 75.7387 14.9276 0
      vertex 75.8333 14.9978 3.5
      vertex 75.7387 14.9276 3.5
    endloop
  endfacet
  facet normal 0.595918 -0.803046 0
    outer loop
      vertex 75.8333 14.9978 3.5
      vertex 75.7387 14.9276 0
      vertex 75.8333 14.9978 0
    endloop
  endfacet
  facet normal -0.671869 -0.74067 0
    outer loop
      vertex 77.2613 14.9276 0
      vertex 77.3485 14.8485 3.5
      vertex 77.2613 14.9276 3.5
    endloop
  endfacet
  facet normal -0.671869 -0.74067 -0
    outer loop
      vertex 77.3485 14.8485 3.5
      vertex 77.2613 14.9276 0
      vertex 77.3485 14.8485 0
    endloop
  endfacet
  facet normal -0.242935 0.970042 0
    outer loop
      vertex 76.8483 12.8517 0
      vertex 76.7341 12.8231 3.5
      vertex 76.8483 12.8517 3.5
    endloop
  endfacet
  facet normal -0.242935 0.970042 0
    outer loop
      vertex 76.7341 12.8231 3.5
      vertex 76.8483 12.8517 0
      vertex 76.7341 12.8231 0
    endloop
  endfacet
  facet normal -0.336283 -0.941761 0
    outer loop
      vertex 76.8483 15.1483 0
      vertex 76.9592 15.1087 3.5
      vertex 76.8483 15.1483 3.5
    endloop
  endfacet
  facet normal -0.336283 -0.941761 -0
    outer loop
      vertex 76.9592 15.1087 3.5
      vertex 76.8483 15.1483 0
      vertex 76.9592 15.1087 0
    endloop
  endfacet
  facet normal -0.989153 -0.146887 0
    outer loop
      vertex 77.6942 14.1176 0
      vertex 77.6769 14.2341 3.5
      vertex 77.6769 14.2341 0
    endloop
  endfacet
  facet normal -0.989153 -0.146887 0
    outer loop
      vertex 77.6769 14.2341 3.5
      vertex 77.6942 14.1176 0
      vertex 77.6942 14.1176 3.5
    endloop
  endfacet
  facet normal 0.513871 -0.857867 0
    outer loop
      vertex 75.8333 14.9978 0
      vertex 75.9343 15.0583 3.5
      vertex 75.8333 14.9978 3.5
    endloop
  endfacet
  facet normal 0.513871 -0.857867 0
    outer loop
      vertex 75.9343 15.0583 3.5
      vertex 75.8333 14.9978 0
      vertex 75.9343 15.0583 0
    endloop
  endfacet
  facet normal -0.0492599 -0.998786 0
    outer loop
      vertex 76.5 15.2 0
      vertex 76.6176 15.1942 3.5
      vertex 76.5 15.2 3.5
    endloop
  endfacet
  facet normal -0.0492599 -0.998786 -0
    outer loop
      vertex 76.6176 15.1942 3.5
      vertex 76.5 15.2 0
      vertex 76.6176 15.1942 0
    endloop
  endfacet
  facet normal -0.998786 -0.0492599 0
    outer loop
      vertex 77.7 14 0
      vertex 77.6942 14.1176 3.5
      vertex 77.6942 14.1176 0
    endloop
  endfacet
  facet normal -0.998786 -0.0492599 0
    outer loop
      vertex 77.6942 14.1176 3.5
      vertex 77.7 14 0
      vertex 77.7 14 3.5
    endloop
  endfacet
  facet normal -0.595918 0.803046 0
    outer loop
      vertex 77.2613 13.0724 0
      vertex 77.1667 13.0022 3.5
      vertex 77.2613 13.0724 3.5
    endloop
  endfacet
  facet normal -0.595918 0.803046 0
    outer loop
      vertex 77.1667 13.0022 3.5
      vertex 77.2613 13.0724 0
      vertex 77.1667 13.0022 0
    endloop
  endfacet
  facet normal 0.803046 0.595918 0
    outer loop
      vertex 75.5724 13.2387 3.5
      vertex 75.5022 13.3333 0
      vertex 75.5022 13.3333 3.5
    endloop
  endfacet
  facet normal 0.803046 0.595918 0
    outer loop
      vertex 75.5022 13.3333 0
      vertex 75.5724 13.2387 3.5
      vertex 75.5724 13.2387 0
    endloop
  endfacet
  facet normal 0.970042 0.242935 0
    outer loop
      vertex 75.3517 13.6517 3.5
      vertex 75.3231 13.7659 0
      vertex 75.3231 13.7659 3.5
    endloop
  endfacet
  facet normal 0.970042 0.242935 0
    outer loop
      vertex 75.3231 13.7659 0
      vertex 75.3517 13.6517 3.5
      vertex 75.3517 13.6517 0
    endloop
  endfacet
  facet normal 0.857867 -0.513871 0
    outer loop
      vertex 75.4417 14.5657 3.5
      vertex 75.5022 14.6667 0
      vertex 75.5022 14.6667 3.5
    endloop
  endfacet
  facet normal 0.857867 -0.513871 0
    outer loop
      vertex 75.5022 14.6667 0
      vertex 75.4417 14.5657 3.5
      vertex 75.4417 14.5657 0
    endloop
  endfacet
  facet normal -0.427758 -0.903893 0
    outer loop
      vertex 76.9592 15.1087 0
      vertex 77.0657 15.0583 3.5
      vertex 76.9592 15.1087 3.5
    endloop
  endfacet
  facet normal -0.427758 -0.903893 -0
    outer loop
      vertex 77.0657 15.0583 3.5
      vertex 76.9592 15.1087 0
      vertex 77.0657 15.0583 0
    endloop
  endfacet
  facet normal -0.803046 0.595918 0
    outer loop
      vertex 77.4276 13.2387 0
      vertex 77.4978 13.3333 3.5
      vertex 77.4978 13.3333 0
    endloop
  endfacet
  facet normal -0.803046 0.595918 0
    outer loop
      vertex 77.4978 13.3333 3.5
      vertex 77.4276 13.2387 0
      vertex 77.4276 13.2387 3.5
    endloop
  endfacet
  facet normal -0.242935 -0.970042 0
    outer loop
      vertex 76.7341 15.1769 0
      vertex 76.8483 15.1483 3.5
      vertex 76.7341 15.1769 3.5
    endloop
  endfacet
  facet normal -0.242935 -0.970042 -0
    outer loop
      vertex 76.8483 15.1483 3.5
      vertex 76.7341 15.1769 0
      vertex 76.8483 15.1483 0
    endloop
  endfacet
  facet normal 0.0492599 -0.998786 0
    outer loop
      vertex 76.3824 15.1942 0
      vertex 76.5 15.2 3.5
      vertex 76.3824 15.1942 3.5
    endloop
  endfacet
  facet normal 0.0492599 -0.998786 0
    outer loop
      vertex 76.5 15.2 3.5
      vertex 76.3824 15.1942 0
      vertex 76.5 15.2 0
    endloop
  endfacet
  facet normal -0.857867 0.513871 0
    outer loop
      vertex 77.4978 13.3333 0
      vertex 77.5583 13.4343 3.5
      vertex 77.5583 13.4343 0
    endloop
  endfacet
  facet normal -0.857867 0.513871 0
    outer loop
      vertex 77.5583 13.4343 3.5
      vertex 77.4978 13.3333 0
      vertex 77.4978 13.3333 3.5
    endloop
  endfacet
  facet normal -0.970042 -0.242935 0
    outer loop
      vertex 77.6769 14.2341 0
      vertex 77.6483 14.3483 3.5
      vertex 77.6483 14.3483 0
    endloop
  endfacet
  facet normal -0.970042 -0.242935 0
    outer loop
      vertex 77.6483 14.3483 3.5
      vertex 77.6769 14.2341 0
      vertex 77.6769 14.2341 3.5
    endloop
  endfacet
  facet normal -0.146887 0.989153 0
    outer loop
      vertex 76.7341 12.8231 0
      vertex 76.6176 12.8058 3.5
      vertex 76.7341 12.8231 3.5
    endloop
  endfacet
  facet normal -0.146887 0.989153 0
    outer loop
      vertex 76.6176 12.8058 3.5
      vertex 76.7341 12.8231 0
      vertex 76.6176 12.8058 0
    endloop
  endfacet
  facet normal 0.989153 -0.146887 0
    outer loop
      vertex 75.3058 14.1176 3.5
      vertex 75.3231 14.2341 0
      vertex 75.3231 14.2341 3.5
    endloop
  endfacet
  facet normal 0.989153 -0.146887 0
    outer loop
      vertex 75.3231 14.2341 0
      vertex 75.3058 14.1176 3.5
      vertex 75.3058 14.1176 0
    endloop
  endfacet
  facet normal 0.336283 -0.941761 0
    outer loop
      vertex 76.0408 15.1087 0
      vertex 76.1517 15.1483 3.5
      vertex 76.0408 15.1087 3.5
    endloop
  endfacet
  facet normal 0.336283 -0.941761 0
    outer loop
      vertex 76.1517 15.1483 3.5
      vertex 76.0408 15.1087 0
      vertex 76.1517 15.1483 0
    endloop
  endfacet
  facet normal 0.941761 -0.336283 0
    outer loop
      vertex 75.3517 14.3483 3.5
      vertex 75.3913 14.4592 0
      vertex 75.3913 14.4592 3.5
    endloop
  endfacet
  facet normal 0.941761 -0.336283 0
    outer loop
      vertex 75.3913 14.4592 0
      vertex 75.3517 14.3483 3.5
      vertex 75.3517 14.3483 0
    endloop
  endfacet
  facet normal 0.74067 0.671869 0
    outer loop
      vertex 75.6515 13.1515 3.5
      vertex 75.5724 13.2387 0
      vertex 75.5724 13.2387 3.5
    endloop
  endfacet
  facet normal 0.74067 0.671869 0
    outer loop
      vertex 75.5724 13.2387 0
      vertex 75.6515 13.1515 3.5
      vertex 75.6515 13.1515 0
    endloop
  endfacet
  facet normal 0.146887 -0.989153 0
    outer loop
      vertex 76.2659 15.1769 0
      vertex 76.3824 15.1942 3.5
      vertex 76.2659 15.1769 3.5
    endloop
  endfacet
  facet normal 0.146887 -0.989153 0
    outer loop
      vertex 76.3824 15.1942 3.5
      vertex 76.2659 15.1769 0
      vertex 76.3824 15.1942 0
    endloop
  endfacet
  facet normal -0.595918 -0.803046 0
    outer loop
      vertex 77.1667 14.9978 0
      vertex 77.2613 14.9276 3.5
      vertex 77.1667 14.9978 3.5
    endloop
  endfacet
  facet normal -0.595918 -0.803046 -0
    outer loop
      vertex 77.2613 14.9276 3.5
      vertex 77.1667 14.9978 0
      vertex 77.2613 14.9276 0
    endloop
  endfacet
  facet normal 0.427758 -0.903893 0
    outer loop
      vertex 75.9343 15.0583 0
      vertex 76.0408 15.1087 3.5
      vertex 75.9343 15.0583 3.5
    endloop
  endfacet
  facet normal 0.427758 -0.903893 0
    outer loop
      vertex 76.0408 15.1087 3.5
      vertex 75.9343 15.0583 0
      vertex 76.0408 15.1087 0
    endloop
  endfacet
  facet normal -0.146887 -0.989153 0
    outer loop
      vertex 76.6176 15.1942 0
      vertex 76.7341 15.1769 3.5
      vertex 76.6176 15.1942 3.5
    endloop
  endfacet
  facet normal -0.146887 -0.989153 -0
    outer loop
      vertex 76.7341 15.1769 3.5
      vertex 76.6176 15.1942 0
      vertex 76.7341 15.1769 0
    endloop
  endfacet
  facet normal 0.513871 0.857867 -0
    outer loop
      vertex 75.9343 12.9417 0
      vertex 75.8333 13.0022 3.5
      vertex 75.9343 12.9417 3.5
    endloop
  endfacet
  facet normal 0.513871 0.857867 0
    outer loop
      vertex 75.8333 13.0022 3.5
      vertex 75.9343 12.9417 0
      vertex 75.8333 13.0022 0
    endloop
  endfacet
  facet normal 0.903893 0.427758 0
    outer loop
      vertex 75.4417 13.4343 3.5
      vertex 75.3913 13.5408 0
      vertex 75.3913 13.5408 3.5
    endloop
  endfacet
  facet normal 0.903893 0.427758 0
    outer loop
      vertex 75.3913 13.5408 0
      vertex 75.4417 13.4343 3.5
      vertex 75.4417 13.4343 0
    endloop
  endfacet
  facet normal 0.998786 0.0492599 0
    outer loop
      vertex 75.3058 13.8824 3.5
      vertex 75.3 14 0
      vertex 75.3 14 3.5
    endloop
  endfacet
  facet normal 0.998786 0.0492599 0
    outer loop
      vertex 75.3 14 0
      vertex 75.3058 13.8824 3.5
      vertex 75.3058 13.8824 0
    endloop
  endfacet
  facet normal -0.857867 -0.513871 0
    outer loop
      vertex 77.5583 14.5657 0
      vertex 77.4978 14.6667 3.5
      vertex 77.4978 14.6667 0
    endloop
  endfacet
  facet normal -0.857867 -0.513871 0
    outer loop
      vertex 77.4978 14.6667 3.5
      vertex 77.5583 14.5657 0
      vertex 77.5583 14.5657 3.5
    endloop
  endfacet
  facet normal -0.513871 -0.857867 0
    outer loop
      vertex 77.0657 15.0583 0
      vertex 77.1667 14.9978 3.5
      vertex 77.0657 15.0583 3.5
    endloop
  endfacet
  facet normal -0.513871 -0.857867 -0
    outer loop
      vertex 77.1667 14.9978 3.5
      vertex 77.0657 15.0583 0
      vertex 77.1667 14.9978 0
    endloop
  endfacet
  facet normal -0.998786 0.0492599 0
    outer loop
      vertex 77.6942 13.8824 0
      vertex 77.7 14 3.5
      vertex 77.7 14 0
    endloop
  endfacet
  facet normal -0.998786 0.0492599 0
    outer loop
      vertex 77.7 14 3.5
      vertex 77.6942 13.8824 0
      vertex 77.6942 13.8824 3.5
    endloop
  endfacet
  facet normal -0.970042 0.242935 0
    outer loop
      vertex 77.6483 13.6517 0
      vertex 77.6769 13.7659 3.5
      vertex 77.6769 13.7659 0
    endloop
  endfacet
  facet normal -0.970042 0.242935 0
    outer loop
      vertex 77.6769 13.7659 3.5
      vertex 77.6483 13.6517 0
      vertex 77.6483 13.6517 3.5
    endloop
  endfacet
  facet normal -0.903893 0.427758 0
    outer loop
      vertex 77.5583 13.4343 0
      vertex 77.6087 13.5408 3.5
      vertex 77.6087 13.5408 0
    endloop
  endfacet
  facet normal -0.903893 0.427758 0
    outer loop
      vertex 77.6087 13.5408 3.5
      vertex 77.5583 13.4343 0
      vertex 77.5583 13.4343 3.5
    endloop
  endfacet
  facet normal 0.998786 -0.0492599 0
    outer loop
      vertex 75.3 14 3.5
      vertex 75.3058 14.1176 0
      vertex 75.3058 14.1176 3.5
    endloop
  endfacet
  facet normal 0.998786 -0.0492599 0
    outer loop
      vertex 75.3058 14.1176 0
      vertex 75.3 14 3.5
      vertex 75.3 14 0
    endloop
  endfacet
  facet normal -0.0492599 0.998786 0
    outer loop
      vertex 76.6176 12.8058 0
      vertex 76.5 12.8 3.5
      vertex 76.6176 12.8058 3.5
    endloop
  endfacet
  facet normal -0.0492599 0.998786 0
    outer loop
      vertex 76.5 12.8 3.5
      vertex 76.6176 12.8058 0
      vertex 76.5 12.8 0
    endloop
  endfacet
  facet normal -0.903893 -0.427758 0
    outer loop
      vertex 77.6087 14.4592 0
      vertex 77.5583 14.5657 3.5
      vertex 77.5583 14.5657 0
    endloop
  endfacet
  facet normal -0.903893 -0.427758 0
    outer loop
      vertex 77.5583 14.5657 3.5
      vertex 77.6087 14.4592 0
      vertex 77.6087 14.4592 3.5
    endloop
  endfacet
  facet normal -0.803046 -0.595918 0
    outer loop
      vertex 77.4978 14.6667 0
      vertex 77.4276 14.7613 3.5
      vertex 77.4276 14.7613 0
    endloop
  endfacet
  facet normal -0.803046 -0.595918 0
    outer loop
      vertex 77.4276 14.7613 3.5
      vertex 77.4978 14.6667 0
      vertex 77.4978 14.6667 3.5
    endloop
  endfacet
  facet normal 0.970042 -0.242935 0
    outer loop
      vertex 75.3231 14.2341 3.5
      vertex 75.3517 14.3483 0
      vertex 75.3517 14.3483 3.5
    endloop
  endfacet
  facet normal 0.970042 -0.242935 0
    outer loop
      vertex 75.3517 14.3483 0
      vertex 75.3231 14.2341 3.5
      vertex 75.3231 14.2341 0
    endloop
  endfacet
  facet normal 0.336283 0.941761 -0
    outer loop
      vertex 76.1517 12.8517 0
      vertex 76.0408 12.8913 3.5
      vertex 76.1517 12.8517 3.5
    endloop
  endfacet
  facet normal 0.336283 0.941761 0
    outer loop
      vertex 76.0408 12.8913 3.5
      vertex 76.1517 12.8517 0
      vertex 76.0408 12.8913 0
    endloop
  endfacet
  facet normal 0.0492599 0.998786 -0
    outer loop
      vertex 76.5 12.8 0
      vertex 76.3824 12.8058 3.5
      vertex 76.5 12.8 3.5
    endloop
  endfacet
  facet normal 0.0492599 0.998786 0
    outer loop
      vertex 76.3824 12.8058 3.5
      vertex 76.5 12.8 0
      vertex 76.3824 12.8058 0
    endloop
  endfacet
  facet normal 0.803046 -0.595918 0
    outer loop
      vertex 75.5022 14.6667 3.5
      vertex 75.5724 14.7613 0
      vertex 75.5724 14.7613 3.5
    endloop
  endfacet
  facet normal 0.803046 -0.595918 0
    outer loop
      vertex 75.5724 14.7613 0
      vertex 75.5022 14.6667 3.5
      vertex 75.5022 14.6667 0
    endloop
  endfacet
  facet normal 0.74067 -0.671869 0
    outer loop
      vertex 75.5724 14.7613 3.5
      vertex 75.6515 14.8485 0
      vertex 75.6515 14.8485 3.5
    endloop
  endfacet
  facet normal 0.74067 -0.671869 0
    outer loop
      vertex 75.6515 14.8485 0
      vertex 75.5724 14.7613 3.5
      vertex 75.5724 14.7613 0
    endloop
  endfacet
  facet normal 0.671869 -0.74067 0
    outer loop
      vertex 75.6515 14.8485 0
      vertex 75.7387 14.9276 3.5
      vertex 75.6515 14.8485 3.5
    endloop
  endfacet
  facet normal 0.671869 -0.74067 0
    outer loop
      vertex 75.7387 14.9276 3.5
      vertex 75.6515 14.8485 0
      vertex 75.7387 14.9276 0
    endloop
  endfacet
  facet normal 0.903893 -0.427758 0
    outer loop
      vertex 75.3913 14.4592 3.5
      vertex 75.4417 14.5657 0
      vertex 75.4417 14.5657 3.5
    endloop
  endfacet
  facet normal 0.903893 -0.427758 0
    outer loop
      vertex 75.4417 14.5657 0
      vertex 75.3913 14.4592 3.5
      vertex 75.3913 14.4592 0
    endloop
  endfacet
  facet normal -0.74067 -0.671869 0
    outer loop
      vertex 77.4276 14.7613 0
      vertex 77.3485 14.8485 3.5
      vertex 77.3485 14.8485 0
    endloop
  endfacet
  facet normal -0.74067 -0.671869 0
    outer loop
      vertex 77.3485 14.8485 3.5
      vertex 77.4276 14.7613 0
      vertex 77.4276 14.7613 3.5
    endloop
  endfacet
  facet normal 0.941761 0.336283 0
    outer loop
      vertex 75.3913 13.5408 3.5
      vertex 75.3517 13.6517 0
      vertex 75.3517 13.6517 3.5
    endloop
  endfacet
  facet normal 0.941761 0.336283 0
    outer loop
      vertex 75.3517 13.6517 0
      vertex 75.3913 13.5408 3.5
      vertex 75.3913 13.5408 0
    endloop
  endfacet
  facet normal -0.671869 0.74067 0
    outer loop
      vertex 77.3485 13.1515 0
      vertex 77.2613 13.0724 3.5
      vertex 77.3485 13.1515 3.5
    endloop
  endfacet
  facet normal -0.671869 0.74067 0
    outer loop
      vertex 77.2613 13.0724 3.5
      vertex 77.3485 13.1515 0
      vertex 77.2613 13.0724 0
    endloop
  endfacet
  facet normal -0.941761 0.336283 0
    outer loop
      vertex 77.6087 13.5408 0
      vertex 77.6483 13.6517 3.5
      vertex 77.6483 13.6517 0
    endloop
  endfacet
  facet normal -0.941761 0.336283 0
    outer loop
      vertex 77.6483 13.6517 3.5
      vertex 77.6087 13.5408 0
      vertex 77.6087 13.5408 3.5
    endloop
  endfacet
  facet normal -0.427758 0.903893 0
    outer loop
      vertex 77.0657 12.9417 0
      vertex 76.9592 12.8913 3.5
      vertex 77.0657 12.9417 3.5
    endloop
  endfacet
  facet normal -0.427758 0.903893 0
    outer loop
      vertex 76.9592 12.8913 3.5
      vertex 77.0657 12.9417 0
      vertex 76.9592 12.8913 0
    endloop
  endfacet
  facet normal 0.427758 0.903893 -0
    outer loop
      vertex 76.0408 12.8913 0
      vertex 75.9343 12.9417 3.5
      vertex 76.0408 12.8913 3.5
    endloop
  endfacet
  facet normal 0.427758 0.903893 0
    outer loop
      vertex 75.9343 12.9417 3.5
      vertex 76.0408 12.8913 0
      vertex 75.9343 12.9417 0
    endloop
  endfacet
  facet normal 0.242935 0.970042 -0
    outer loop
      vertex 76.2659 12.8231 0
      vertex 76.1517 12.8517 3.5
      vertex 76.2659 12.8231 3.5
    endloop
  endfacet
  facet normal 0.242935 0.970042 0
    outer loop
      vertex 76.1517 12.8517 3.5
      vertex 76.2659 12.8231 0
      vertex 76.1517 12.8517 0
    endloop
  endfacet
  facet normal 0.595918 0.803046 -0
    outer loop
      vertex 75.8333 13.0022 0
      vertex 75.7387 13.0724 3.5
      vertex 75.8333 13.0022 3.5
    endloop
  endfacet
  facet normal 0.595918 0.803046 0
    outer loop
      vertex 75.7387 13.0724 3.5
      vertex 75.8333 13.0022 0
      vertex 75.7387 13.0724 0
    endloop
  endfacet
  facet normal 0.146887 0.989153 -0
    outer loop
      vertex 76.3824 12.8058 0
      vertex 76.2659 12.8231 3.5
      vertex 76.3824 12.8058 3.5
    endloop
  endfacet
  facet normal 0.146887 0.989153 0
    outer loop
      vertex 76.2659 12.8231 3.5
      vertex 76.3824 12.8058 0
      vertex 76.2659 12.8231 0
    endloop
  endfacet
  facet normal -0.74067 0.671869 0
    outer loop
      vertex 77.3485 13.1515 0
      vertex 77.4276 13.2387 3.5
      vertex 77.4276 13.2387 0
    endloop
  endfacet
  facet normal -0.74067 0.671869 0
    outer loop
      vertex 77.4276 13.2387 3.5
      vertex 77.3485 13.1515 0
      vertex 77.3485 13.1515 3.5
    endloop
  endfacet
  facet normal -1 0 0
    outer loop
      vertex 57.6 -10 0
      vertex 57.6 10 3.5
      vertex 57.6 10 0
    endloop
  endfacet
  facet normal -1 -0 0
    outer loop
      vertex 57.6 10 3.5
      vertex 57.6 -10 0
      vertex 57.6 -10 3.5
    endloop
  endfacet
  facet normal 1 -0 0
    outer loop
      vertex 56 -10 3.5
      vertex 56 10 0
      vertex 56 10 3.5
    endloop
  endfacet
  facet normal 1 0 0
    outer loop
      vertex 56 10 0
      vertex 56 -10 3.5
      vertex 56 -10 0
    endloop
  endfacet
  facet normal 0 -1 0
    outer loop
      vertex 56 10 0
      vertex 57.6 10 3.5
      vertex 56 10 3.5
    endloop
  endfacet
  facet normal 0 -1 -0
    outer loop
      vertex 57.6 10 3.5
      vertex 56 10 0
      vertex 57.6 10 0
    endloop
  endfacet
  facet normal 0 1 -0
    outer loop
      vertex 57.6 -10 0
      vertex 56 -10 3.5
      vertex 57.6 -10 3.5
    endloop
  endfacet
  facet normal 0 1 0
    outer loop
      vertex 56 -10 3.5
      vertex 57.6 -10 0
      vertex 56 -10 0
    endloop
  endfacet
  facet normal -1 0 0
    outer loop
      vertex 61.6 -10 0
      vertex 61.6 10 3.5
      vertex 61.6 10 0
    endloop
  endfacet
  facet normal -1 -0 0
    outer loop
      vertex 61.6 10 3.5
      vertex 61.6 -10 0
      vertex 61.6 -10 3.5
    endloop
  endfacet
  facet normal 1 -0 0
    outer loop
      vertex 60 -10 3.5
      vertex 60 10 0
      vertex 60 10 3.5
    endloop
  endfacet
  facet normal 1 0 0
    outer loop
      vertex 60 10 0
      vertex 60 -10 3.5
      vertex 60 -10 0
    endloop
  endfacet
  facet normal 0 -1 0
    outer loop
      vertex 60 10 0
      vertex 61.6 10 3.5
      vertex 60 10 3.5
    endloop
  endfacet
  facet normal 0 -1 -0
    outer loop
      vertex 61.6 10 3.5
      vertex 60 10 0
      vertex 61.6 10 0
    endloop
  endfacet
  facet normal 0 1 -0
    outer loop
      vertex 61.6 -10 0
      vertex 60 -10 3.5
      vertex 61.6 -10 3.5
    endloop
  endfacet
  facet normal 0 1 0
    outer loop
      vertex 60 -10 3.5
      vertex 61.6 -10 0
      vertex 60 -10 0
    endloop
  endfacet
  facet normal -1 0 0
    outer loop
      vertex 65.6 -10 0
      vertex 65.6 10 3.5
      vertex 65.6 10 0
    endloop
  endfacet
  facet normal -1 -0 0
    outer loop
      vertex 65.6 10 3.5
      vertex 65.6 -10 0
      vertex 65.6 -10 3.5
    endloop
  endfacet
  facet normal 1 -0 0
    outer loop
      vertex 64 -10 3.5
      vertex 64 10 0
      vertex 64 10 3.5
    endloop
  endfacet
  facet normal 1 0 0
    outer loop
      vertex 64 10 0
      vertex 64 -10 3.5
      vertex 64 -10 0
    endloop
  endfacet
  facet normal 0 -1 0
    outer loop
      vertex 64 10 0
      vertex 65.6 10 3.5
      vertex 64 10 3.5
    endloop
  endfacet
  facet normal 0 -1 -0
    outer loop
      vertex 65.6 10 3.5
      vertex 64 10 0
      vertex 65.6 10 0
    endloop
  endfacet
  facet normal 0 1 -0
    outer loop
      vertex 65.6 -10 0
      vertex 64 -10 3.5
      vertex 65.6 -10 3.5
    endloop
  endfacet
  facet normal 0 1 0
    outer loop
      vertex 64 -10 3.5
      vertex 65.6 -10 0
      vertex 64 -10 0
    endloop
  endfacet
  facet normal -1 0 0
    outer loop
      vertex 69.6 -10 0
      vertex 69.6 10 3.5
      vertex 69.6 10 0
    endloop
  endfacet
  facet normal -1 -0 0
    outer loop
      vertex 69.6 10 3.5
      vertex 69.6 -10 0
      vertex 69.6 -10 3.5
    endloop
  endfacet
  facet normal 1 -0 0
    outer loop
      vertex 68 -10 3.5
      vertex 68 10 0
      vertex 68 10 3.5
    endloop
  endfacet
  facet normal 1 0 0
    outer loop
      vertex 68 10 0
      vertex 68 -10 3.5
      vertex 68 -10 0
    endloop
  endfacet
  facet normal 0 -1 0
    outer loop
      vertex 68 10 0
      vertex 69.6 10 3.5
      vertex 68 10 3.5
    endloop
  endfacet
  facet normal 0 -1 -0
    outer loop
      vertex 69.6 10 3.5
      vertex 68 10 0
      vertex 69.6 10 0
    endloop
  endfacet
  facet normal 0 1 -0
    outer loop
      vertex 69.6 -10 0
      vertex 68 -10 3.5
      vertex 69.6 -10 3.5
    endloop
  endfacet
  facet normal 0 1 0
    outer loop
      vertex 68 -10 3.5
      vertex 69.6 -10 0
      vertex 68 -10 0
    endloop
  endfacet
  facet normal 0 0 1
    outer loop
      vertex 8.37922 10.0056 9.5
      vertex -8.37922 -10.0056 9.5
      vertex 10.0056 8.37922 9.5
    endloop
  endfacet
  facet normal 0 -0 1
    outer loop
      vertex -8.37922 -10.0056 9.5
      vertex 8.37922 10.0056 9.5
      vertex -10.0056 -8.37922 9.5
    endloop
  endfacet
  facet normal 0.707107 0.707107 0
    outer loop
      vertex -8.37922 -10.0056 11.3
      vertex -10.0056 -8.37922 9.5
      vertex -10.0056 -8.37922 11.3
    endloop
  endfacet
  facet normal 0.707107 0.707107 0
    outer loop
      vertex -10.0056 -8.37922 9.5
      vertex -8.37922 -10.0056 11.3
      vertex -8.37922 -10.0056 9.5
    endloop
  endfacet
  facet normal 0.707107 -0.707107 0
    outer loop
      vertex -10.0056 -8.37922 11.3
      vertex 8.37922 10.0056 9.5
      vertex 8.37922 10.0056 11.3
    endloop
  endfacet
  facet normal 0.707107 -0.707107 0
    outer loop
      vertex 8.37922 10.0056 9.5
      vertex -10.0056 -8.37922 11.3
      vertex -10.0056 -8.37922 9.5
    endloop
  endfacet
  facet normal -0.707107 0.707107 0
    outer loop
      vertex -8.37922 -10.0056 9.5
      vertex 10.0056 8.37922 11.3
      vertex 10.0056 8.37922 9.5
    endloop
  endfacet
  facet normal -0.707107 0.707107 0
    outer loop
      vertex 10.0056 8.37922 11.3
      vertex -8.37922 -10.0056 9.5
      vertex -8.37922 -10.0056 11.3
    endloop
  endfacet
  facet normal -0.707107 -0.707107 0
    outer loop
      vertex 10.0056 8.37922 9.5
      vertex 8.37922 10.0056 11.3
      vertex 8.37922 10.0056 9.5
    endloop
  endfacet
  facet normal -0.707107 -0.707107 0
    outer loop
      vertex 8.37922 10.0056 11.3
      vertex 10.0056 8.37922 9.5
      vertex 10.0056 8.37922 11.3
    endloop
  endfacet
  facet normal -1 0 0
    outer loop
      vertex 20.2 -8 4.5
      vertex 20.2 8 5.2
      vertex 20.2 8 4.5
    endloop
  endfacet
  facet normal -1 -0 0
    outer loop
      vertex 20.2 8 5.2
      vertex 20.2 -8 4.5
      vertex 20.2 -8 5.2
    endloop
  endfacet
  facet normal -0 0 1
    outer loop
      vertex 15.8 8 4.5
      vertex 20.2 -8 4.5
      vertex 20.2 8 4.5
    endloop
  endfacet
  facet normal 0 0 1
    outer loop
      vertex 20.2 -8 4.5
      vertex 15.8 8 4.5
      vertex 15.8 -8 4.5
    endloop
  endfacet
  facet normal 1 -0 0
    outer loop
      vertex 15.8 -8 5.2
      vertex 15.8 8 4.5
      vertex 15.8 8 5.2
    endloop
  endfacet
  facet normal 1 0 0
    outer loop
      vertex 15.8 8 4.5
      vertex 15.8 -8 5.2
      vertex 15.8 -8 4.5
    endloop
  endfacet
endsolid OpenSCAD_Model
